id,artist,title,cover_hash,alt_text,confidence,review_triggers,needs_review,approved,created_at,updated_at,confidence_explanation
12f0aeab-7fd9-45b2-b051-d9a8d3d2c972,Setting,Setting,0000111100001111000011110000111100001111000011110000011100001111,"Oval abstract art with red-pink and purple-blue gradients, horizontal stripes, and 3 sets of pink light-like dots on black back.",0,"[""bad image quality"", ""highly abstract artwork""]",t,t,2026-06-30 14:29:33.101,2026-07-11 17:54:54.927,"The image quality is low-resolution and grainy, making specific details (e.g., exact shape of dots, texture nuances) difficult to identify with certainty. The composition’s abstract nature also limits clear interpretation beyond basic color and form patterns."
4630c2e6-2cb3-4235-b2e1-987eb4539abd,Umut Adan,Başka Bahar,1101101011001100111001100110001100100011110111111110111011100110,Black-and-white motion-blurred photo featuring shapes suggesting an indistinct human form with descriptive album narrative blurb.,1,,f,t,2026-06-30 14:30:10.346,2026-07-12 23:36:28.959,
6e3c1dcf-efab-4d0f-9f4d-1c2bde3ddb8f,Maya Shenfeld,Under the Sun,0010001001101111011010010100100011101000110101000001101100111011,Abstract collage with lines forming a women silhouette and colorful organic shapes  on a dark background.,0,"[""ambiguous main visual element"", ""complex image with mixed media"", ""highly abstract artwork"", ""possible person misidentification"", ""unclear visual focus""]",f,t,2026-06-30 19:08:10.874,2026-07-12 11:46:47.79,
e57808c0-ed2f-440c-ab8d-2e0b9589ee74,Various Artists,Women Invented Noise III,0000010110001111110010011010110101100011011100010011001101110011,"Black-and-white photograph of people with raised arms; bold red text ""WOMEN INVENTED NOISE III"" overlaid at top.",1,,f,t,2026-06-30 14:38:49.014,2026-07-07 16:12:56.566,
8a62aba4-6ba0-4287-9d2f-05f4a95565c4,Tacoma Park,Baltimore,0000111000100110000101100011011001110010001100110011001000100110,"Layered, orange-tinted photographs of forests. ""TACOMA PARK"" appears in white sans-serif text, horizontally across the center.",0,"[""complex image with mixed media""]",f,t,2026-06-30 14:33:20.376,2026-07-08 14:57:15.688,
66efd503-d9f5-490e-ae87-35c187bf4021,Jan Jelinek,Social Engineering,1001101011110000110011001100010010010100110011001111000010010110,"Gray grid background with circular, distorted “social engineering” text split with its bottom half offset, making it hard to read.",0,"[""cannot read text confidently"", ""complex image with mixed media"", ""highly abstract artwork""]",f,t,2026-06-30 19:06:43.496,2026-07-12 11:46:47.79,
8896b174-99ad-4b91-81a0-fc3ec54e883c,The Shapiros,Gone By Fall: The Collected Works of The Shapiros,0001010100000111011110010111100100011101001100010011000100010011,Teal background with a central dog's head attached to a pipe structure with stick in its mouth; ornate black decorative border.,0,"[""unclear visual focus""]",f,t,2026-06-30 19:53:08.59,2026-07-12 23:21:26.148,
c2798833-d414-45fa-8cc0-5fda7b3a5e8e,ANGINE DE POITRINE,"""Fabienk"" b/w ""Mata Zyklek""",0100110100010001000110110110101100111001110110010110010101110011,Two pixelated motorcycle and rider figures in black and white on an orange background.,1,,f,t,2026-06-30 14:46:32.426,2026-07-12 23:36:28.959,
3ab33997-5c9e-4d0d-990a-70883b5c97f9,The Tubs,Dead Meat,0010010100101101111000101110001111001011110010111101001011000101,Four people around an old canon with a cityscape with tall buildings and water in back. Old styled letters of album artist names.,0,"[""ambiguous main visual element"", ""unclear visual focus""]",f,t,2026-07-01 01:47:44.168,2026-07-12 11:46:47.79,
2cff666e-0abe-4ea8-8ac3-140fa8bafdac,Savage Republic,Meteora,1101101010101110001010011011001000010110010011110110001101101001,"Big block text ""SAVAGE REPUBLIC"" a black background overlaying two gray crossing pirates swords and a gray star.",0,"[""ambiguous main visual element""]",f,t,2026-07-01 03:34:02.387,2026-07-12 11:46:47.79,
8d3006c8-7ef5-499b-bd50-d2d7087f898d,Chris Forsyth,Evolution Here We Come,0000011000100111110100111110001101000011110000111101110000010001,Nighttime photo of a courtyard illuminated by three glowing balloon lights with scattered car and building structures.,0,"[""unclear visual focus""]",f,t,2026-07-01 03:57:39.878,2026-07-12 11:46:47.79,
12e8d04f-fd95-45bf-ae15-3f7900a06fe4,Lucy Dacus,Home Video,0110001010100000100100111000111100001111100000110011100100111111,A dark theater interior with rows of empty red-brown seats and one person sitting with a large blue screen.,0,"[""ambiguous main visual element"", ""bad image quality"", ""possible person misidentification"", ""unclear visual focus""]",f,t,2026-07-01 06:07:20.019,2026-07-12 11:46:47.79,
bb280c06-37fe-4211-8cf2-f36db3bb236c,Jonas Reinhardt,A Ragged Ghost,1000111000010011001100111001011010010110000001110000111101001101,Black-and-white art of central hourglass and hands to the right and left holding a skull and butterfly with clouds underneath,0,"[""ambiguous main visual element"", ""complex image with mixed media"", ""highly abstract artwork"", ""unclear visual focus""]",f,t,2026-07-01 06:44:16.744,2026-07-12 11:46:47.79,
737a32de-7e44-49d0-9e00-c6dacaf38f21,Toro y Moi,MAHAL,0101001111010000000001110010111100001111001101110011011101100011,Rounded photo of a person on a jeepney with the Golden Gate Bridge; red background with artist and album text.,0,"[""unclear visual focus""]",f,t,2026-07-01 06:06:32.083,2026-07-12 23:21:26.148,
038f27c2-62bb-4788-a4a2-76051aa68243,Jeff Tweedy,Twilight Override,1000111000001111000100110011100100111001001110010010011000101111,"A black-and-white photograph of a white skinned man centered against a large, bright circular light on a dark, grainy background.",1,,f,t,2026-06-30 15:11:20.37,2026-07-12 23:36:28.959,
3ca6b869-0779-4baf-9737-8bd5bc87548d,James Moody,80 Years Young: Live at the Blue Note,0011010001111100010110110110001100100110011001111000011110110110,"A close-up photo of a bald man with glasses playing saxophone against a deep blue background. Artist, album name and a date shows.",1,,f,t,2026-06-30 15:05:20.564,2026-07-12 23:36:28.959,
1e0278e4-5ee1-4ff8-9cf2-a89c7d242cc2,Loula Yorke,Hydrology,1000000100000011010001110010011101000110100110111000111110000111,"Meandering light blue stream-like path flows through textured, grainy surfaces under soft, muted lighting and earthy browns",1,,f,t,2026-06-30 15:09:57.133,2026-07-12 23:36:28.959,
e4c4f853-885b-4f4b-9f68-08e27e8c8eeb,Richard Youngs,Hidden,1000011010000110100011111000011010001110100001101000011011000110,Black-and-white photograph of empty shoreline with tall reeds under an overcast sky. Lighter gray border outside photograph.,1,,f,t,2026-06-30 15:01:50.895,2026-07-08 14:57:15.688,
aca4fa25-5e68-4fe0-8fa1-d9f06a59b073,Emma Swift,The Resurrection Game,0101001100110011000111111000001110011001100010011110100001110000,"Person in black clothing lying on a solid teal background with arms extended; beige serif text ""EMMA SWIFT"" spans across center",1,,f,t,2026-06-30 15:15:28.15,2026-07-12 23:36:28.959,
9bfa4b19-109e-4ceb-86c9-a4820dc2c87e,Nation of Language,Dance Called Memory,0110000000010010000110111100100010111100101110010111111001111011,Close-up photo shows a hand holding a red cherry above crumpled brown paper bags filled with cherries on a blue quilted background,1,,f,t,2026-06-30 15:18:45.795,2026-07-12 23:36:28.959,
96e1e802-d561-4e4d-8191-c76fdc8fe1de,Still House Plants,"If I don't make it, I love u",1111000111111000001111000111110011111100000111000001110011100000,Abstract art with blurred swirling orange and yellow gradients surrounding a dark central form against a white background.,0,"[""highly abstract artwork""]",f,t,2026-06-30 19:34:29.417,2026-07-13 00:00:18.92,
14693352-4fa6-476f-9d68-9da91c6867e4,T. Gowdy,Miracles,0001100101001010110001110000011100100111000001110100011101000111,Indistinct light blue and gray shapes under a dark angular structure; no legible text/discernible subjects due to low resolution,0,"[""ambiguous main visual element"", ""bad image quality""]",t,t,2026-07-01 05:50:22.181,2026-07-12 14:27:54.402,"Image quality is too poor for confident identification of visual elements (shapes, colors, texture); main subject(s) are ambiguous. No readable text or definitive composition visible."
92d1fa91-a317-46da-8a81-a2faee77c941,Water Damage,Instruments,0010110110001101000111010100110110110101100010010000100100101001,Abstract thick turquoise-blue and red curving brushstrokes on a textured dark blue-purple background.,1,,f,t,2026-06-30 15:43:52.079,2026-07-12 23:36:28.959,
83138a26-96d3-4cb9-a079-2ff163803398,Preoccupations,Ill at ease,0000001100000011010000110100101101001001011000100011000100110001,"Swirling blue and teal patterns with dark geometric shapes. White text ""Ill at ease"" top-right, ""preoccs"" bottom-left.",0,"[""highly abstract artwork""]",f,t,2026-06-30 15:44:42.808,2026-07-08 14:57:15.688,Abstract composition.
9a6d055e-e7fb-473a-8133-9a70dae4ec40,Alsarah and the Nubatones,Seasons of the Road,0011011010001110100100111011001110111000100111010010010100100101,"Vibrant colorful image; roses scattered on pink orange background with ""SEASONS OF THE ROAD"" up and Arabic text down on green.",0,"[""complex image with mixed media"", ""highly abstract artwork""]",f,t,2026-06-30 15:51:51.532,2026-07-11 21:03:32.612,
793916da-1316-4950-8fc7-0f739d157c19,Yeule,Evangelic Girl is a Gun,1101100010001001100011001000011100000111010011010100101111111011,"A woman with a tattoo-like shirt, holds a handgun, seats cross-legged on wood in a monochrome photo with dark smoky background.",0,"[""ambiguous main visual element"", ""bad image quality"", ""unclear visual focus""]",f,t,2026-06-30 15:49:48.946,2026-07-11 23:34:46.76,
811d1be7-c9ef-4325-b101-f2c5dd8737b6,Film School,Field,0001011010011100101100011011001110000011101000010000000111111100,"Monochrome blurry trees against pale sky; white text across treetops reads ""FILM SCHOOL FIELD"".",0,"[""bad image quality""]",t,t,2026-06-30 22:41:58.954,2026-07-12 14:32:28.122,"The image quality is significantly blurred, making it difficult to confidently identify background details. The visual ambiguity prevents a definitive description of the text content or precise landscape features."
de6d9e84-d14f-421d-8259-8685fb005900,Mark Kirschenmann,Tonics: 7 Melodies for Trumpet with Bamboo Mouthpipe,1101001010010010000110001000011010000110100001101100001111000111,A man in a black beret plays a silver trumpet outdoors amid green grass and water within a yellow grid layout.,1,,f,t,2026-06-30 16:04:37.988,2026-07-12 23:36:28.959,
e87fe0c4-0d29-41f5-abe0-61f3b58212e9,Matmos,Metallic Life Review,1010000110100011001001110010011101100111000101100011111000110110,"A laboratory scene featuring reflective metallic surfaces, glass tubing, and spherical objects under warm lighting.",1,,f,t,2026-06-30 15:57:21.498,2026-07-12 23:36:28.959,
0507d9c7-cb00-49c4-8166-9ec58d8894b9,Alabaster DePlume,Come With Fierce Grace,1000110010110010001100111001111010100110001001111001111111011010,Central white circles on top of a border of 4 dragonflies and red and yellow flowers; lighter inner area with smal insects,0,"[""ambiguous main visual element""]",f,t,2026-06-30 22:08:07.413,2026-07-12 23:21:26.148,
18266e27-a61d-4157-92fb-4a09f0d6337e,Carlos Niño & Friends,"(I’m just) Chillin’, on Fire",1001001000001111001101110011011000010111010011111110011011110110,"Surreal collage with pink and teal background; blue-yellow swirling pattern, checkered floor with laying person; title on bottom",0,"[""ambiguous main visual element"", ""complex image with mixed media""]",f,t,2026-06-30 22:17:38.148,2026-07-12 23:21:26.148,
e9195588-bd67-4617-a797-b8bfadf65ed6,Big Blood,First Aid Kit,1101000011001000110110001101111011100110011001000101100101111100,"Ink illustration of two morphed abstract faces featuring skulls, a spine, and floral and geometric patterns with green background.",0,"[""ambiguous main visual element"", ""unclear visual focus""]",f,t,2026-06-30 23:15:42.502,2026-07-12 23:21:26.148,
de37a119-0034-4b4d-a930-ebf65eb259b1,Rickie Lee Jones,Pieces of Treasure,0101010000110001001101000011000011100111011111110001100100011011,"Black-and-white photo of a woman in sunglasses with strapless top beside another person, whose hand holds money against her chest.",0,"[""ambiguous main visual element"", ""possible person misidentification"", ""unclear visual focus""]",f,t,2026-07-01 00:18:35.862,2026-07-12 23:21:26.148,
fe73d00a-5597-44cf-93f8-a2706a71a151,St. Paul & The Broken Bones,Angels In Science Fiction,0110111011111001111000010110100111101000111010011110000011011100,"White-framed window pane displays monochrome classical statue figure. Shows figure's face, draped torso, and feathered wings.",0,"[""ambiguous main visual element""]",f,t,2026-07-01 00:33:46.073,2026-07-12 23:21:26.148,
a062f6b8-66fd-4a4c-85c5-8bbd2a3d8721,Various Artists,Pierre Barouh and the Saravah Sound,0001100101111100001001010010010101100011011110011011100010011000,"Mixed media black-and-white photograph of a person in a studio setting with teal and red panels. Vertical red text ""SARAVAH"".",0,"[""complex image with mixed media""]",f,t,2026-07-01 04:12:57.332,2026-07-12 23:21:26.148,
80e388bd-c5a1-431c-9a83-9b33278ecd3e,Nubiyan Twist,Find Your Flame,1010010010100010011010001110110010010100100100001001110010010110,"Orange background; abstract large, zebra-striped red floral shapes outlined in white dots. Top left circle has album artist name.",0,"[""highly abstract artwork""]",f,t,2026-06-30 16:21:37.325,2026-07-11 21:48:37.851,
d61ee24b-55ee-4e8f-bd46-c381523b89c2,Slow Teeth,I,0100110110000010000001100100110010011000101100100110110100101111,Small light brown animal skull with dark spots on a textured rock surface featuring mottled brown and gray with a small plant,0,"[""ambiguous main visual element""]",f,t,2026-06-30 16:19:05.267,2026-07-12 23:21:26.148,
5108ca90-d64b-47ea-99fd-87b53109b95a,The Mary Veils,Esoteric Hex,1011001111100010101011101000110010001111111001101011100010110100,Central geometric cube with a stylized face divided into colored sections; small people below; colorful graph in orange background,0,"[""unclear visual focus""]",f,t,2026-07-01 06:46:49.732,2026-07-12 23:21:26.148,
881f48cf-83a5-4ab0-b47c-3dae5245cea9,Garcia Peoples,Dodging Dues,1001100011001010110011100101011011001010110110010011001101100011,Psychedelic blue silhouette with a yellow moon in its head and a starry tower and mountains in front; pastel pink-orange gradient,0,"[""ambiguous main visual element""]",f,t,2026-07-01 07:17:35.909,2026-07-12 23:21:26.148,
08da0f65-23c2-4d88-a805-73cc249ed0a2,Anna von Hausswolff,Live at Montreux Jazz Festival,0001011100100111011001110110001101110011011100110010100100100101,Figure with tangled hair surrounded by root-like structures with large hand silhouette reaching upward and white hole behind it.,0,"[""ambiguous main visual element"", ""highly abstract artwork""]",f,t,2026-07-01 07:26:28.354,2026-07-12 23:21:26.148,
4b89a8ef-b01b-4acb-9eae-61819223a168,The Serfs,Paid In Full b/w Regen,0000000000000000001100000011000001110000001000000000000000000000,"Red circular horse logo on a white background above red text: “THE SERFS,” “PAID IN FULL B/W REGEN,” and “TROUBLE IN MIND RECORDS.",1,,f,t,2026-06-30 16:26:50.189,2026-07-12 23:36:28.959,
860c8639-ed87-4d10-88a1-f8286630a7ae,Rose City Band,Sol y Sambra,1110101010100110100011101001101011100010101100101010001011001000,"A desert landscape with cacti, mountains, and a setting sun under warm orange and pink skies all framed by a decorative border.",1,,f,t,2026-06-30 16:20:04.688,2026-07-12 23:36:28.959,
c7608eac-2b77-410c-9195-c38c2d2c83ef,The Body & OAA,Enemy of Love,0001001000001100010011000000001100000011000011000000110000010001,A view of Earth in space with a cross-shaped structure emitting blue and orange light trails positioned to the right of the planet,0,"[""bad image quality""]",t,t,2026-07-01 07:09:54.541,2026-07-12 23:21:26.148,"Low image resolution, but still correctly identifies what is in the image."
9833d653-f7ca-4c72-a4c8-49d5898e16d7,Saeko Killy,Dream In Dream,0011001100011011000110110101010011011101100010000100110101001011,"A surrealist collage with layered geometric and organic shapes in bright blues, greens, pinks, and yellows on a black background.",0,"[""complex image with mixed media""]",f,t,2026-06-30 17:32:32.592,2026-07-12 23:21:26.148,
c6918d75-ed8a-44f6-8de3-849f05abcde2,Chronophage,Chronophage,1011001101000110100011100000101100001011000110111000111101001100,A close-up photograph of a bright red tomato with a green stem against a solid black background.,1,,f,t,2026-07-01 05:55:40.46,2026-07-06 12:02:08.23,
96ec8d31-3b51-4372-9b15-5b6d60e0dee0,Shit and Shine,Mannheim HBF,1011000010101000101110001011000010110000101100001011000010100000,A vertical rectangular with 3 thick red diagonal stripes running from top-left to bottom-right on a white background.,1,,f,t,2026-06-30 17:31:05.092,2026-07-12 23:36:28.959,
4c5f3ca8-12df-4ae6-a906-aa12b9b62bb2,Sault,Acts of Faith,1000000010010000100011001000110010001100100010001001000010000000,"Central abstract white crystalline formation against black background,  with the text ""ACTS OF FAITH"" centered below.",0,"[""ambiguous main visual element""]",f,t,2026-06-30 17:48:44.93,2026-07-12 23:21:26.148,
550997fb-620b-47a6-a6cb-a2f38b8d2613,El Perro Del Mar,Big Anonymous,0110000001100000111100001111001010110000111100101111001011110010,Zombie-like barefoot person in a black tattered jumpsuit stands in a sparse beige room with muted colors.,0,"[""unclear visual focus""]",f,t,2026-06-30 20:19:08.12,2026-07-12 23:21:26.148,Did not mention that the person looks like a zombie.
42319916-685a-411e-ad9c-361522f1cac4,PACKS,Melt the Honey,1000011110100001111100001100110010001011000100101111011000110011,A person stands on a thick tree branch amid dense green foliage with yellow flowers visible in the lower foreground.,1,,f,t,2026-06-30 17:47:22.631,2026-07-12 23:36:28.959,
8fe1429c-c842-4384-9c19-feabf7a80fe1,The Pains of Being Pure at Heart,Perfect Right Now: A Slumberland Collection 2008-2010,0001100110010110111001111001001100011110001110101011000001010010,Blue and yellow monochrome image of two figures with yellow text at the top.,1,,f,t,2026-06-30 17:44:02.13,2026-07-12 23:36:28.959,
981bbf72-c69e-4b54-b615-27c48b96e723,Peter Brötzmann - Heather Leigh - Fred Lonberg-Holm,Naked Nudes,0001011100011111010111010110100100101001001011010011111100011111,"Red background with a central rectangular tag featuring ""NAKED NUDES"" in handwritten black and vertical side text in white.",1,,f,t,2026-07-01 00:32:01.611,2026-07-12 23:36:28.959,
ba791237-cf55-4308-bf39-319a386d9104,Andrea Belfi & Jules Reidy,dessus oben alto up,1100100011101001010001001101000011010001100110011100100111011001,Abstract collage of colorful geometric and organic shapes forming a vase-like / face mask like with foliage on a pale background.,0,"[""ambiguous main visual element"", ""complex image with mixed media"", ""highly abstract artwork""]",f,t,2026-06-30 17:54:28.912,2026-07-11 17:37:51.989,
642d27e2-108d-420d-8e82-5e0aed394718,J.W. Ricci,Through a Frame b/w Pollen Drop,0011001110101111010001100010010110000100100101101110000011010001,"Nighttime photo of dense foliage; hazy lights are visible through the trees. Red, gothic text displays the album/artist name.",1,,f,t,2026-06-30 14:33:58.363,2026-07-12 23:36:28.959,
9448ac4f-e452-4b3d-a954-2bc1f37bfc3f,WET TUNA,Apex of High/Epic View EPs,1000001111001100101110010100111101101101011100011100010011001100,"Cartoon illustration of a gnome with a red hat sitting on stacked speakers. Trees, clouds, and an orange sky surround.",1,,f,t,2026-06-30 14:49:58.178,2026-07-12 23:36:28.959,
6fdf6c02-b9d4-4f61-bce1-5485e2d29897,Stress Positions,Human Zoo,1011111010011110100101101001110010001100100111001001100010111000,"Monochrome image of a skull with a central vinyl record label on the image. ""STRESS POSITIONS"" at top, ""HUMAN ZOO"" at bottom.",1,,f,t,2026-06-30 14:47:15.93,2026-07-12 23:36:28.959,
e66afe13-531f-4e7d-8a84-d988bb15076f,Forced Fun,somewhere over the painbow,1110000011101001110010001101010010001010100011101000110011001001,Hand-drawn artwork of a green figure with voluminous hair and a stage inside their head featuring colorful clowns.,1,,f,t,2026-06-30 14:54:08.182,2026-07-12 23:36:28.959,
861fae0f-caf5-4fb3-ae44-0b2eb9b7d878,TOPS,Bury the Key,0001011000001001000011110000111101001011010011010000110000101101,A hand rises from dark ground toward a glowing red/orange mountain peak.,1,,f,t,2026-06-30 15:24:24.114,2026-07-12 23:36:28.959,
ebed1328-c352-4336-92a6-f3bb7ba4bafc,Leifur James,Magic Seeds,0000111100001111000011110001101100011111000011110000011101000000,Vibrant pink and white neon lightning-like patterns radiating from a central point on a dark red-to-brown gradient background.,1,,f,t,2026-06-30 18:02:24.248,2026-07-08 14:57:15.688,
daad2334-f9fa-4ee5-9974-150f5a12a4e4,Merope,V​ė​jula,1101101110010000100100001001101010011001100110001100011101101111,"Collage with a stylized boat and a pink, white, and orange beach ball. Abstract blue, orange, and pink patterns surround.",0,"[""highly abstract artwork""]",f,t,2026-06-30 18:01:54.456,2026-07-08 14:57:15.688,Abstract collage.
70859039-67db-4aa2-b91e-7d885c54a282,Le Weekend,A Spell in the Darkness,0000111100011111000111111000111110001101001111010011011110111100,"A dark photograph of a nighttime waterfront scene with horizontal light trails reflecting on water, with blurred motion effects.",1,,f,t,2026-06-30 15:31:55.783,2026-07-12 23:36:28.959,
c1ef8eaf-fe59-4197-9b98-d7d234dd288c,Wisp,If Not Winter,0110110001110000111100001001100000100000000011010000111100001101,Woman in a flowing white dress on a grassy slope beneath dense trees with misty light.,1,,f,t,2026-06-30 15:28:56.073,2026-07-12 23:36:28.959,
69aa230a-2c1c-41b4-9566-709423331805,Kate NV,Room for the Moon Live,0001111100001111000111110011001100110011000111110000111100011111,Blue ink musical staff drawing on white background with cursive text of the album title and artist name.,1,,f,t,2026-06-30 16:14:43.897,2026-07-12 23:36:28.959,
28b699e0-9159-40d1-915a-45592ee19058,U.S. Girls,Scratch It,1100111010011100011111001110110001110100101111001111010010100010,"Faded, pink-tinged painting of a person with shoulder-length black hair. Their chin rests against their hand as they stare forward",1,,f,t,2026-06-30 16:13:36.968,2026-07-12 23:36:28.959,
192846d3-f598-4eba-af3c-671696b77bec,Inturist,Tourism,0100010001010010001100010110100101110000011010010111000100110010,Vintage engraving of a mustached man in striped clothing in a gold oval frame; “Inturist Tourism” above.,1,,f,t,2026-06-30 16:30:34.94,2026-07-12 23:36:28.959,
158be9c3-81ae-46ee-b1bb-0391a23e5756,Mekons,Horror,0000111001001100000111100011101011001111111011110111011010001011,"Monochrome photograph of a horse on a black background. “mekons” in bold lowercase at top, “HORROR” in uppercase near the bottom.",1,,f,t,2026-06-30 17:24:35.368,2026-07-12 23:36:28.959,
71ed5ecb-dc07-45ef-981d-7f7a8aaeab82,Adrian Younge,Adrian Younge Presents Linear Labs: São Paulo,0101100101011001001100110011001000111010001101000111000001110001,A person wearing a wide-brimmed brown hat and black gloves operates vintage audio equipment with spinning reels.,1,,f,t,2026-06-30 17:59:49.432,2026-07-12 23:36:28.959,
f6d9f8d9-eb63-4d8f-86cb-bb9ad7c73b32,Humdrum,Every Heaven,1000110100100101100110010011010000010000100100111000011110001110,"Blue-toned sculpted face with wide-open mouth.Left side features pink ""humdrum"" text with purple fill.",0,"[""ambiguous main visual element""]",f,t,2026-06-30 18:13:47.421,2026-07-08 14:57:15.688,Obscure image for the subject.
27e4793e-4199-4dc2-8419-3e56ada08bba,Soda Water Sea,The Freedom Ring,0001011011001100100101100011001001010010010001000010110010000101,"Collage of diverse figures, hands, and objects. Rainbow arch with a clock behind everything.",0,"[""highly abstract artwork""]",f,t,2026-06-30 18:10:41.31,2026-07-08 14:57:15.688,Abstract mixed-media collage.
6663ef01-8d1a-4eba-a1e9-a1c973808c51,Quivers,Oyster Cuts,1100100111010001100010010011101110010011110110111011101000111010,"Pink background with collage of a headless classical statue topped with coral branches, 3 other parts with textured shapes.",0,"[""bad image quality"", ""highly abstract artwork""]",f,t,2026-06-30 18:26:25.417,2026-07-11 22:29:19.744,Image is highly abstract with parts hard to distinguish and identify.
7e54a8ca-a654-4459-a32e-0e4980a32601,Three Quarter Skies,Fade In,0000010000110001011011100110101100001111011111111111111101111111,Blue gradient sky with a pink-orange horizon above a purple landscape; text in orange “THREE QUARTER SKIES” & “FADE IN” .,1,,f,t,2026-06-30 18:22:04.413,2026-07-12 23:28:09.241,
3af27729-2db1-4d5b-a018-ba9b37f90d0e,julia-sophie,forgive too slow,0000000100000001101100000111000001101001110010000110100000100100,Person with red cap obscuring face; person wears white t-shirt featuring Olympic rings against blue sky background with birds.,1,,f,t,2026-06-30 18:05:35.575,2026-07-12 23:36:28.959,
11d90f3b-d4f4-4027-89b5-e6e5a01dc6b0,Peel Dream Magazine,Rose Main Reading Room,0001010100101001011000010101001110010110100101101001100001000000,Brown background with a person in a blue hooded raincoat beside an orange lying deer and a large red flower.,1,,f,t,2026-06-30 18:24:42.234,2026-07-12 23:36:28.959,
bf8327d8-7c8d-4321-8288-762d868991e4,Rafael Toral,Spectral Evolution,0001011101101101111001101111011001110110001100100001011000011110,"A close-up photograph of a small bird with black, white, and yellow plumage perched on a rough tree trunk.",1,,f,t,2026-06-30 20:08:11.69,2026-07-12 23:36:28.959,
c521769d-d842-49ba-a33a-acfb083f01d3,Wand,Vertigo,0110110001001001101000011110010011001100110110001011100100111101,"Blurred silhouette of a dog in black-and-white running across a long field with text ""WAND/VERTIGO"" at top-right.",0,"[""bad image quality""]",f,t,2026-06-30 18:30:17.211,2026-07-12 23:21:26.148,"Said ""snowy terrain"" but that can't be confidently confirmed on the image."
102c50af-7432-45e9-a0f0-2ac74041483e,Water Damage,In E,1100111011001100011000010110100101101000010001000100010001001100,"Painting of 9 square grids in red, yellow, pink, purple, green, blue, orange, gray, and black. ""Water Damage"" on black square.",1,,f,t,2026-06-30 18:35:28.924,2026-07-12 23:36:28.959,
ec13af4a-7720-4d64-92a0-5e530c10cf92,Chris Corsano,The Key (Became the Important Thing [and Then Just Faded Away​]​),1011000101001101101000111111101111011011011110010110100110000111,"A partial grayscale side profile of a person on the left against an background of bold red, black, and white splatter patterns.",1,,f,t,2026-06-30 18:39:23.092,2026-07-12 23:36:28.959,
2702d5a8-dbba-49ce-8751-47a14b0c1ec0,Birdie,Some Dusty,1100100000110110110010011100100100101111110110100101101001010011,Person with curly hair wears a polka-dot shirt while playing an electric guitar on a bright yellow background with stylized text.,1,,f,t,2026-06-30 18:41:39.091,2026-07-12 23:36:28.959,
9bc263e5-bf95-4704-b1fd-59af25eae558,Kali Malone,All Life Long,0000111100010111001100110011001100110011011100110011001100001111,A person in a navy blue suit stands sideways on snow-covered ground amid concrete ruins and black metal wires underneath gray sky.,1,,f,t,2026-06-30 19:59:09.143,2026-07-12 23:36:28.959,
cad5e63d-384e-41dc-917f-1b48086fd0a1,Aho Ssan,Rhizomes,0101100100011011101110010011011001101000011000111101101100010011,"Minimalist black abstract shapes resembling stylized foliage or a bird-like form with word ""RHIZOMES"" printed vertically.",1,,f,t,2026-06-30 21:10:37.85,2026-07-12 23:36:28.959,
3431466d-1a35-4e12-acbd-2efeae90a16e,Haruspex Palace,Haruspex Palace,0010110001011010010110100010110001101100100111000100011001001110,"Large black letters: minimalist ""O"" above ornate ""h"". Then small black text ""haruspex palace"", credits, ""2024"", yellow background.",0,"[""cannot read text confidently""]",f,t,2026-06-30 18:44:56.852,2026-07-08 14:57:15.688,complex typography
2876b6e6-96de-434a-a498-d015806bd2a4,Isobel Campbell,Bow To Love,0011000100111010111001111001111100011100100011000010110001100110,Person holding an acoustic guitar against vibrant blue and yellow patterns with red accents.,0,"[""ambiguous main visual element""]",f,t,2026-06-30 18:46:17.404,2026-07-08 14:57:15.688,Uncommon psychedelic art style.
3904d5cb-bb7a-416f-ab89-e034913c1b11,Various Artists,W3NG,0001011110001110110011101101101111000101100101010010011001100110,"A city with green, red, and yellow buildings, skyscrapers, bridges, trains, and an airplane in a light blue sky; text: ""W3NG"".",1,,f,t,2026-06-30 18:57:28.805,2026-07-12 23:36:28.959,
3c127c3c-1234-45bc-a3a5-ef1b90e264e1,Pallbearer,Mind Burns Alive,0001000000001110000011000000110100001101001011010000011000000100,Flowing orange-toned fabric glows against a dark background.,1,,f,t,2026-06-30 18:55:14.268,2026-07-12 23:36:28.959,
2b17a8b3-a21e-4b6c-8682-7329626f4ebf,Dargz,Happiness,0000000001000000000001100110100001101000000100100000000000000000,"Dark green ""DARGZ"" text centered on a solid light pink background; rounded, flowing typography with abstracted letterforms",1,,f,t,2026-06-30 21:28:53.635,2026-07-12 23:36:28.959,
ff7aad9b-0c13-4bfe-a2c5-d77308720f71,Ohad Talmor,Back to the Land,0010000101100101001100111111100011101001011100010111100111100000,Twig sculptures of animals in a gallery space. White background with text surrounds the photo.,1,,f,t,2026-06-30 21:25:11.795,2026-07-12 23:36:28.959,
6ce4409d-1670-47d5-9386-36aac0414bb0,Blue Ocean,Fertile State,1001111001101000001001101001011010010010100010111000010110100100,Pale pink background with a pink triangle left and a yellow triangle right with artist and album name above the triangles.,1,,f,t,2026-06-30 21:24:43.568,2026-07-12 23:36:28.959,
5282f0d9-c38f-41dd-871e-cb9326285221,Lightheaded,Combustible Gems,1001100010011001100011001101101101011011010110111100101001001010,"Three individuals stand among illuminated slot machines under warm, blurred neon lighting in a dimly lit environment.",1,,f,t,2026-06-30 19:02:34.361,2026-07-07 13:52:41.371,
a9a10318-3b2e-41d8-8850-c3d7f276c13d,Full of Hell,Coagulated Bliss,0110000001001100010001101110001010000111001001010100110011011000,Figure lies on a dark floor with wings disintegrating into feathers and pixelated fragments. Room has teal walls and orange grids.,0,"[""highly abstract artwork""]",f,t,2026-06-30 18:56:04.442,2026-07-08 14:57:15.688,Abstract design
6104f8fd-e680-4ca6-90e3-12680791c323,Jessica Pratt,Here In The Pitch,0111000011000100111001101110011111101111011011010111011010100110,"Dimly lit photograph with a woman with short blonde hair and a dark top against a dark background, looking into the distance.",0,"[""ambiguous main visual element""]",f,t,2026-06-30 19:12:26.959,2026-07-12 23:21:26.148,
5dc7be59-4078-4ac1-9814-e61ca63d5368,Shellac,To All Trains,0001011100001111000011111000111000001111000011010100110101001101,"Black-and-white photo of a grand train station interior with a large arched grid window, and “TO ALL TRAINS” above the entrance.",1,,f,t,2026-06-30 19:07:08.243,2026-07-12 23:36:28.959,
4c4a2418-4378-40f0-9f57-f74952e2842e,Melvins,Tarantula Heart,0110100001100010101001100001110010101100010011000111111011110010,Orange background with mathematical symbols and black cloud raining; a hooded black skull face figure holds a red heart.,1,,f,t,2026-06-30 19:09:28.725,2026-07-12 23:36:28.959,
7d4aef2b-cca0-428a-84ac-4e6164975951,Wye Oak,Every Day Like The Last,1100100111101100110001001000110010001100000111001101110011011000,Monochrome photograph features visible figure with long flowing hair. White strip on the righ with black text.,1,,f,t,2026-06-30 23:38:27.024,2026-07-12 23:36:28.959,
cd08a8fd-56d9-4cb4-b95b-4ca96d4685cf,Keefe Jackson / Oscar Jan Hoogland / Joshua Abrams / Mikel Patrick Avery,These Things Happen,0101000001000101000111011111110001111100011000011110001101100011,Damaged silver and red metro train on a large metallic structure resembling a whale's tail; pale sky with trees framing the sides.,1,,f,t,2026-07-01 04:29:54.257,2026-07-12 23:36:28.959,
a3d0716e-ab93-4cc5-9190-4a40b844eca5,Kasai Allstars,"Black Ants Always Fly Together, One Bangle Makes No Sound",1001111110010111100110110110011101100111000110110101110001000110,Person pointing upward with blurred sky and buildings in back; big golden text of artist name and small green text of album title.,1,,f,t,2026-07-01 08:06:24.88,2026-07-12 23:36:28.959,
caf25344-dc5c-4aee-a463-fefaf50c1ebc,Amen Dunes,Death Jokes,0101101001111010011110010111101101111010001110100000000000011000,"Bold white left aligned texts ""Death Jokes"" top separated by a thin horizontal line from ""Amen Dunes"" bottom on black background.",1,,f,t,2026-06-30 19:01:44.888,2026-07-12 23:36:28.959,
6de23cb0-2d7e-41ed-a75e-80131e33b770,Heavee,Unleash,0101100101011001000111000010110000010110100111010000011101000011,"Two surreal Pokémon-like creatures, pink biting a blue one’s neck, on a black background with white “UNLEASH” text at the top.",0,"[""highly abstract artwork""]",f,t,2026-06-30 19:25:27.187,2026-07-11 20:52:04.78,
58e61cc2-355b-4edd-90cf-c68efb1ac4d8,"Carlos Niño, Surya Botofasina, Adam Rudolph",Live at Public Records 12/10/2022,0000000000000000000000000000000010010011000000010100010100001001,A cloud formation under a sunset sky transitioning from blue to orange. Bold pink overlaid text show the 3 artist names.,1,,f,t,2026-06-30 19:14:47.006,2026-07-12 23:36:28.959,
28469b1f-e835-429c-b334-061aa708db95,Not Me But Us,Two,1000011001000110001101100011010001001100000011000101000100101001,"Background in shades of pink and purple with visible crack-like patterns, overlaid by scattered beige text.",1,,f,t,2026-06-30 19:52:09.357,2026-07-12 23:36:28.959,
6a674cb5-3c4e-438b-83cc-6aeef06697fd,Six Organs of Admittance ,Time is Glass,1110110011101111010111010000101111100100111111001111111111111111,Silhouettes of two people and a dog walk on a sandy beach along calm water under a pale sky in a minimalist photograph.,0,"[""bad image quality""]",f,t,2026-06-30 19:28:23.459,2026-07-11 21:06:03.041,Image is not very clear with possible hidden details.
07c36e4b-1866-401c-b74f-dd0d6ce0c9f5,Organos / No One Mind,"Organos / No One Mind Split 7""",0101000111000010110001101001001001001100100110001001000110010010,"Abstract collage on beige background with 2 large stylized purple eye, cutout figures of people, and block-letter text.",0,"[""complex image with mixed media"", ""highly abstract artwork""]",f,t,2026-06-30 19:30:08.561,2026-07-11 23:23:42.079,
378ddbc6-a2bf-4c9a-8554-3f815fff68cb,Tujiko Noriko,From Tokyo To Naiagara,1101000011100000011100011101100001110010011100101100100111101001,Close-up photograph of an individual with short dark hair showing blurred urban buildings behind under daylight.,1,,f,t,2026-06-30 19:26:24.166,2026-07-12 23:36:28.959,
29695e82-86e4-4520-a9ff-06d9073c526d,GAIKA,Drift,0100110101000100111000001110110011000100110011000100010000100011,"Painting of a distorted person face with long dark hair, beard and dark clothing in a red background with ""Drift"" on their chest.",1,,f,t,2026-06-30 21:33:10.695,2026-07-12 23:36:28.959,
26aec06f-0565-4441-92ef-f7fa00b19fed,Daniel Villarreal,Lados B,0100110101001101011000110110110101001101000001010110000101110001,"Sepia-toned background featuring hand-drawn yellow text: 'DANIEL VILLARREAL - LADOS B','WITH JEFF PARKER AND ANNA BUTTERSS'.",1,,f,t,2026-06-30 21:54:41.385,2026-07-12 23:36:28.959,
91cb9d0f-d252-4b92-8d3d-530da14e4324,Jane Weaver,Love In Constant Spectacle,1011000010110100011111001101010011001100001111000010110010011100,"A long purple haired figure holds  a magnifying glass as O in text ""LOVE"" showing a ladybug amid flowers and birds.",0,"[""complex image with mixed media"", ""highly abstract artwork"", ""unclear visual focus""]",f,t,2026-06-30 19:38:44.131,2026-07-11 20:43:07.879,Image contains a lot of mixed media. Specific details and main focus elemenent can be difficult to identify.
bc7f5758-b7b1-41d8-a6d3-dd85119c9741,Pylon Reenactment Society,Magnet Factory,1011000011101100010011001010110110101010101001111010010010100100,"A large U-shaped magnet banded with red, yellow, and silver superimposed over sans-serif text in gray ""Pylon Reenactment Society"".",1,,f,t,2026-06-30 19:41:19.949,2026-07-12 23:36:28.959,
52a4b7c8-5631-416e-9987-c45b1dfa913b,Abdallah Oumbadougou,"Amghar: the Godfather of Tuareg Music, vol. 1",1100011000001111000101110001001100010011000100110010010111000011,Centered black-and-white portrait of person wearing white headwrap; multicolored shapes in background; layered black borders.,1,,f,t,2026-06-30 19:43:29.076,2026-07-12 23:36:28.959,
96adc3c3-85b6-4af3-8608-a650750d1c1e,Bonny Doon,Let There Be Music,1010100010010110100101101001011010010110100101001111010010110000,"Handwritten sheet music for ""Let There Be Music"" by Bonny Doon. Printed in black ink on off-white paper.",1,,f,t,2026-06-30 21:52:11.568,2026-07-12 23:36:28.959,
485fe69b-51a1-4f9e-b83e-2d253c0da118,Keiji Haino / Jim O'Rourke / Oren Ambarchi,"With pats on the head, just one too few is evil one too many is good that's all it is",0100100111010110011001010110010110000010001001000110010100011001,Three large sand dunes under a partly cloudy blue sky.,1,,f,t,2026-06-30 19:55:59.976,2026-07-12 23:36:28.959,
61ec2d20-c567-45b4-8545-7fd484054c73,Lydia Loveless,Nothing’s Gonna Stand in My Way Again,1001100101010100001101101011011000110100001101011010010111100100,"Photograph of a woman with short curly hair viewed from behind. Her bare back displays ""nothing’s gonna stand in my way again""",1,,f,t,2026-06-30 21:59:23.918,2026-07-12 23:36:28.959,
8f65e1f8-9234-442c-b9ca-547b49402b8c,Gia Margaret,Romantic Piano,0000011110111100111111001111001011110010111111001101110001111111,Photograph of a vinyl sleeve of a person with clouds surrounding them. Black vinyl record is partially pulled out.,1,,f,t,2026-06-30 22:13:39.307,2026-07-12 23:36:28.959,
ff46f62c-9439-4207-8fb6-c4eedb559073,Speedy Ortiz,Rabbit Rabbit,1111001011110000100011101011011010100110100011101010111011001000,Yellow pickup truck carrying a large red spiky object in its bed; desert landscape background with Joshua trees; blue-orange sky,1,,f,t,2026-06-30 22:19:09.853,2026-07-12 23:36:28.959,
e0c6e49c-e5d2-4b56-bd2b-3ca6bad5f2d8,Jeremiah Chiu,In Electric Time,1111000011110000101100011011010110110011101010011010001110100011,Monochrome blue photo of a person from behind using mixing equipment in a studio; light cyan background frame.,1,,f,t,2026-06-30 22:32:18.718,2026-07-12 23:36:28.959,
178fb16d-343d-4822-b901-befdcf5a57ba,Prison,Downstate,1001001010000010100000101011010010110000100001001000011011000110,"Person sits on rocky terrain by the ocean under a partly cloudy sky. White ""PRISON"" dominates the top and ""DOWNSTATE"" below.",1,,f,t,2026-06-30 16:25:37.286,2026-07-12 23:36:28.959,
7d200e8b-0742-48ac-a6e7-14f0bef62e74,Macie Stewart,When the Distance is Blue,0011010100110010101101010011101001011100001100110010011011111100,"Three main sections: top left blue sky with snowy mountain peaks, top right green landscape silhouette, bottom beige winding road.",1,,f,t,2026-06-30 16:23:09.069,2026-07-12 23:36:28.959,
a223236d-921b-466b-9e42-c8cd0c9280d0,Sally Anne Morgan,Second Circle The Horizon,1100001010100001000010010000010001100110001001000100100101100000,"Abstract geometric paper collage featuring overlapping circular shapes in green-yellow, black, and beige tones",1,,f,t,2026-06-30 16:23:56.198,2026-07-12 23:36:28.959,
e7b317bd-c750-48d7-8c59-4976a0b3c1df,Magic Tuber Stringband,Needlefall,0100101000000111001100000001011100000111001000111000101000011100,Rows of slender trees with glowing golden trunks on a red-brown ground strip set against a deep dark night background with clouds.,0,"[""unclear visual focus""]",f,t,2026-06-30 19:57:00.723,2026-07-08 14:57:15.688,
e3b135e6-7414-4775-a3d4-1475f6f9ade7,Meiko Kaji,Hajiki Uta,0011010000110110101111000011100110010001100110010011010011110010,Black-and-white image of a woman with long dark hair against bold abstract shapes; prominent yellow and red Japanese text around.,1,,f,t,2026-06-30 20:00:10.724,2026-07-12 23:36:28.959,
56250d06-5f90-42a3-a3e5-f4556545c2d3,TORRES,What an Enormous Room,1001111001011101011010110010110101111101011110110111101101110111,"A person in black cloth and red shoes dances in large empty room with exposed ceiling beams, concrete floors, and weathered walls.",1,,f,t,2026-06-30 20:03:32.234,2026-07-12 23:36:28.959,
2178cf66-63a3-4ff4-a00d-7494696304ab,DJ Krush,Saisei,1110100011101000101111001001011010011110100111011001111000010110,"A man in dark clothing with hands covering their face, wearing silver rings and a large watch. Kanji characters appear above eyes.",1,,f,t,2026-06-30 19:58:49.845,2026-07-12 23:36:28.959,
f0a242f9-8c33-4047-b1f6-60d82265f81b,Grandaddy,Blu Wav,0001100101011001010100011100001111100011100101011000000110000011,"A space-themed collage of stars and nebulae on dark backgrounds. Text read ""GRANDADDY"" & ""BLU WAV""",1,,f,t,2026-06-30 20:20:38.998,2026-07-12 23:28:09.241,
5d551029-a597-4ba9-bf7c-0c3e8a5bd22d,Francis Bebey,Trésor Magnétique,0010011101100001111010011100110110110101101100111011001110011100,Blue background with red radial lines surrounding a central figure in an orange shirt and red vest holding an object near mouth.,1,,f,t,2026-06-30 17:26:54.676,2026-07-12 23:36:28.959,
02f13f57-bd68-4c4d-b2d9-8a5457437165,"Gregory Uhlmann, Josh Johnson, Sam Wilkes",Uhlmann Johnson Wilkes,0100110100001110100011100000111000001110001100000000010000000000,"A textured, bright green arched shape against a solid black background. The 3 artist names appear below the shape.",1,,f,t,2026-06-30 16:32:37.978,2026-07-12 23:36:28.959,
8b5aca95-df18-47e8-859e-9a7eec3ac30c,Rogê,Curyman II,1100100100001100001100110110001010110000000001000100110001001100,Blurred figure in light shirt reaching upward toward a soccer ball against blue sky with clouds.,1,,f,t,2026-06-30 17:34:53.309,2026-07-12 23:36:28.959,
950ef522-437f-4fc9-941f-ae6055b80454,Giuseppe Ielasi,Rhetorical Islands,1010110001101100011011000111010001110100011010000110110001100110,Interlocking white and light gray polygonal shapes in front of a white background.,0,"[""highly abstract artwork""]",f,t,2026-06-30 20:09:26.394,2026-07-08 14:57:15.688,Abstract subject.
231b6ccd-26be-4714-b05f-c6c1cec6d854,Squid,O Monolith,0011100100111111001011011101001011010010001011010011110000011001,"Displays ""OMONOLITH"" formed by human figures in various poses. Textured light gray background.",1,,f,t,2026-06-30 20:26:29.551,2026-07-12 23:36:28.959,
8c1a4683-d234-42e0-bc55-b6d2207034d2,Nalepa,The Flowers,1000001100110111000101100010110000101000100011111110001110000111,"A grid of circular photographic portraits showcasing diverse flowers in vivid hues including purple, pink, orange, and yellow.",1,,f,t,2026-06-30 20:27:40.009,2026-07-07 10:58:03.011,
da985699-5073-4482-b8a0-5f0fbae35888,A Produce,The Clearing,1000000101000100110101000100110000110000110001001101010000100011,Gray border frames a white central field containing three black squares and a rhombus in a square formation with a centered circle,1,,f,t,2026-06-30 20:30:21.926,2026-07-12 23:36:28.959,
9b87d0c0-cafe-4dec-a87d-a586dd94b8c4,Jeremy Kizina,Our Ghosts Follow,1000011110000011101000111100001111000111110111001111011111111111,"Painted artwork shows an adult man, a child, and a ghostly white figure walking through tall yellow sunflowers.",1,,f,t,2026-06-30 17:33:46.35,2026-07-12 23:36:28.959,
2461c5f7-6a20-4a56-9a50-dbd2406dfd56,The Umbrellas,Fairweather Friend,0100010111100010011001101110011010000000101000010111010001110100,"Minimalist collage with 3 rectangular blocks of green-toned building, blue-tinted tram and red-hued storefront, on a pastel back.",1,,f,t,2026-06-30 20:34:59.469,2026-07-12 23:36:28.959,
1be239b9-99fd-471e-a196-75f998b25311,Komorebi,The Fall,0001001100100011011011010010001100110110011100000111100100001111,Pink doll with big purple eyes & hair at a checkered table with tea and organic heart; blossoms and tentacles in the background.,0,,f,t,2026-06-30 20:38:16.163,2026-07-12 23:36:28.959,
85aa06b1-5530-48e2-831c-d2516009b208,Seu Jorge,Baile à la Baiana,0111000101101001011010010111000111100001111101001110010011101000,"Shirtless Black man with a large afro hairstyle stands against a solid brown background, wearing a silver chain necklace.",1,,f,t,2026-06-30 17:41:16.451,2026-07-12 23:36:28.959,
10906b01-03c1-464f-8746-d4ebceacb018,The Sundae Painters,Sundae Painters,0110111101101010111100101001011011001110110011101011110101111010,"3 cartoon figures with weird smiling face, two like drums with wing and one like a guitar, flying over a seascape and cloudy sky.",0,"[""ambiguous main visual element"", ""complex image with mixed media"", ""highly abstract artwork""]",f,t,2026-06-30 20:36:47.019,2026-07-08 14:57:15.688,
abf64229-c94d-4279-b6d7-5be6ae2041e5,Ragana,Desolation's Flower,0001000000110011011010010101010010010110010000110100000001000000,Black-and-white image with two central face figure and circular arrangement of these faces repeated surrounded by lots of flowers.,1,,f,t,2026-06-30 20:44:19.622,2026-07-12 23:36:28.959,
04b64dd8-43e4-4a16-bb46-94c41f981558,Goth Babe,Lola,1110010011100110111110100101110001100110101000101111010011110100,"Small white sailboat on blue water, with a person mid-jump holding a light green surfboard and two dogs standing on the deck.",1,,f,t,2026-06-30 20:43:53.922,2026-07-12 23:36:28.959,
af96cde2-28b8-4f02-8852-daaee835da05,Drop Nineteens,1991,0000011110001001001001000100101000110101100110100110011000110100,"Grainy, swirling black-and-white spiral pattern dominating the center; bold text at the top reads ""drop nineteens"".",1,,f,t,2026-06-30 17:43:14.015,2026-07-12 23:36:28.959,
e7aad152-c40e-4c03-9352-b7fb52ca23be,ONYON,Last Days On Earth,0011001111100110010100110111000100110001100100111000011100001011,"Central black circle with white stripes and a grainy monochrome background. ""DAYS ON EARTH"" in purple surrounds the circle.",0,"[""ambiguous main visual element""]",f,t,2026-06-30 20:48:38.94,2026-07-08 14:57:15.688,Abstract visual subject.
69bc3c6d-c4e3-4603-96e0-23258c9b7fd7,Seahawks,Time Enough For Love,0001100010001110011011000110010110011111011111111111011011110110,"Two individuals stand on a nighttime rooftop terrace with string lights, city skyscrapers in the background.",1,,f,t,2026-06-30 17:42:49.835,2026-07-12 23:36:28.959,
2af12c67-c043-4872-b3fc-fce4d1c1fc47,Andy Bell,Pinball Wanderer,0000111111111111011110011011100110011101011110110111100101111011,Three overlapping figures in vibrant rainbow-colored athletic wear stand against a bright background with neon light streaks.,1,,f,t,2026-06-30 17:40:50.837,2026-07-12 23:36:28.959,
56bd1145-1bb4-4c35-b0bd-978305b68f12,Horse Jumper of Love,Disaster Trick,0101100101111001101101101001011110101101001111010110110111001101,Black background with white line art of a spiky cloud shape floats above a leaping dog and a robed figure holding a bird.,1,,f,t,2026-06-30 18:14:39.019,2026-07-12 23:36:28.959,
a87a5437-7478-4fe9-b632-2150849f33a7,M(h)aol,Attachment Styles,0110111101101101111011001010111011000110111010101010100110111000,Abstract art of a blurred human figure in water in light blue against blended red and turquoise background hues.,0,"[""ambiguous main visual element"", ""highly abstract artwork""]",f,t,2026-06-30 20:54:26.574,2026-07-08 14:57:15.688,
b86a131d-5490-41f9-9655-20f67096bc80,Spirit Possession,Of The Sign...,1100001011110101001101000001101000101010001011000010011001001000,Surreal abstract image of a red winged figure on a red ground receiving a golden substance from a figure in a red rocky cliff.,0,"[""ambiguous main visual element"", ""highly abstract artwork"", ""unclear visual focus""]",f,t,2026-06-30 21:05:43.971,2026-07-11 18:18:34.62,Very abstract image with figure and details hard to distinguish. The focus of the image is also hard to identify.
689c9179-a407-4e79-9776-b4d763735164,"The Reds, Pinks & Purples","Murder, Oral Sex And Cigarettes / Build Love / Dull Panic & Sunday Gloom ",0100001101001110000111000011000100100011000011101001100011010001,"Within a blue border: a brown, angled facade with large, curtained windows, foliage to its left, and a blue building behind it.",1,,f,t,2026-06-30 21:09:56.268,2026-07-12 23:36:28.959,
a5f1c19d-259e-40b1-81a8-5fbc82574679,Guided By Voices,Nowhere To Go But Up,0011111100101111011011100010011001011001000010110000011111010101,"Man in white athletic wear performing a discus throw, with a group of onlookers behind him under a clear blue sky.",0,,f,t,2026-06-30 21:07:57.037,2026-07-12 23:36:28.959,
f8d2b1f0-3be3-41a3-8fe3-141823a5bf47,The Necks,Travel,1100111011110001110010110100101101100001110000010110001101100011,"Dark teal textured background with scattered bright yellow arrow-shaped forms;  text on top reads ""The Necks"" and ""Travel"".",1,,f,t,2026-07-01 01:29:39.499,2026-07-12 23:36:28.959,
74432114-5da3-4b33-a10d-0a7e8d8f2bfc,Hailu Mergia,Pioneer Works Swing (Live),1001100011010000111001001101010011110010001100010111000110010000,"Circular orange-black portrait of a person's face centered at bottom; artist name in large letters, centered; album title on top.",0,"[""cannot read text confidently""]",f,t,2026-06-30 21:17:56.203,2026-07-12 23:21:26.148,
32f6aaa3-a40a-46a6-92b4-adbd6a72539b,I.P.A.,Grimsta,0001011011000110010011010001110010100010000000000001001001110001,"Abstract geometric patterns of red, black, and white pixelated squares forming overlapping shapes. Text of album and artist names.",1,,f,t,2026-06-30 21:18:44.045,2026-07-12 23:36:28.959,
98cf8b29-e11e-43ea-8370-627f49f964e4,Animal Hospital,Shelf Life,1100110111001001110011011010110110110110110101000111011001111011,Painting of a forest at dusk with tall trees against an orange and blue sky.,1,,f,t,2026-06-30 21:18:20.621,2026-07-12 23:36:28.959,
ac7b8d6d-6c8a-43b0-89a3-2b019a44dc90,Various Artists,Volcanic Tongue - A Time​-​Travelling Evangelist​’​s Guide to Late 20th Century Underground Music,1001011010010001000001000010010001011100010100001101000111011001,"Hand holding a cassette emitting smoke in red. Dark gray background. White vertical text on the right, ""VOLCANIC TONGUE"".",1,,f,t,2026-06-30 16:16:34.232,2026-07-12 23:36:28.959,
ce068b8e-3630-448e-92f6-3851ba5134f1,Black Duck,Black Duck,1010000010100010011100001101100111001000011101001011110110001100,Two black duck sculptures on a blue-to-pink gradient background. Multicolored text spelling album title on top and bottom.,1,,f,t,2026-06-30 23:35:25.665,2026-07-12 23:36:28.959,
63b23db3-a2e5-43b4-b6f1-27cfa760b115,SUNN O))),Evil Chuck b/w Ron G. Warrior,0001000000011001000010110000111100000111000000110010001101100011,Grainy concert photo of a band performing on stage under spotlights with audience members raising hands; image on black with text,1,,f,t,2026-06-30 21:29:23.634,2026-07-12 23:36:28.959,
1b0948b7-aa90-4dd7-a2b5-9c4810318d48,Anjimile,The King,1111100100101111011001110110011011010010111000100110011000010001,Orange record sleeve with a large black silhouette in a textured dotted coat on a solid orange background,1,,f,t,2026-06-30 21:27:54.371,2026-07-12 23:36:28.959,
a6bd9e90-e540-4680-986c-277b10f595bf,Kamaal Williams,Sting,1000100101001001111001111000101110000010100100111000111110001100,"Black-and-white photo of a person in a dark jacket, wide-brimmed hat, and patterned scarf stand against a tiger-striped fabric.",1,,f,t,2026-06-30 21:37:57.332,2026-07-12 23:36:28.959,
79cdccc0-e182-4f42-a478-89227340b43f,Altın Gün,Aşk,0000011100010111000001110000011101001001010010010110101100100111,Six individuals stand on a bridge surrounded by dense green foliage; they wear varied casual attire.,1,,f,t,2026-06-30 21:37:34.693,2026-07-12 23:36:28.959,
610123d8-abca-4853-bb69-cd24517cc80f,Lael Neale,Star Eaters Delight,0100010101010001011110010110100101100101011000010011000100110011,Black-and-white photo of a person with long hair against a bright background; grainy texture and dotted patterns overlay one eye.,1,,f,t,2026-06-30 23:30:53.133,2026-07-12 23:36:28.959,
169979cf-d013-4b71-a126-79c273517b24,Robyn Hitchcock,Life After Infinity,0000011100000110000011000001100100011011000011000010011100000011,A fish holding a pink and red rose against a solid blue background; cursive text reads 'Robyn Hitchcock' and 'Life After Infinity',1,,f,t,2026-07-01 00:12:50.498,2026-07-12 23:36:28.959,
a706cdd4-9142-4f2c-811d-8950015f6c17,Rahill,Flowers At Your Feet,0000010000000110000011000001100000011100000011000010110000010100,"A child sits on a light pink quilted bed, half wrapped in a white towel with a pink towel around their head; green walls in back",1,,f,t,2026-07-01 00:15:22.956,2026-07-12 23:36:28.959,
a664ffdb-fd6e-45e9-865e-692ff5d27152,Steve Lehman & Orchestre National de Jazz,Ex Machina,0001100111001001111000001110000011100000011100011011000000011110,"Ink-and-color line drawing with swirling red, blue, green, and orange strokes on off-white background.",0,"[""highly abstract artwork""]",f,t,2026-06-30 21:33:52.252,2026-07-08 14:57:15.688,Abstract design
38e48653-1977-401a-bc3e-ea32b9e7c5bb,Buck Meek,Haunted Mountain,0100111101011001101101000101110001111100101101101011110000110001,"Shirtless person lying against a grey textured rock, with arms crossed over their face; one arm extends behind the head.",1,,f,t,2026-06-30 21:42:55.55,2026-07-12 23:36:28.959,
22fcc7c1-c34e-41d7-9b7f-0c47b8e0eeec,Loraine James,2013-2015,1011001001110010001100010011001011100001111110011100110010001100,Photograph of a person holding multiple stuffed teddy bears against a white wall with blue square patterns.,1,,f,t,2026-07-01 00:22:09.576,2026-07-12 23:36:28.959,
0521a430-f744-4d5f-80ee-611a6e59e304,Dj.Mc,Relentless EP,0100110000101010001001100110010000010010000000111000001001011000,"three men gathered around a red table with drink glasses and a DJ controller; man in center looks at camera, others look down",1,,f,t,2026-07-01 01:01:02.726,2026-07-12 23:36:28.959,
0d457652-98e9-4233-b33f-44cfa4874ee3,RarelyAlways,WORK,0100110111001001110100011100000101000001100011001000110011001000,A man in profile wears a light blue blazer over a dark shirt on a dark background with warm tones. Album and artist name on top.,1,,f,t,2026-07-01 01:05:26.03,2026-07-12 23:36:28.959,
e94d7f37-1ab2-43a8-a119-8d9615b9378d,Truth Club,Running From the Chase,1001000010100100110111111001011000110111000010111010010000100000,Four individuals lie on their backs against a dark background floating in water.,0,"[""unclear visual focus""]",f,t,2026-06-30 21:46:39.057,2026-07-08 14:57:15.688,Did not mention that the individuals were floating in water.
65ac3f6c-72b0-45bd-a0f9-cac2c22955bc,Hal Lambert and Mitchell Mobley,The A-Z of Bullshit,0100100011001110010010000101100001110110111001100100110001001000,Small square frame with a bald man in a white tank top holding a glass with palm trees in back. Yellow cover with text around.,1,,f,t,2026-06-30 21:50:15.016,2026-07-12 23:36:28.959,
466db4f0-168f-49b5-8d12-c2ac6067ff34,Genevieve Artadi,Forever Forever,1101110011011000000010110001111000011110000111100001111110101011,Partial portrait of a person with a blonde bob and bangs wearing a floral headpiece of red and blue flowers.,1,,f,t,2026-07-01 01:06:32.939,2026-07-12 23:36:28.959,
6f42add8-9cbe-4795-a6f4-a639674ae547,Parannoul,After the Magic,0000000000000000001000010010000100100110101001111011001100011010,"Bright, overexposed winter scene with snow-covered ground and bare trees lining a paved path. Lone figure walks toward the viewer.",1,,f,t,2026-07-01 01:10:58.865,2026-07-12 23:36:28.959,
e26a77a1-53df-4e6b-b833-01b71187ce5d,Faten Kanaan,Afterpoem,0010010100001110001100110011000100001110001100101110010111000101,Repetitive vertical green brush strokes in varying shades against a white background.,1,,f,t,2026-07-01 01:19:12.376,2026-07-12 23:36:28.959,
fb46b285-6c8f-48c7-999c-6cd8656be355,Kraków Loves Adana,Oceanflower,0100011101111000011100011111000100111000100110101011001110100001,Painting of brown-haired person submerged in rippling blue water against an orange sky. Pink and blue flowers emerge before them.,1,,f,t,2026-07-01 01:28:08.683,2026-07-12 23:36:28.959,
8e33c273-0cca-49c0-95de-e7f856f2860a,ENTREZ VOUS,Sham Trial,1110011011100110110101101000111010001000111001101111011010100110,"Black ""ENTREZ VOUS"" at the top. four monochrome hand-drawn pillows arranged in a 2x2 grid in the center.",1,,f,t,2026-07-01 01:21:06.374,2026-07-12 23:36:28.959,
b2a6910e-e5f0-4c28-8e1b-efa34e7c8f79,Darius Jones,fLuXkit Vancouver (i̶t̶s̶ suite but sacred),1101010010010110010101010011001100110011001010011010111010101110,"A geometric pattern of overlapping circular shapes in vivid red, blue, yellow, and green tones arranged in a uniform grid.",1,,f,t,2026-06-30 21:56:13.405,2026-07-06 10:40:10.708,
c5e2f535-2ad3-48ef-bf45-1fe3e65de94a,The Replacements,Tim (Let It Bleed Edition),0101111110110110101110111010101110110111001011100010111100101101,"4 people in a band; one kneels near a drum set with equipment, another holds an acoustic guitar, and two others sit nearby.",1,,f,t,2026-06-30 22:01:58.513,2026-07-12 23:36:28.959,
391ff1d9-1a43-4b04-adb4-186f4880d203,Jalen Ngonda,Come Around and Love Me,1000011001101010000110011011110001101100011001101110101011000010,Person in a bucket hat embracing another individual. Text at top left displays “Jalen Ngonda” and “Come Around and Love Me”,1,,f,t,2026-06-30 22:06:13.896,2026-07-12 23:36:28.959,
7986935c-cee2-437e-ac4d-bbea5057250d,King Krule,Space Heavy,0100111100100011010011010100110100001110100101101010010010010001,Surreal art with a white boat-like shape on reddish-brown water under a purple-red sky with a small purple circle in the top left.,0,"[""ambiguous main visual element"", ""complex image with mixed media"", ""highly abstract artwork"", ""unclear visual focus""]",f,t,2026-06-30 22:02:47.378,2026-07-08 14:57:15.688,
82bd175b-2c53-4297-8ecb-289dcbded399,Minru,Liminality,1010110001001100000011111001111000011100100001011001011100011001,"Seated person with long hair in red lighting against a black background. Gold ""MINRU LIMINALITY"" overlays the image.",1,,f,t,2026-07-01 01:27:26.017,2026-07-12 23:36:28.959,
da573214-3e45-4044-8d35-a476df8dde96,Prison,Upstate,0000000100000001001100110011011100011111000011110000100100010011,Gray silhouette of tall tower-like figure being pushed by smaller person on a background of green fields and white fence.,1,,f,t,2026-06-30 22:15:36.272,2026-07-12 23:36:28.959,
86b47013-7a96-4594-afc6-b4737770827b,Half Japanese,Jump Into Love,1001001010110101110101100101001101011011001111000010011011100000,Collage of cartoon rabbit-like figures with expressive faces and limbs rendered in bold black outlines over striped earthy tones,1,,f,t,2026-06-30 22:50:33.019,2026-07-12 23:36:28.959,
55f52a6c-211a-438b-a7a9-fbc5b05d13f7,Kristin Hersh,Clear Pond Road,1011100010111010101110000110110001001101110000011100000011110000,"A black-and-white vinyl record illustration with textured lines like grooves with a central white circle having a red ""66"" logo.",1,,f,t,2026-06-30 22:13:16.488,2026-07-12 23:36:28.959,
80e08cc1-c27c-4e91-9635-ec8b8850ed5f,The Go! Team,The Get Up Sequences (Part 1),1100011000010110000101100001010101110001011010010100100101001101,"Wavy teal, orange, and pink stripes against a blue background. “GET UP SEQUENCES PART ONE. THE GO! TEAM” on alternate stripes.",1,,f,t,2026-07-01 01:40:39.354,2026-07-12 23:36:28.959,
a9908181-491a-41fa-8f27-aedb34600ae5,Tacoma Park,Singles: 2020-2022,0111010011001000110100101100111010000110110011000111000000111000,Collage of hands reaching towards food. Bordered by pink and black triangles.,0,"[""highly abstract artwork""]",f,t,2026-06-30 22:14:10.677,2026-07-08 14:57:15.688,Abstract collage.
6114ff23-e46d-4b39-aa05-51b68a224c93,Various Artists,Great Jewish Music: Burt Bacharach,0001101100001101000011000000110011000100000011010010010011110100,Close-up photograph of a man in a black tuxedo with an extended arm against a dark background; lower text reads album title.,1,,f,t,2026-07-01 01:36:48.148,2026-07-13 00:00:18.92,
33274077-a1e3-43f3-b733-2982eceadf94,P.G. Six,Murmurs & Whispers,1000100110011110100101101010100010110110100100101011001001000110,"Child-like painting of a  two-story orange and gray house with trees; above are a small chess rook, red circle, and harp symbol.",0,"[""ambiguous main visual element""]",f,t,2026-06-30 22:25:25.956,2026-07-12 23:21:26.148,"Said that the image contains a ""anchor"" but it was actually a ""chess rook""."
4b1c3b51-8f4d-49f7-aa36-40aa9054398c,Pharoah Sanders,Pharoah,0001010101011101010100010010000100101001010100010001100100001001,"Bare tree branches in dark purple against a white background, framed by a solid maroon border. Text ""PHAROAH"" & ""PHAROAH SANDERS"".",1,,f,t,2026-06-30 22:18:10.003,2026-07-12 23:36:28.959,
1deba5b5-eab6-4430-8998-a631b08c309e,Ty Segall & Emmett Kelly,Live at Worship,1100000011000000001010000000000000000000000000001000001000000011,Solid pink background; smiley face icon in bottom left corner; artist names in top left corner; album title in bottom right corner,1,,f,t,2026-07-01 01:30:00.77,2026-07-12 23:36:28.959,
8541f5d7-862f-4eea-bf86-e2a4036f333a,Kris Davis,Diatom Ribbons Live At The Village Vanguard,0100100111100101011001010101110110011101110001001010110000110011,Overlapping dark blue-green triangular shapes interspersed with red triangular shapes.,0,"[""highly abstract artwork""]",f,t,2026-06-30 22:26:21.929,2026-07-08 14:57:15.688,Obscure image composition.
e9a9e0e7-6436-4e93-92af-e0284e48dba8,The Cowboys,Sultan of Squat,1100011010010011001000010110010101100111001001111000111011001100,Diamond-shaped orange background with black border; a baseball player in a striped uniform swings a bat.,1,,f,t,2026-06-30 22:38:19.403,2026-07-12 23:36:28.959,
cff79d23-a9fc-4099-8fee-fb3e3efe5d11,Hilario Durán and his Latin Jazz Big Band,Cry Me a River,0001111100000111000010110111110110110101001101110110000111100000,"A man stands on a stone fortress overlooking water under a cloudy sky, with a grass land and seagull flying nearby.",1,,f,t,2026-06-30 22:34:21.552,2026-07-12 23:36:28.959,
135f02c3-cfce-4157-8c1b-a35db00677b6,OVENS,OVENS,0000000010010010001000001001001011110100110101001111000010101100,"Bold black ""OVENS"" text appears in the middle. Below, a monochrome photograph of a large crowd gathered around a central structure",1,,f,t,2026-07-01 01:55:41.735,2026-07-12 23:36:28.959,
5d034cd9-2322-431e-a122-16e98ce2e9e4,Leland Whitty,Anyhow,1100011011000110111011001110110001111000011110000111100000111010,A monochrome green-tinged photograph shows a person running across a road flanked by trees. Artist and album name around the photo,1,,f,t,2026-07-01 02:02:19.704,2026-07-12 23:36:28.959,
4399e723-69ea-4d8c-bb50-e61e6b6b5de0,Lamin Fofana,Unsettling Scores,1010000000000000111100001101110011001100110011000000000011000100,"An earthy-toned ground with textured terrain beneath a warm orange sky, partially overlaid by a semi-transparent brown square.",1,,f,t,2026-07-01 02:08:48.778,2026-07-12 23:36:28.959,
ab5a7f76-cc57-499c-a749-daac0ba95d4b,Les Imprimes,Reverie,0101000001101001001111000001110000001110111000001111000000101110,"A person, with face replaced by the cloudy sky background, has red hair and red sweater with white dots.",1,,f,t,2026-06-30 22:46:26.655,2026-07-12 23:36:28.959,
df93f736-6259-4a8e-8423-7a940dad314a,High Pulp,Days In The Desert,0011001011111000110011001100110011001110110011100001101110111001,"Abstract art with layered brown and black horizontal bands; down, a yellow-orange-red color gradient water-like.",0,"[""highly abstract artwork""]",f,t,2026-06-30 22:40:17.954,2026-07-12 23:21:26.148,Image is highly abstract and elements can hardly be associated with anything real.
cadc4eac-8323-45eb-9686-9340c8d0e297,Son Rompe Pera,Chimborazo,1100010011010100110100001010010011000100111000101010011011110000,"Five people pose before a textured blue wall, with two seated on stools and three standing.",1,,f,t,2026-06-30 22:42:36.36,2026-07-12 23:36:28.959,
deb62a7e-2482-4c5f-a482-9cdbd20b44a3,Agnes Obel,Myopia,0001100000110000000111000001111000011101000111100000011011000110,Close-up portrait of short haired woman on a dark background with screen-like light on her face.,1,,f,t,2026-06-30 22:45:25.003,2026-07-12 23:36:28.959,
001175a4-9378-4036-8a4c-adbb7ff440d4,Akriza & Mah Ze Tar,"Where Are You, Now",0001110100011111001111110011101101001111000101100000111100001111,A grand stone temple with an ornate archway under a large light-blue moon; two people play instruments and three dance.,1,,f,t,2026-06-30 22:44:51.371,2026-07-12 23:36:28.959,
a0c2225b-2d98-4fa9-ac38-4cb8bb1c043c,Grian Chatten,Chaos For The Fly,0001001000010010000100110001001100110011010100100111100111011001,"Shirtless male figure with arms stretched against a blue background, white vertical streaks running down the image.",1,,f,t,2026-06-30 22:49:47.329,2026-07-12 23:36:28.959,
2e1d6cf6-950e-44cb-8197-2aace67f6e81,Anna St. Louis,In The Air,0011011001111001111011100011111001110110111011001101101000101111,A person with short light brown hair rests their head on an arm before blurred green foliage in soft-focus.,1,,f,t,2026-06-30 22:59:22.054,2026-07-12 23:36:28.959,
c0a47717-96b1-4dd1-a9f3-ca983035b7cf,Marc Ribot's Ceramic Dog,Connection ,0110110001110100110110001100110111110011100100101001001110010011,Geometric frame of red and green glowing spherical shapes connected by dark rods encloses a gingerbread man drawing.,1,,f,t,2026-06-30 22:57:56.455,2026-07-12 23:36:28.959,
540601f0-69dc-4231-95bf-a88c40191c9d,Martin Frawley,The Wannabe,1100110001000100011010110011001110000111000000110001001100010011,One child in a light-colored shirt reaches upward toward another person against a muted background.,1,,f,t,2026-06-30 22:56:19.492,2026-07-12 23:36:28.959,
da783a58-3514-4f57-98fa-28562789cb6b,Duval Timothy,Meeting With A Judas Tree,1101100011101001110010011111000011110000111101001011011011110110,Close-up photograph of a textured tree trunk with pink flower clusters growing directly from its bark against a pale blue sky,1,,f,t,2026-07-01 02:02:43.043,2026-07-12 23:36:28.959,
1ee2a6bd-ced4-4a93-98d9-a169e59c00bd,Matthew J. Rolin,Passing,0000011011101000111010001110100011100000111011001111110010110000,Photograph with cream bordering shows a twilight sky with sun rays radiating from the horizon above dark trees.,1,,f,t,2026-07-01 02:43:10.282,2026-07-12 23:36:28.959,
5ed8c425-58c4-44bb-9546-db126907b38c,Gunn Truscinski Nace,Glass Band,0011010111001001110010101001101111001010001100100010000000000011,"Scattered hand-drawn scribbles in red, green, blue, yellow, and purple on an off-white background.",0,"[""ambiguous main visual element""]",f,t,2026-06-30 23:12:15.244,2026-07-12 23:21:26.148,
9b2cefb9-b274-4a16-856e-b2f09f829ed8,Arthur Russell,Picture of Bunny Rabbit,1001011010010110100001101001011010010110100001100010100110010110,"Dark blue background with small orange-brown circular shapes, a centered black-and-white photo of a man. Artist album name as text",1,,f,t,2026-06-30 23:09:33.275,2026-07-12 23:36:28.959,
4fb30f03-8c7a-4ed2-a9f0-f3151fc29996,Lifeguard,Crowd Can Talk / Dress In Trenches,1100010000110001101110001010011010111010110001100110011010010001,"Bold ""MATADOR"" text arched over a wavy black banner. White background.",1,,f,t,2026-06-30 23:13:03.625,2026-07-12 23:36:28.959,
887df125-5335-4690-9f6b-59bd2dabcc47,Alice Phoebe Lou,Glow,0001011100011111001011000001100000011110000111100101100110000010,Grayscale image of a curled human figure in fetal position against dark background.,1,,f,t,2026-07-01 02:45:08.365,2026-07-12 23:36:28.959,
6365a7df-159a-45b2-8615-59719423f1be,Thumbscrew,Multicolored Midnight,1001100100001111000001110001100101110000011000001101100001101101,"Dark blue textured background features bold red ""THUMBSCREW"" text above smaller white handwritten ""MULTICOLORED MIDNIGHT""",1,,f,t,2026-07-01 02:53:07.036,2026-07-12 23:36:28.959,
31730932-d2cf-46be-afb0-dc24ad5b31f1,Robyn Hitchcock,Shufflemania!,0011001101001101010111011001010110100100101001010001000111100001,"Beach under blue sky with two gray cats, person with arms outstretched, two double-decker trams, and hooded child. Red border",1,,f,t,2026-07-01 03:14:06.434,2026-07-12 23:36:28.959,
f0dfc76b-f16f-41b1-98b6-d235f3dc8241,The Gaslamp Killer and The Heliocentrics,Legna,1110011001100110001010100010000000110000001010000110100010000110,A person in a colorful horned mask and patchwork costume walks down a street behind which a crowd throws objects at them.,0,"[""unclear visual focus""]",f,t,2026-06-30 23:21:10.216,2026-07-12 11:46:47.79,
a4465b1a-5ae2-45fc-a442-6137178b01c9,Damon Locks and Rob Mazurek,New Future City Radio,0101010110010111011011100100111010000110011001100110010101011000,"Black-and-white cover with a grungy cat head drawing, intersecting and swirling lines, and scattered circles.",1,,f,t,2026-06-30 23:16:04.938,2026-07-12 23:36:28.959,
e3dfcd0d-13d1-4292-b9e0-a8f593cb0e73,Kaitlyn Aurelia Smith,Let's Turn It Into Sound,1111111111101001111011001110111011101100110100011100011011100100,Figure with glowing cyan patterns on a blue-toned body and a flame-like headpiece stands between two green platforms.,1,,f,t,2026-07-01 03:52:21.586,2026-07-12 23:36:28.959,
9c8c78ab-060d-4a08-baf8-47425daeec1b,Alvin Curran,Drumming Up Trouble,0110101001000101001101110111101001000111010101101010110110101101,"Dense collage of polaroid-style photographs showing a person holding red telephone receivers, arranged closely together.",1,,f,t,2026-07-01 04:01:54.272,2026-07-12 23:36:28.959,
2102f07b-d898-453b-8e7c-b626d20fbe3c,Circuit Des Yeux,Live From Chicago,0011101001001100101110001011110010101100011011000111010011010100,A person with long brown hair holds a lit candle against light blue distilled background featuring pink roses and green stems.,1,,f,t,2026-07-01 04:09:57.227,2026-07-12 23:36:28.959,
85160f6d-1349-4213-bf45-1cf85f04a2b1,Various,Nomark Selects Vol 1,0100000101001000010000010100000000001110010010010100100001000010,"Black background with centered light gray text reading ""NOMARK SELECTS V.1"" in a clean sans-serif font; minimalist design.",1,,f,t,2026-06-30 23:20:41.217,2026-07-07 15:45:11.613,
b25cd52c-faec-4929-ba49-167162e7e301,Midwife & Vyva Melinkolya,Orbweaving,0001000011001110010001110000111011000110100001101000111101100011,A six-panel wooden door centered against a black backdrop with radiating white grid lines forming a tunnel-like web pattern.,1,,f,t,2026-06-30 23:30:32.897,2026-07-11 20:44:48.328,
d3ee5171-7a0b-4fdb-aec3-45dcec68a911,David Lord,Forest Standards Vol. 3,0110111000101110011111110111111100111111100111110011011100111011,Dense forest scene with a rocky stream flowing; a small figure stands on a grassy hillside surrounded by tall trees.,1,,f,t,2026-06-30 23:35:55.14,2026-07-12 23:36:28.959,
09e9d86b-f6d5-495c-89db-628dff3f1f40,Saloli,Canyon,0011110010001100100001101001001010010011110100111100111011011100,Close-up of a painted black bear with vibrant blue fur and yellow-orange snout.,1,,f,t,2026-06-30 23:27:38.077,2026-07-12 23:36:28.959,
4483f304-fdfc-41e6-ae8f-388a94ef53d4,Jazzanova,Strata Records - The Sound Of Detroit - Reimagined By Jazzanova,0001001100011101010010110100101101001011011011010111001101100101,"Black-and-white hand-drawn illustration of five musicians playing instruments. One is playing drums, one is playing a saxophone.",1,,f,t,2026-07-01 04:50:54.879,2026-07-12 23:36:28.959,
cc9646bd-dc39-424f-a835-f22caf1824f0,Various Artists,Through the Soil II,1011011001101110010011101100111000011110100011101110011000100111,"Hand holding a red tomato against blurred green foliage; white handwritten text ""THROUGH THE SOIL II"" appears above the tomato.",1,,f,t,2026-07-01 04:57:05.825,2026-07-12 23:36:28.959,
cf5fe5eb-c03f-4a79-a8bc-588336bc9a51,George FitzGerald,Not As I EP,1100011110000111101101110011011111110111111100111011001110111011,Sand dune with warm orange and brown textured surface with a sharp black geometric shadow line against a pale blue sky gradient,1,,f,t,2026-06-30 23:40:57.316,2026-07-12 23:36:28.959,
f3d76437-693c-484c-8b19-11a8f0d8e0ac,Asher Gamedze,Turbulence & Pulse,0101000101100001001000001000110001101000111001100010001101100000,"Black and white hand-drawn collage like a map, with dense abstract lines, geometric shapes, scattered handwritten text.",0,"[""complex image with mixed media"", ""highly abstract artwork"", ""unclear visual focus""]",f,t,2026-06-30 23:57:09.019,2026-07-11 22:02:55.94,
6c382b7a-a792-482c-9bd7-3f4e4482770e,Jay-Jay Johanson,Fetish,1110001100110110000011100100011001010110011101100010110100111101,"Black-and-white with a central Polaroid-style photo of an old man in dark clothing, roses and stacked papers around photo.",0,"[""unclear visual focus""]",f,t,2026-06-30 23:53:13.151,2026-07-11 22:53:03.358,
631c4408-15e4-4cc0-b523-52139ee9a511,Matt Espy,Hawksworth,0011011001100110101001111100110001000110110010001001100100111101,"Abstract art with pink back overlaid by dense dark green scribbled strokes and two birds, bellow colorful flowers.",0,"[""highly abstract artwork"", ""unclear visual focus""]",f,t,2026-06-30 23:55:08.72,2026-07-11 23:43:25.964,
70eba035-a94e-4d2e-a8df-c59ca12e2b60,Alabaster DePlume,"Salty Road Dogs Victory Anthem 7""",0000110110101010111001101100010011001011100010011011001000001011,Four stylized figures in a row on white background; graphic design style with bold blue base and yellow-white facial features.,1,,f,t,2026-06-30 23:49:41.112,2026-07-12 23:36:28.959,
1b392d89-be3a-4fc2-8299-bfbed1e4bceb,The Mon,Eye,1001001011011001011000010101000001011000111100001110100011100001,Close-up digital illustration of a human eye on a dark background with blue-and-purple patterned iris and a black pupil.,1,,f,t,2026-06-30 23:48:20.037,2026-07-12 23:36:28.959,
e18dd35e-d941-41dc-b1b9-cbe7fb792ddb,Martin Courtney,Magic Sign,1100000100010011001110010110100101100001100101100001011100001111,"""MAGIC SIGN"" top-left and ""MARTIN COURTNEY"" top-right; central monochrome photo of a figure walking, and paint splatters around it",1,,f,t,2026-07-01 05:26:19.869,2026-07-12 23:36:28.959,
5a79103f-4a4b-4756-8cd0-be263f0e13b7,Issei Herr,Distant Intervals,0011011000111111000111110010110000001110100100101000001000000010,Two tiny white figures walking along a shoreline between coral-pink water and brown sand with a pink sky,1,,f,t,2026-07-01 00:07:12.283,2026-07-12 23:36:28.959,
5473514b-0966-49ae-acc1-a4e95d5ac03d,Gallus Mag,Gamllagus,0111101101111011010010010110101100010111010010110010000100001001,"Text  'GALLUS MAG' in large, crumpled-paper-textured letters on a sunset sky with black silhouettes of people in the horizon.",1,,f,t,2026-07-01 00:03:37.895,2026-07-12 23:36:28.959,
09d7a770-45d2-4b7a-9dbe-504238086e47,Panchiko,Failed at Math(s),1100110010001100100011001100110111001101100001110011000100101010,"Monochrome figure with digitally distorted facial features, showing pixelated blocks and artifacts across the face and neck.",0,"[""ambiguous main visual element""]",f,t,2026-07-01 00:02:55.718,2026-07-08 14:57:15.688,Obscure subject of image.
05b81a25-1a55-4949-b21c-1d657892caf6,DJ Danifox,Ansiedade,1001011011001100111010001001010011000100101001000110100101100000,"Abstract hand-drawn brushstroke designs in black and red on a white background resembling a face with an upturned nose, red lips.",0,"[""ambiguous main visual element"", ""highly abstract artwork""]",f,t,2026-07-01 00:10:25.892,2026-07-12 23:21:26.148,
2fd1d917-7b5a-49e5-9a37-a2f8a7377590,Sex Pistols,"Never Mind the Bollocks, Here's the Sex Pistols",1100110010101100101100101001001110001011110010000000000100000100,"Bright yellow with black text ""NEVER MIND THE BOLLOCKS HERE'S THE,"" a pink diagonal banner featuring green ""Sex Pistols"" lettering",1,,f,t,2026-07-01 05:22:05.687,2026-07-12 23:36:28.959,
f476f2ee-e2b5-4b01-b69b-518dc8ad2e87,CALAPSE,New Era,0011000001001100000011011001110110001100000011000000111100000111,Dark interior with an open white door with grid-style glass panels. There is an landscape of green grass and flowers outside.,1,,f,t,2026-07-01 05:46:53.134,2026-07-12 23:36:28.959,
00beaba7-086d-471a-b829-326e3c536916,Robert Glasper,Black Radio III,0100111101101101100111010100110111100101011011010110110100011101,"A dark background with 3 large beige block letters spelling ""BLACK RADIO III"" and one small white text ""ROBERT GLASPER"" on top.",1,,f,t,2026-07-01 06:03:20.326,2026-07-12 23:36:28.959,
7363a445-9840-4c35-b4e4-06a1b2e76b65,Ethel Cain,Preacher's Daughter,1110011011001010110000011100101111001110110011101100111011000011,Young woman in a white dress sits beside a small black table holding a lamp against wood-paneled walls.,1,,f,t,2026-07-01 06:01:25.774,2026-07-12 23:36:28.959,
7606e316-d156-410b-8b61-5cf0d10f90df,Superchunk,Wild Loneliness,0001011010110010101110001111000011110010111100101111001010010110,A black goat with a yellow rope collar stands at an arched window with open green shutters on a light-colored building.,1,,f,t,2026-07-01 07:14:54.882,2026-07-07 14:21:44.907,
b1e70c80-9c4d-4714-ae3e-49109dd06715,Jana Horn,The Window Is The Dream,1100011100011011100110011100110011010110011100110011001100000111,"A large soap bubble reflects colorful stained-glass windowpanes with birds and a nature background, against a dark background.",0,"[""ambiguous main visual element""]",f,t,2026-07-01 00:29:41.753,2026-07-11 20:38:47.58,Details of the background in the window are small and difficult to see.
1fb121b5-69d9-4668-a46f-8a547bffe8c9,Tiny Ruins,Ceremony,0111000111001100000000111001001100000011001001100011011100101101,Surreal illustration: a nude red-haired figure sits on a blanket on a colorful rocky shore by turquoise water with two yellow dogs,0,"[""sensitive or indecent content""]",f,t,2026-07-01 00:26:17.246,2026-07-12 23:21:26.148,
9df9ee75-de35-49ac-b35f-f9356e966851,DMVU,Tools for Those Who’ve Lost Their Way,1111111101110111001111100001110001000100010011001000101000000011,"Warm-toned photo of a lit candle, open compasses, wristwatch, matchsticks, and a framed document on a weathered wooden surface",1,,f,t,2026-07-01 06:16:49.775,2026-07-12 23:36:28.959,
6480104c-6198-4a29-8a92-8fcd3263a467,Gospel,The Loser,1001110010011100100111101000111010010010110011101000100110010111,"A torn brown corrugated cardboard two lines of handwritten black text: ""gospel"" on top & ""the loser"" at the bottom.",1,,f,t,2026-07-01 06:23:17.589,2026-07-12 23:36:28.959,
caa71bbd-32ac-4b19-a07b-fce2e4e67a49,Heavee,Audio Assault,0011011100101001011010011110100111010100100011001000011010001100,"Person wearing sunglasses, a dark hooded jacket under a camouflage-patterned jacket, and a light pink hoodie. Seated on steps.",1,,f,t,2026-07-01 06:29:36.066,2026-07-12 23:36:28.959,
1021e6fb-71e8-49e0-b046-498bd2162d37,Everything But The Girl,Fuse,0110101001100010011001100110111001101010011010100110111010001110,"Purple background with large letters spelling ""EBTG"" overlapped by large letters spelling ""FUSE"".",0,"[""ambiguous main visual element""]",f,t,2026-07-01 00:31:00.324,2026-07-08 14:57:15.688,
5d417070-a58d-43a4-af17-2dd3870d53e5,Steve Gunn & David Moore,Reflections Vol. 1: Let the Moon Be a Planet,0110100111100001101000011010000110000111101001101001001000000100,Photo of 2 people standing near a calm lake under a large tree with dense foliage and clear blue sky in the background.,1,,f,t,2026-07-01 00:34:46.177,2026-07-12 23:36:28.959,
ece104d9-cd7c-4683-b126-2edb9e9559fb,Jeff Mills,Metropolis Metropolis,0100110010001110010000101110010011001100110011001100110011001101,Black-and-white photograph of a topless woman kneeling on stage with one arm raised upward.,1,,f,t,2026-07-01 00:41:27.988,2026-07-12 23:36:28.959,
e33e6472-b3e6-4b46-b1e6-d9da3e1ff076,Mudhoney,Plastic Eternity,1101001010011110001111000111000100111101101001100100100001001000,"Distorted blurred blue and magenta shapes against a black background; 'Plastic Eternity' distorted text, 'Mudhoney' above.",1,,f,t,2026-07-01 00:35:37.443,2026-07-12 23:36:28.959,
9d324dae-0eee-48f8-a963-7a02cbd9ba43,Ingrid Laubrock,The Last Quiet Place,0111111001101100111100101101001111110010111100110101000101110001,Landscape with several trees featuring pale pink and purple foliage beside a dark blue body of water under deep blue sky.,1,,f,t,2026-07-01 00:48:08.521,2026-07-12 23:36:28.959,
a996903e-f75b-4e29-a14b-858ec24a8161,Josephine Foster,Godmother,0110100101101001011010010111100110110010001100100011001000110010,"Hand-style illustration of a figure wrapped in black mesh fabric over white clothing, with abstract gray surroundings near head",1,,f,t,2026-07-01 07:18:21.692,2026-07-12 23:36:28.959,
facc9878-aa00-4ed5-963f-6dbc089e39dd,Beach House,Once Twice Melody,0011110001011001001101010111000101110001011101010100100100100111,"Minimalist art with text ""ONCE TWICE MELODY"" in ornate gold script centered within a thin gold square frame on a white background.",1,,f,t,2026-07-01 07:23:26.686,2026-07-12 23:36:28.959,
2291d6a1-02f7-4787-b5e5-848c8364a606,Strapping Fieldhands,Across the Susquehanna,0000000000100110001000111110000011000100111001101110000100001011,"A photo of a winding river through lush green valleys and rolling hills under a clear blue sky, framed by an olive-green border.",1,,f,t,2026-07-01 07:20:59.977,2026-07-12 23:36:28.959,
0703ae04-4006-46b0-84c5-b9bfed6372cc,Pugilist,Negative Space,0100111001010010101000110111001011010110100110011001000111010101,"Abstract composition of swirling orange and off-white organic shapes with a grainy, textured surface.",1,,f,t,2026-07-01 00:45:20.853,2026-07-07 10:26:57.678,
4b292838-77de-4009-8443-248218ec9c63,Sonic Youth,In/Out/In,0010010111100001100100110001000100100011011001111100110100000111,"Mixed-media collage with layered black-and-white photocopied images, and bold green and cream-colored waves at top and bottom.",1,,f,t,2026-07-01 07:25:53.209,2026-07-12 23:36:28.959,
ee15df39-eed3-4ba1-8406-cc16af534646,Modern Nature,Island of Noise,0111011010111010101101000011001010110001110100101110011001010001,"A dense collage of many animals such as birds, mammals, insects, reptiles, amphibians, fish, and plants arranged in multiple rows.",1,,f,t,2026-07-01 07:35:27.781,2026-07-12 23:36:28.959,
959df41c-a3c7-499c-815c-88fcaab07f22,Elia Y Elizabeth,Elia Y Elizabeth,1000111110000010001111100011101010011010100100101001101011010111,"2 people with guitars, one seated in a rocking chair, the other standing, in a room with wooden-framed windows showing greenery.",1,,f,t,2026-07-01 08:08:38.726,2026-07-12 23:36:28.959,
2d710380-5a9f-435b-b54b-aeb3bad19a40, Yura Yura Teikoku,1998-2004,0101101001111000011001000001001010011011100110001101100001000010,"Three pink surreal creatures: an insectoid form, a clawed appendage, and a hairy limb on gray background.",1,,f,t,2026-07-01 00:57:46.522,2026-07-13 00:00:18.913,
9dfd5e8b-fe7c-4a79-8970-9c3779d9ae8f,"The Reds, Pinks and Purples",The Town That Cursed Your Name,1010110011001100110011101100111010110110110110101011110010111000,"Red vintage coupe parked in front of a building with large windows and green shrubbery, set against a light olive border.",1,,f,t,2026-07-01 01:05:06.085,2026-07-12 23:36:28.959,
7705af9a-bcbf-45b3-be6a-5edad879bc66,Emily Robb,How To Moonwalk,1110010001100110001011010010110000101110000101100001101110111001,Illustrated owl with extended legs walking against a pale yellow background; artist and album name against textured beige borders,1,,f,t,2026-07-01 08:10:31.732,2026-07-12 23:36:28.959,
9b4fe0fc-a294-4978-a7d2-378572e565f8,John Coltrane,A Love Supreme: Live In Seattle,1100011111000111110001111011011011001101110011101100010111000001,"Photograph of a man against a dark background and under red lights. Orange, pruple, and teal text displays above.",1,,f,t,2026-07-01 08:18:50.636,2026-07-12 23:36:28.959,
c09f0866-6c7c-4784-82b6-29284f7d4a36,Nick Cave & the Bad Seeds,B-Sides & Rarities Part II,0000000000100000000101100000111000001111001100000000110000001100,"Black background with white sans-serif text; center-aligned reads ""NICK CAVE & THE BAD SEEDS / B-SIDES & RARITIES / PART II"".",1,,f,t,2026-07-01 08:23:46.921,2026-07-12 23:36:28.959,
cbf3bc23-4242-4103-9302-0be9bf5f6a43,Magic Tuber String Band,Wind Machines,0011001000111000011101001011011000110110011111001011110001000001,A photograph shows industrial wind machines against sky. Light yellow background with vertical black text around the photograph.,1,,f,t,2026-07-01 08:44:20.22,2026-07-12 23:36:28.959,
5e056cdd-95b6-4983-9838-37721a387757,Emiliana Torini and The Colorist Orchestra ,Racing The Storm,1001001000010100100011000001010001101011011010101100111110001111,"A urban street at night with retro suit dressed pedestrians crossing a busy intersection, with steam rising from the right.",0,"[""unclear visual focus""]",f,t,2026-07-01 01:04:47.138,2026-07-08 14:57:15.688,
eedf210f-7564-45f0-bf90-10274c2c1525,Weval,Remember,1001100010000100110011011010010100100111001000110000101110010011,"Abstract digital artwork featuring long swirling shapes in red, green, blue, yellow, and pink against a solid black background.",0,"[""highly abstract artwork""]",f,t,2026-07-01 01:12:23.166,2026-07-12 23:21:26.148,
5ae479e7-9587-4756-852e-806fa093633f,Various Artists,Soul'd Out: The Complete Wattstax Collection (Live At Wattstax / 1972) Sampler,1010101010010010101100111011001111111000111110001010101110000110,"Orange background with a pyramid-shaped collage of black-outlined faces. Bold ""Wattstax '72"" below it.",1,,f,t,2026-07-01 01:16:13.186,2026-07-12 23:36:28.959,
8a03b328-bd41-4573-8b88-ffc8f1d421ea,U.S. Girls,Bless This Mess,0010001100110011010011010100110001001100010011011011100000001100,"Central pregnant figure with a white unbuttoned shirt ona black background. Red cursive ""Bless This Mess"" appears at above.",1,,f,t,2026-07-01 01:20:40.445,2026-07-12 23:36:28.959,
dddd4534-403a-472c-bf2b-67783cfa0617,Shannon Lay,Geist,0001100101001001011110010111100101111000010110000001010000010100,White vinyl sleeve features a central circular record hole. Handwritten text above the circle.,1,,f,t,2026-07-01 08:42:39.021,2026-07-12 23:36:28.959,
27c2daf4-cf2e-43e9-aea5-4d370c12fe0b,Guided By Voices,It's Not Them. It Couldn't Be Them. It Is Them!,1000000000000000001000011011000000110001001100101111000010001110,Black-and-white photo of a person with raised finger and spread legs; overlaid green text reads the album title and artist name.,1,,f,t,2026-07-01 08:48:48.369,2026-07-12 23:36:28.959,
01f94419-2fc1-4d77-b9ba-e4cd4f6c6d59,Mac McCaughan,The Sound of Yourself,0011000101000101110000111101100111001000111000000110000100010000,"A bunch of ripe yellow bananas with brown spots against a plain white background, framed by an orange border.",1,,f,t,2026-07-01 08:52:15.291,2026-07-12 23:36:28.959,
c9245294-1ec8-4b13-ac57-95e8039dc15e,Meat House,Meat House,0101011011000110101111101011100001100000110000011001001000010000,"""MEAT HOUSE"" in bold angled typography against a white background with dense scattered black dots and irregular circular shapes.",1,,f,t,2026-06-30 22:53:45.411,2026-07-12 23:36:28.959,
8dc10ddb-9106-495f-b74d-d52e1db2c7ab,Michael Chapman,Another Fish,1110100110010010111100011110000011111000011100001111001111111111,"A stylized fish illustration with vibrant red, blue, and green coloring on a textured white background.",1,,f,t,2026-07-01 07:42:32.071,2026-07-07 15:47:38.641,
c42239b9-cbc5-4e38-8cd4-71fc899496ac,Suckling,Suckling,0100110110001110000101100010101100101011000011110000111101001101,Black and white image of a gas-masked figure breastfeeding a skeletal infant against a radiating sunburst background.,0,"[""sensitive or indecent content""]",f,t,2026-07-01 01:23:06.976,2026-07-11 17:30:40.261,
eb15cb02-f13b-4abc-8930-fb8ecd5989fc,Speed Stick,Fringe Matter,0000110100000011000000110000000101010010010010010100111101010110,Pink background with hand-drawn white skull at center;  'SPEED STICK' in bold text left & bottom; track listings on left side.,1,,f,t,2026-07-01 01:35:46.655,2026-07-12 23:36:28.959,
d5bd21c1-1877-4ff0-b4ba-e30b76f2521b,Pulsallama,Pulsallama,0110010001101011001001100100110011010110110011101100111010010110,Seven woman in 1980s-style outfits with champagne glasses and bottles on a light gray background with colorful balloon-like shapes,1,,f,t,2026-07-01 01:32:47.608,2026-07-12 23:36:28.959,
6d561ba8-255b-4cb4-9a7e-469218e03218,Kelela,Raven,0010011101110011111100011111100111110001101100111111000100100110,"A black-and-white photograph shows a person’s face partially submerged in rippling water, with gentle reflections on the surface.",1,,f,t,2026-07-01 01:36:21.051,2026-07-07 10:26:27.974,
5444761f-260f-4951-b5f3-8312fd81fd91,The Go! Team,The Get Up Sequences (Part 2) ,0100100110011110101101110110001101010011100101010010011101111100,"Psychedelic collage with large bold multicolored artist and album text, sunbursts, stars, flowers, grass, and geometric shapes.",1,,f,t,2026-07-01 01:37:57.499,2026-07-12 23:36:28.959,
52321a1b-f21b-45c4-a8db-a1052e2b6356,Earscratcher,Earscratcher,1001110001110000110011001010011011000110110011101101001011010010,"Green background with overlapping red concentric circles forming an abstract geometric pattern. Gold ""EARSCRATCHER"" at top left.",0,"[""highly abstract artwork""]",f,t,2026-07-01 01:37:16.056,2026-07-08 14:57:15.688,Abstract composition for the main subject.
2801aa48-89be-45fb-9892-6cc87c58ae68,Scivic Rivers,Scivic Rivers,0111000101000101010001110101111100011110000111110100111100101111,"Vivid red sky, below which is a angular blur on a road with car headlights on, streetlights, and big trees.",0,"[""ambiguous main visual element"", ""bad image quality"", ""unclear visual focus""]",f,t,2026-07-01 01:41:09.933,2026-07-11 22:22:59.333,Image quality is bad and details are difficult to identify confidently.
4610523f-7858-41b3-8ae4-9c1d5c71b440,numün ,Book of Beyond,1000011010000011100000111000010110001110100101101000011010001110,"Abstract blue-purple gradient background with swirling black line art; stylized text ""numün"" and ""book of beyond"" in white.",1,,f,t,2026-07-01 01:48:06.99,2026-07-12 23:36:28.959,
8357ecbf-c1d2-47ad-b5b1-d241690059e6,Yo La Tengo,This Stupid World,0101111100111101000110010001101101101011010011110100111100001111,Dark textured background with tangled white lines over grassy field with a light pickup truck parked near wooden posts.,1,,f,t,2026-07-01 01:43:43.283,2026-07-12 23:36:28.959,
30dfa5c4-0e6b-4d1e-b115-25c3519b43c0,Rikas,Goodbye Sunshine,1100111101001111010011111101001011010110110100101101010011001100,Photograph of four individuals standing in a desert landscape under a clear blue sky; sun and moon icons above album information,1,,f,t,2026-07-01 01:43:10.325,2026-07-12 23:36:28.959,
a9ce7b1a-5b07-4f2c-a4ee-ef98e4f4e849,Belle and Sebastian,Late Developers,1111111111111111111111111111101111010001100100111111000110001001,Black-and-white photo of a person in a white shirt and striped tie holding a photographic print above dark studio equipment.,1,,f,t,2026-07-01 02:08:16.902,2026-07-12 23:36:28.959,
6f0b2553-eb6f-4d96-9693-8c44646a2b75,Ginger Root,Nisemono,0110000001100000011010000110110011101000110011001110011010001100,"Central photo of a person with glasses on a wooden panel background with vintage items (red TV, desk lamp) around it.",1,,f,t,2026-07-01 02:07:41.897,2026-07-12 23:36:28.959,
a6c695d0-e9bb-4e7e-abaa-8a1640781ede,Goat,Oh Death,0000111100101001011001010000011000010110011000111111000101000010,"Surreal painting of a headless, yellow body with arms and legs spread, flanked by snakes. Framed by pairs of large, spread legs.",0,"[""ambiguous main visual element"", ""complex image with mixed media"", ""highly abstract artwork""]",f,t,2026-07-01 02:11:35.096,2026-07-08 14:57:15.688,
41addece-bddc-4014-b4f5-5d8948997fd5,Cloud Rat,Threshold,0100101011001110110110101100100101001001100001101100010011101011,"Black-outlined organic forms in shades of blue, teal, orange, pink, and black resembling nature; blue circle and orange ground.",0,"[""ambiguous main visual element"", ""highly abstract artwork""]",f,t,2026-07-01 02:20:21.575,2026-07-12 23:21:26.148,
d35239df-4d5c-4afa-b8bf-664c19fb3370,Congo Natty,Ancestorz (Rootz of Jungle),0111000111010001110011011100010101100001111010011100110010101100,"Sepia-toned image of elderly person with long dreadlocks and white beard styled in a turban, wearing a rugged, rope-like garment.",1,,f,t,2026-07-01 02:18:49.599,2026-07-12 23:36:28.959,
def8fbc8-30f0-4537-9932-e47a4030a934,Paperclip Minimiser,Paperclip Minimiser,1100001110001101101011001001000010111001101110100001101111011001,A person walks a snowy urban sidewalk wearing a green hooded jacket and carrying shopping bags with a car and houses behind.,0,"[""unclear visual focus""]",f,t,2026-07-01 02:27:05.652,2026-07-12 11:46:47.79,
a48535c6-2b68-4611-ae4f-04211457dfd6,Mary Halvorson,Belladonna,1100001010010010100010011001100010110000100110001001110010110100,"Abstract fluid artwork featuring blended pink, blue, green, and black ink-like forms with splatter details.",1,,f,t,2026-07-01 02:22:32.056,2026-07-12 23:36:28.959,
d651a271-ea16-4a69-a65d-ee09a845eaaf,Dr. Feelgood,Down By The Jetty (Collector's Edition),1100100000001011101001101000010010001000110010001100000000100101,Monochrome photo shows four men standing before a jetty with a ship in the background; white background and text around image.,1,,f,t,2026-07-01 02:35:45.32,2026-07-12 23:36:28.959,
a087455b-5e82-4f6e-8448-738f365b2152,DIIV,Live At The Murmrr Theatre ,1010100010001010100000101101000011010000110110001000100010000100,Blurred musical figures with an electric guitar; dominant yellow and dark gray color palette. white text box in upper right.,0,"[""ambiguous main visual element"", ""unclear visual focus""]",f,t,2026-07-01 02:34:47.703,2026-07-08 14:57:15.688,Obscure subject and blurry image.
a12f3688-1f4f-4ee2-8deb-0cd11d77aa61,Tom Skinner,Voices of Bishara,0100010111000001110010011100110110011000110010001110000010110001,"Dense, hand-drawn swirling lines in soft pink on a white background.",1,,f,t,2026-07-01 02:41:29.453,2026-07-12 23:36:28.959,
00d753c5-1108-4b67-b4b1-e0f1ebc749f9,Skullcrusher,Quiet The Room,0000110010110010011100011110010011000100110011001110100000010010,Central arched frame with a thin black outline contains a miniature red-brick house with white trim and illuminated front door.,1,,f,t,2026-07-01 02:54:56.763,2026-07-12 23:36:28.959,
b632c6bd-f340-4c26-80cf-44e2a981f661,Chad Taylor Trio,The Reel,0010001100001111000101110011001100100011000011110000111000001100,Dark purple background; abstract central pink circular design with black line and dot patterns. Album artist names up and down.,0,"[""highly abstract artwork""]",f,t,2026-07-01 03:11:08.895,2026-07-11 21:41:12.11,
3ff0cd6b-6f55-4c97-bfa8-a1fe741a526c,Nihiloxica,Kaloli Recycled,1001001110110110110011000001100000011100110011011011100110001010,"Large birds on a trash mound; digital distortions create vertical dripping layers below the surface, showing mixed waste material.",1,,f,t,2026-07-01 03:00:43.258,2026-07-12 23:36:28.959,
ece0d669-f1d2-42f8-89da-2e536b16afee,Junior Boys,Waiting Game,1000110010010100100011101000111010100000100101000000000000000000,"Dark serif-font text that says ""Junior Boys"" and ""Waiting Game"" above an abstract rectangle of dense interwoven black lines.",1,,f,t,2026-07-01 03:08:41.603,2026-07-12 23:36:28.959,
e3771125-b095-4cbb-8507-a3379665117b,Surface to Air Missive,Shadows Leap,0110000101100001011001010100010101000101011000110110000101100101,Black fingerless glove on a hand extends toward a white paneled door; light-walled indoor setting viewed from low angle.,1,,f,t,2026-07-01 03:07:48.603,2026-07-07 09:39:37.316,
0e57c005-c65c-45ed-bf32-883466287d76,Archers of Loaf,Reason in Decline,0000101000111011001100110111001100010001000110110111011000110110,"Photograph of stone humans grabbing each other. Pink, teal, and red lighting.",0,"[""ambiguous main visual element""]",f,t,2026-07-01 03:11:58.572,2026-07-08 14:57:15.688,Obscure subject of the image.
fcb0ea45-fbba-4dd6-9b01-7d453ab47e7b,Dawn Richard & Spencer Zahn,Pigments,1110100011100100111101010101100011010001111100101010111110111011,Large rocky cliff face with many icicles over a snow-covered terrain; a person in blue stands with arms raised under the cliff.,1,,f,t,2026-07-01 03:19:17.804,2026-07-12 23:36:28.959,
956eb7e0-fc14-4d3b-b70d-e70321b35735,they are gutting a body of water,lucky styles,0011011000110110000101101001000101001100001001010010001101000011,Office with one figure in blue (motion blur) in front and another with blonde hair using a phone. Cartoon character in top right.,1,,t,t,2026-07-01 03:21:27.381,2026-07-12 23:36:28.959,
51b11646-8217-44aa-b535-b04225e77222,Tegan and Sara,Crybaby ,0010001101101001010011000100110001001100000010001000010000000100,"Ice cream cone with a knife slicing through its top against a blue background. ""CRYBABY"" appears in white in the upper right.",1,,f,t,2026-07-01 03:16:06.235,2026-07-12 23:36:28.959,
e9d6b140-6bda-4fc4-bd69-aa0c8596575e,Lucrecia Dalt,¡Ay!,1100110111000110011001110111000010110000101100011000000111100111,A person viewed from above in a flowing purple outfit lying on a wave-like textured blue background.,0,,f,t,2026-07-01 03:14:50.589,2026-07-08 14:57:15.688,"Used the word ""limbs"" instead of just saying arms and legs."
7ef62618-2315-4fc0-8223-df1c55931de1,Better Corners,"Modern Dance Gold, Vol. 1",0100111110100100101001101101001011010000100010001000100100101111,Bright pink irregular circle shape with purple-hued mountains and trees; overlayed on a field with grass and trees.,1,,f,t,2026-07-01 03:26:56.674,2026-07-12 23:36:28.959,
dc860a60-4eb2-430a-baba-f07569160172,Thinking Fellers Union Local 282,Porcelain Entertainments,0110001010010101001100010011001010010010000000100100001111000001,Grainy black-and-white photo of five people standing on a wooden platform against a black background.,1,,f,t,2026-07-01 03:33:00.541,2026-07-12 23:36:28.959,
b2b8f748-c6c6-4674-9b8b-dc60ef6bcf4f,Oren Ambarchi,Shebang,1110100110101101101011101110110010000111000100110001111100111010,"Slice of rainbow-layered cake with striped candle; ""Oren Ambarchi"" and ""Shebang"" in gold in upper right against black.",0,,f,t,2026-07-01 03:23:38.574,2026-07-08 14:57:15.688,Too verbose
2c9bd9a3-913a-41f9-84e1-a452a7f76c42,Jeff Parker / Eric Revis / Nasheet Waits,Eastside Romp,0101000101110001010100010100010101010101010101010101000101110001,Minimalist image with white background black and red vertical strips on both sides with artists and album names at the center.,1,,f,t,2026-07-01 03:47:19.607,2026-07-12 23:36:28.959,
58ada426-5452-4def-a4f2-26825d7045e4,The Mommyheads,Genius Killer,0100000010011110000111100001011000011001000111111000110010100000,"Black-and-white close-up of a snake's head with its mouth open, revealing a surreal interior hallway extending into the distance",1,,f,t,2026-07-01 03:37:13.977,2026-07-12 23:36:28.959,
b8dd6c17-7795-4638-8b0b-53b0ffe82a1b,OFF!,Free LSD,0000011100010011100011100001111010001010100001000100110010001110,Five people gaze at a colorful blueish sky with a flying UFO; large dark blue “OFF!” text with white stars on the left.,0,"[""ambiguous main visual element""]",f,t,2026-07-01 03:41:55.983,2026-07-08 14:57:15.688,
8c71578d-51de-490c-a7cb-41a38f6ae1ee,Xxtarlit⚸,Valentine Reel,1100100111010101101100101000001110000010001000100110001111001001,Neon-green artwork of a long-haired girl glowing-eyed figure on black with wave lines; “VALENTINE REEL” at bottom.,0,"[""unclear visual focus""]",f,t,2026-07-01 03:57:16.079,2026-07-12 23:21:26.148,Did not mention that the figure was a girl.
565b7d0f-c669-4ebd-89d9-15dc7c528b44,Wu-Lu,LOGGERHEAD,0111110101011001010011110100111101101001010011010100010000001101,Photo of people in white t-shirts and dark pants stand in a sparsely decorated room with light green walls on a black background.,1,,f,t,2026-07-01 03:54:16.764,2026-07-12 23:36:28.959,
2c3c7ef4-6702-4ce8-8578-cd475466af6e,Kamikaze Palm Tree,Mint Chip,0000000100100001001100000111001111100110101001101000011110000111,"Abstract stylized illustration of two profile figures on a red background with green leaves, one wears black, the other yellow.",0,"[""highly abstract artwork""]",f,t,2026-07-01 04:00:25.464,2026-07-11 21:10:14.631,
12616d72-a971-40f6-adba-8f5e891ca304,Akusmi,Fleeting Future,0100010010010100101100101110110011010010110110101010101010101010,"Geometric digital artwork featuring a red-lined grid background with scattered circular shapes in red, green, pink, and black.",1,,f,t,2026-07-01 03:58:44.699,2026-07-07 10:33:59.569,
98d1e2cf-d925-4558-a4ef-4e8ef6de2444,Mikel Patrick Avery,Sore Thumb,1000101010100010100011101000111010001010100010101011011010110110,"White thumbprint on solid black background, with a rectangular indentation for the nail and two short horizontal lines below it.",0,,f,t,2026-07-01 04:02:16.82,2026-07-08 14:57:15.688,Large description
ae1d5c8f-7989-4170-8c93-77e940bb34b6,Hot Chip,Freakout/Release,1001011000100111000010100011011000110011010001100001001000010000,"Abstract hand-shaped collage with red, yellow, and green patterns resembling human, birds figures, lines; on a blue background.",0,"[""ambiguous main visual element"", ""complex image with mixed media"", ""highly abstract artwork"", ""possible person misidentification"", ""unclear visual focus""]",f,t,2026-07-01 04:15:54.099,2026-07-11 18:11:56.947,Patterns on the hand figure are abstract and difficult to recognize.
2116aff0-325a-4c98-b060-50681c1391dd,Belief,Belief,0110001101100111100001110010111100011011011100110111001001111011,"Cloud-like forms in blended hues of purple, pink, blue, green, and yellow with vertical pixelation.",0,,f,t,2026-07-01 04:08:48.434,2026-07-12 23:36:28.959,Abstract style thats hard to describe.
2abaa368-ccf2-401b-9f96-4e7e00450d35,Winterhawk,Electric Warriors,1001011010010111111011011100110001110100101110000101100100101100,"Four musicians posing on a grassy riverbank. Black text ""WINTERHAWK"" at top and ""ELECTRIC WARRIORS"" at bottom.",1,,f,t,2026-07-01 04:26:22.463,2026-07-12 23:36:28.959,
14855431-44bf-4fbe-818b-2671ebac1092,Alien Nosejob,Paint It Clear,0100101101100101001001110110010001001001100010100011001000110001,"Abstract image with bold geometric shapes and flowing lines in bright red, blue, green, orange, and white on a dark background.",0,"[""highly abstract artwork""]",f,t,2026-07-01 04:31:05.816,2026-07-11 23:19:45.511,
03e19c1f-d2a3-4d31-bb1e-e5427de8a11e,Lavender Country,Blackberry Rose,0011010000110111001000110010001100001011001010110010101101001001,"Vintage style on a deep blue background, with cream central panel, purple flowers, blue berries, album artist names in center.",1,,f,t,2026-07-01 04:40:19.137,2026-07-12 23:36:28.959,
0961847b-da3a-4dec-8fd6-c13fbd998e53,Dave Miller,Daughter of Experience,0010011101100111010001111100011011000111101000110100010100001011,Black-and-white photograph of a person with long hair and a full beard against a textured wallpaper background.,0,"[""bad image quality"", ""cannot read text confidently"", ""ambiguous main visual element""]",f,t,2026-07-01 04:32:58.1,2026-07-12 23:21:26.148,
f65c3172-e01e-4e7d-a192-6fe172e5739a,Lee Bains + The Glory Fires,Old Time Folks,1100001010000001101000101010001010110110101110101010111010111100,Photo of an urban protest scene with uniformed military personnel and protesters holding signs. Handwritten top-right text.,1,,f,t,2026-07-01 04:34:53.835,2026-07-12 23:36:28.959,
4cdc60eb-4164-4c5e-a737-195b8ae65c1f,Precipitation,Glass Horizon,1101000111011001110000011100000111000101110000101100110111001101,"Seascape photo of calm water, rocky outcrops, light clouds in pale blue sky; left vertical purple panel with amorphous shape.",0,"[""ambiguous main visual element""]",f,t,2026-07-01 05:04:20.331,2026-07-12 23:21:26.148,
4d1b6525-709c-4642-a07f-97d2ed9ce466,The A's,Fruit,1011001001110010010011110110111001001110011001100111011000001111,"Photo of two people lying on a bed amid oversized purple grapes, green vegetable, and orange flower props, and red texted frame.",1,,f,t,2026-07-01 04:42:58.507,2026-07-12 23:36:28.959,
d1c8f239-9292-4a82-aeaa-ce3c56f88589,Executioner's Mask,Winterlong,0000001100011101000111010001110100101101001101010010010110001001,Abstract art with a bubble-shaped circle with purple green gradients; a tall pink draped figure stands beside a dark blue sphere.,0,"[""highly abstract artwork""]",f,t,2026-07-01 05:02:02.135,2026-07-11 23:26:26.39,
a0d29756-b2da-4d0c-966a-3cb6f083498b,Pinky Ann Rihal,Tere Liye,0111100010110110011001001100111010001110001110010111000101000101,"Man and two women pose before blurred purple-magenta lights; texts: “Tere Liye,” “Hindi Disco,” and “PINKY ANN RIHAL.”",0,"[""unclear visual focus""]",f,t,2026-07-01 05:03:10.988,2026-07-12 23:21:26.148,Did not mention that the 3 people were a man and two women.
1b94ca33-0c15-4963-a1b2-36314d9c2373,Kids On A Crime Spree,Fall In Love Not In Line,0111000011110011111100111111000010011000100111001000111010000110,Close-up of 3 white woman with curly hair wearing bold red lipstick and blue-purple eyeshadow against a dark background.,1,,f,t,2026-07-01 05:02:34.212,2026-07-12 23:36:28.959,
7594c8fd-87b4-4ccd-a6dc-5e9394aae314,Gwenno,Tresor,1000001101101101011011000100011000100011100110110100111001100110,A person in a red ruffled-sleeve top leans on a mossy green rock against a grassy field and sky with the album title in the field.,1,,f,t,2026-07-01 05:05:30.961,2026-07-12 23:36:28.959,
7d5a8bd0-fe07-4a5a-aa4c-cbaaa1cb29e6,David Nance,Wet Candles,1101001101011011011010110110100101001001011110010110110111101100,"A melting candle illustration on a small round table with ""David Nance"" in cursive at top and ""Candles In The Rain"" below it.",1,,f,t,2026-07-01 05:12:13.412,2026-07-12 23:36:28.959,
5be8ff29-ac41-441f-8471-a63c973d99e3,Demoralized,Demo,0011001100101111100011110000111100001110010011100000111000001111,Black and white image with square frame in which a hooded abstract figure leans over a distorted face with tooth-like shapes.,0,"[""highly abstract artwork"", ""possible person misidentification""]",f,t,2026-07-01 05:18:35.462,2026-07-11 21:19:43.608,
9e31ef0f-05e2-4708-b380-1f7299df8f56,Saâda Bonaire,1992,1011000001000011010011100010100101100001000001110000111101101000,"Two people in a blurred photograph; one with dark hair wearing beaded necklace, the other with light brown hair; Arabic text below",1,,f,t,2026-07-01 05:25:40.709,2026-07-12 23:36:28.959,
4f9a64b8-9d1a-47ea-88a4-cdec5f5d9e28,Brunhild Ferrari & Christoph Heemann,Stürmische Ruhe,1000111010110011001100110111010001101001010011110110110001101001,"Abstract mixed-media with swirling purple, blue, and red blobs; DNA double-helix patterns visible on the left side.",1,,f,t,2026-07-01 05:17:54.144,2026-07-13 00:00:18.919,
eca2c1b9-8361-4f97-b6ef-ae77e9d689bd,"Daniel Carter, Matthew Shipp, William Parker, Gerald Cleaver",Welcome Adventure! Vol. 2,1101101011000010101110100010101010100111101001110100111101100011,Black-and-white photograph of four people standing before city skyscrapers. Lower section displays names and title.,1,,f,t,2026-07-01 05:31:11.984,2026-07-12 23:36:28.959,
cfdb13bc-0d43-4d6c-9f37-265135b877ec,Irreversible Entanglements,Down To Earth,0111010000110100100110110000101101001111000011110000001100101111,"Six vertical monochrome panels with patterns on a black starry background; yellow, pink, blue  ribbons flow from their bases.",1,,f,t,2026-07-01 05:45:54.551,2026-07-12 23:36:28.959,
e35fd750-8065-4b79-b5df-e304f13377cd,Various Artists,Sharayet El Disco: Egyptian Disco & Boogie Cassettes 1982-1992,1110011001100111011010110100101010110000001111010011111000011011,Two standing and one kneeling person beside 3 long cassette tapes on a colorful path under a starry sky with yellow Arabic text.,1,,f,t,2026-07-01 05:39:54.569,2026-07-12 23:36:28.959,
641b3950-0349-4a64-9dd1-7b09b546ec12,farben,textstar +,1000010011100100111000101110001011100010111010001110001011100010,"Stacked cyan, magenta, yellow, and gray squares form layered layers behind a solid black square; album name and artist white text.",1,,t,t,2026-07-01 05:51:45.206,2026-07-12 23:36:28.959,
2a440d8b-d15c-41a0-89c9-a3b0849b18cb,Faye Webster,Car Therapy Sessions,0100101101101010110010101001111000011100000001100100001100110011,A person in a voluminous blue ruffled gown sits among multiple cellos and violins against a red brick wall backdrop.,1,,f,t,2026-07-01 05:57:42.48,2026-07-06 13:53:06.64,
087520b1-6de5-43ef-86b0-9cbcdd2991e5,Debit,The Long Count,0011000111111001101010011011110110111000001110000111000011111000,Shirtless woman in a bathtub with their face distorted by cracked-glass overlay on a beige background.,0,"[""unclear visual focus""]",f,t,2026-07-01 06:15:26.108,2026-07-12 23:21:26.148,
9a5056c2-8c84-422d-9b99-75715adca1a1,Gigi FM,Magnetite EP,1010100011101100101001001010000011100000111101101011011010110110,Blue stylized figure outlined in orange-yellow tones; light gray background features faint blob-like patterns.,1,,f,t,2026-07-01 06:14:58.838,2026-07-12 23:36:28.959,
ce2a0015-502a-4845-9af1-f299fbb7267b,Various Artists,V4 Visions: Of Love & Androids,1111100111011001110110001001100110001101101000011001000000111100,Black-and-white photo of a man in a tailored suit jacket in front of a woman in leather jacket and white pants.,1,,f,t,2026-07-01 06:26:34.508,2026-07-12 23:36:28.959,
934380c9-63d0-4f9b-b839-fe41638f1c67,Cat Power,Covers,1011000011110001101001101000111010001001101001101010011110100110,Close-up of a blue denim shirt with buttons; a pocket holds a black passport and yellow pencil. 'CAT POWER / COVERS' centered text,1,,f,t,2026-07-01 06:24:04.192,2026-07-12 23:36:28.959,
2fcd2213-b7ba-4017-9722-052a70ac083d,Schmidt-Swartz / Saxsquatch,Schmidt-Swartz / Saxsquatch,1100010111100001011001110110100111110101011101101000000010001000,A square frame on white background with minimalist hand-drawn tree with eye-shaped leaves on striped lines. Text around the frame.,0,"[""highly abstract artwork""]",f,t,2026-07-01 06:38:51.242,2026-07-11 21:00:54.363,
a5b9a0ed-215f-4bd8-8951-8eb6f20d89ce,Loop,Sonancy,1001010110100111010001111000011011001101010010000100010110100111,Abstract digital artwork featuring swirling metallic purple and orange patterns on a black background.,1,,f,t,2026-07-01 06:40:11.677,2026-07-12 23:36:28.959,
93cf02a2-3396-4015-afcc-41073855ea25,Oren Ambarchi / Johan Berthling / Andreas Werliin,Ghosted,0000011001111100011101100110001001101000011000100101001010001000,Nighttime photo of a fenced basketball court with a figure doing a full court shot under streetlights in mist weather.,0,"[""ambiguous main visual element"", ""unclear visual focus""]",f,t,2026-07-01 06:48:40.943,2026-07-11 17:48:14.236,
8de0297a-a5ce-4b7d-b7d9-2d4fb3694ef0,Annea Lockwood,Becoming Air / Into the Vanishing Point,0101111000000110001000100001000101010000111001101010101011001100,"Photo of a pond with a reflection of the sky, with herbs, lily pads and reeds; white album artist text on the top right.",1,,f,t,2026-07-01 06:45:41.937,2026-07-12 23:36:28.959,
eb01c8ce-e160-457c-a04f-8c48f62fe0b4,Tapani Rinne & Juha Mäki-Patola,Open,0101111101111101111011110011111100111001100000110110011111100111,Photograph of textured dark gray and light gray sand formations.,1,,f,t,2026-07-01 06:51:15.78,2026-07-12 23:36:28.959,
6bef94fd-ad9b-42e2-8cc6-90226f552372,DJ Hank,City Stars,0000111100001110000101110011000100110001001100010111000111100001,"Nighttime cityscape with illuminated skyscrapers and vibrant blue, purple, and pink neon lights reflecting buildings against sky.",1,,f,t,2026-07-01 07:05:44.505,2026-07-12 23:36:28.959,
769c89df-b480-43d9-be13-7018a7c60450,Bardo Pond,Slab,0000100100111000110110000001100111001001110000011010010000011100,"Hand-drawn creature resembling a tangled rabbit stands beside bold ""BARDOPOND"" text; a speech bubble above reads ""Slab.""",1,,f,t,2026-07-01 07:00:16.288,2026-07-12 23:36:28.959,
c571a919-182e-43c2-857b-4222a05d4b06,Thurston Moore,Screen Time,1010100010101000101000001010100010001000111100001101001011110010,Stone sculpture of a child seated in a narrow architectural niche reading a large open book with legs tucked and hands on the book,0,"[""ambiguous main visual element""]",f,t,2026-07-01 07:08:57.69,2026-07-08 14:57:15.688,Cannot clearly identify the position of the hands.
2f8c7ddf-f515-4328-b342-b02f21e17ae2,alexalone,ALEXALONEWORLD,0100110101001011110010010100110001001101110010111100011011000110,Illustration featuring a central black oval surrounded by colorful figures and landscapes. Dark background with text on left edge.,0,"[""highly abstract artwork""]",f,t,2026-07-01 07:12:27.005,2026-07-08 14:57:15.688,Unusual illustration style.
2c761dee-6595-4b8c-acee-99cc0b50f3ec,Guided By Voices,Welshpool Frillies,1101001011011010100010001001000111110000011110001111100101110000,"Person in a white bra, lace panties, and black top hat appears under a spray painted collage of colorful circular shapes.",0,"[""sensitive or indecent content""]",f,t,2026-06-30 23:14:30.898,2026-07-12 23:21:26.148,
90d141e2-b17c-41d7-a5c2-1c87ed0e7b6f,Tony Allen & Adrian Younge,Tony Allen JID018,0010011000010111010101100001011001101110100110111011011110011110,"Sepia-toned photo of a drummer with large transparent ""JAZZ IS DEAD"" text overlaid. White border with text above.",1,,f,t,2026-06-30 23:00:27.945,2026-07-12 23:36:28.959,
0db97956-db01-4473-bf3d-67d409a150c4,John Coltrane with Eric Dolphy,Evenings at the Village Gate,0111100101110010101101111011010100110111010011010010010101101100,Black-and-white photo of two musicians playing saxophones in profile; album title in white text and artist in orange text on left,1,,f,t,2026-06-30 23:08:25.277,2026-07-12 23:36:28.959,
cf07dc22-7043-4894-8cf2-9abe63809193,Raum,Daughter,0000011100010111101101111000111000001111001111110011111100111111,Monochrome photograph of ocean waves with a large bright overexposed area on the lower left; hazy sky and grainy texture.,1,,f,t,2026-07-01 07:32:37.12,2026-07-12 23:36:28.959,
4e5041c6-52a9-4382-8a2b-6aa9e6b050ec,branch/Rempis/Flaten/Østvang,Tripel/Dubbel ,0101110101111001000101110001011100010111000101110100000101001001,Minimalist red art with a central white square bordered by yellow; instrument credits on left bottom.,1,,f,t,2026-07-01 07:29:03.932,2026-07-13 00:00:18.919,
ff17b6b8-7275-4e18-b146-900024b88677,Charlie Rumback,Seven Bridges,0011111010100100110100101011001010110011101010111010101110111010,"Abstract art of 3 red rocks, with one resembling a horse, on a red desert with a teal sky having psychedelic shapes.",0,"[""ambiguous main visual element"", ""highly abstract artwork"", ""unclear visual focus""]",f,t,2026-07-01 07:36:40.717,2026-07-08 14:57:15.688,
519a4540-bbe3-48b0-af61-1e9a4e03fb8e,Sky H1,Azure,1110011101100111011000111010011110100111001100011010001110100000,"Central abstract geometric structure in white lines over a textured dark blue background, surrounded by smaller white lines",1,,f,t,2026-07-01 07:29:30.825,2026-07-08 14:57:15.688,
e569391d-aff7-4313-b9f8-818d1ffc6091,Sam Gendel and Sam Wilkes,Music for Saxofone & Bass Guitar More Songs,0000010101101001011010000110100100010011110011001100110000110011,Solid olive green background; center has album title text; geometric arrow and line shapes on bottom under artist text.,1,,f,t,2026-07-01 07:46:45.567,2026-07-13 00:00:18.921,
72c26487-09ae-4f54-877c-be01ec244ef2,Bola Sete,"Samba in Seattle : Live at the Penthouse, 1966-1968",0111001100110011001100110111001110110111101101110111011101100100,Black-and-white photograph of a male musician playing an acoustic guitar. Text on top right show album and artist names.,1,,f,t,2026-07-01 07:42:14.769,2026-07-12 23:36:28.959,
e10b85c1-0cde-4856-99f6-057c52fd3f87,Hiss Golden Messenger,Quietly Blowing It,0011101110000111001100110011001001100110000100111011001111111000,Photograph of a person in green jacket and hat standing in cornfield with short stalks; trees and large circular moon/sun in sky.,1,,f,t,2026-07-01 07:44:23.914,2026-07-12 23:36:28.959,
1f222a93-3c49-45d4-b077-b1e502a41db7,Leo Nocentelli,Another Side,1010110011100001101001001010111010110110110101101101010011010100,Monochrome image of a man with an afro playing guitar to a large crowd on a green background and text above.,1,,f,t,2026-07-01 07:40:14.35,2026-07-12 23:36:28.959,
213dd5df-c74a-4d36-97ea-c4b63fbd2f58,Macie Stewart,Mouth Full of Glass,1011001011010010101100111011000110110001101100001011001011100010,"Photo of an ornate hand reaching for red yellow flowers on blurred green foliage, Chinese characters and ""MOUTH"" on the right",1,,f,t,2026-07-01 07:54:12.361,2026-07-12 23:36:28.959,
171a43fc-4320-4b73-a5aa-48b3259a957b,"Black Country, New Road",For the first time,0110000101000011001001010010010100001111000011111100010101110100,"Photo of a suburban street with a two-story white house with dark shutters, surrounded by autumn-colored trees and power lines.",1,,f,t,2026-07-01 07:58:03.19,2026-07-12 23:36:28.959,
a343822e-9b7a-4ea4-9781-500ab00d81f9,Luke Stewart’s Silt Trio,The Bottom,1100001111011001011110011001011110000111100101111001000101000011,"A textured surface like cracked earth in warm brown and golden tones, with white sans-serif text of the artist and album names.",1,,f,t,2026-07-01 07:53:01.017,2026-07-12 23:36:28.959,
b43d57d6-8dce-4d0b-941a-82039db01a79,J.R. Bohannon,Compulsions,1101111011011110100111101001111010010110111101101100100101011011,"Red desert scene with a giant rock with a hand holding an object, a paper with a clock, and a cutout human face on the ground.",0,"[""unclear visual focus""]",f,t,2026-07-01 07:49:35.255,2026-07-08 14:57:15.688,
d7b148fa-6922-40d7-92da-6ca4dfb60485,Bush Tetras,Rhythm and Paranoia: The Best of Bush Tetras,0111010000110111001100110001011010010110110100010110001101100001,"Black-and-white dense collage lots of people's photo in musical poses (playing instruments, singing into microphones etc).",0,"[""complex image with mixed media"", ""unclear visual focus""]",f,t,2026-07-01 07:58:48.791,2026-07-11 22:10:37.395,Cover contains lots of mixed collage. Visual focus is difficult to identify.
74d259c3-9b9b-4bbe-aff2-67a39c3ef343,Sally Anne Morgan,Cups,1001100000010000110010001000011010011000101010001100101111000111,"A woman figure pouring water from a pitcher beside a ram; background has purple/pink/gold shapes, constellations, and stars.",1,,f,t,2026-07-01 08:00:52.224,2026-07-12 23:36:28.959,
528a505e-0fd3-4175-b8fe-48b44c12ee61,Marissa Nadler,The Path of The Clouds,1110000011101001010011000100110011101100110011001100110011001110,"Black-and-white photo of a long-haired woman with both hands on her head, with grainy, ethereal cloud-like overlays.",0,"[""unclear visual focus""]",f,t,2026-07-01 08:07:18.334,2026-07-12 23:21:26.148,Didn't specify the person was a woman.
ef135efa-7e1e-451b-8da4-c1d7b224c0cc,Makaya McCraven,Deciphering the Message,0100100001001000001000000110001001010010010110011000100110110001,"Collage of texts on beige back with, large bold red black ""DECIPHERING THE MESSAGE"" and smaller black texts of different names.",1,,f,t,2026-07-01 08:08:17.806,2026-07-12 23:36:28.959,
bd0e3754-5740-4eb3-9f13-1f6dd120b01f,Ben Lamar Gay,Open Arms to Open Us,1001001111000101111011000111110001111100011000110100011111100111,"Mixed-media collage with bold pink, green, orange, and black brushstrokes, overlapping shapes, and a large light blue circle left.",0,"[""highly abstract artwork""]",f,t,2026-07-01 08:09:21.088,2026-07-08 14:57:15.688,Abstract painting composition.
f84f762b-e080-45f7-8778-cf3e830d84ce,Carlos Niño & Friends,"More Energy Fields, Current",1010111100011011000110111011100110000101000001010000011100011001,"Grainy blue, purple, and pink gradient photograph with ocean waves crashing against a blue sky background with white foam",1,,f,t,2026-07-01 08:27:18.866,2026-07-12 23:36:28.959,
ba6740b4-99de-457f-8615-d2274611901a,Springtime,Springtime,0011001000110010000100100101011010011011110100111101001101010010,"Painting of three red flowers with smiling faces on a green grass background. ""Springtime"" in cursive is at the top right.",1,,f,t,2026-07-01 08:38:26.015,2026-07-12 23:36:28.959,
d3d5d65c-fbda-4dd9-91c6-1b482720eb4f,Ben Chasny,The Intimate Landscape,1001000010010000001000111011001110010110100001101001111011011010,"Abstract art of black tree silhouettes around a blue-to-orange sky with three celestial circles, and a face silhouette below.",1,,f,t,2026-07-01 08:29:53.657,2026-07-12 23:36:28.959,
8af0452c-7c53-47d1-85b1-39759bf21d3b,Artifacts,...and then there's this,1011000011010100110000001100010011000100111001001101010011000100,"Composition of dense swirling shapes in red, yellow, green, blue, and orange on a white background.",0,"[""highly abstract artwork""]",f,t,2026-07-01 08:34:37.326,2026-07-08 14:57:15.688,Abstract painting on the cover.
c5c282a7-0172-4ebc-9942-b955ed90d975,Nick Mazzarella / Ingebrigt Håker Flaten / Avreeayl Ra,What You Seek is Seeing You,0010111100110011001110110010001100001011000000110001101100110000,"Dense collage frame of layered posters and stickers in blue, white, and brown tones, on black background with text around.",0,"[""bad image quality"", ""complex image with mixed media""]",f,t,2026-07-01 08:43:53.241,2026-07-11 21:56:38.218,
9f54b5ec-e03c-4e64-ab94-3db5ed9956a8,Jake Xerxes Fussell,"At Brooklyn Folk Festival, 2019 ",0100101101001010010011001110110100100101010111010100010100101101,"""Brooklyn Folk Festival 2019"" in red script at top, an eagle holding a banjo and shield beneath. ""Jake Xerxes Fussell"" on banner.",1,,f,t,2026-07-01 08:45:39.835,2026-07-12 23:36:28.959,
93604f5e-58e4-47ed-aa53-2b54d902f594,Little Simz,Sometimes I Might Be Introvert,0101010001110001011000010011001101110001011100010110000101100001,Person with a braided high bun wears glasses and a yellow-blue checkered suit and is seated on a chair in a yellow background,1,,f,t,2026-07-01 08:46:06.43,2026-07-12 23:36:28.959,
f2a74431-e5fc-4864-969a-3560a6fe1eac,Angel Bat Dawid,Requiem For Jazz,1110010111100111111001111101101111111110111110101001001010011001,A dancer in a white headwrap and dark top with flowing purple fabric; background musicians on stage.,1,,f,t,2026-07-01 00:25:36.83,2026-07-12 23:36:28.959,
4ca04a8d-5282-41ec-8f9b-35a00efe3cd5,Margo Guryan,Words And Music,0110000111100000110000001100001011000111011000110110000001100000,"A close-up photo of a woman with long dark hair against an orange-yellow to blue gradient background. Text ""N 085"" on the left.",1,,f,t,2026-06-30 18:45:40.454,2026-07-12 23:36:28.959,
37a82152-236a-4cb7-b7de-0cb092064b15,Charlie Parr,Little Sun,0011111100001100000101000101010000010110011011001100110011001110,"Red-tinted drawn illustration of a person walking down a snow-covered path between buildings and bare trees; text reads ""Boombox""",1,,f,t,2026-06-30 19:03:10.514,2026-07-12 23:36:28.959,
eacef0f1-953e-40bf-bf9c-77fecbacd34d,Teerath Majumder,Dust to Dust,0000011100100011000110010001100110101011101110010011010001101110,"Person in profile against a dark, moody background; dramatic side lighting creates high contrast with warm facial highlights.",1,,f,t,2026-06-30 14:31:38.766,2026-07-12 23:36:28.959,
ec98f0b2-ba80-46b9-a2d3-6bede707a5ef,Various Artists, Ephemeral & Fleeting - Modular Music of Japan,0101111101111111100111101100011111000101110000111000011110000111,Abstract light blue background with subtle darker curves and small fragmented white text of artist album name and more.,0,"[""bad image quality"", ""cannot read text confidently""]",t,t,2026-06-30 14:34:40.143,2026-07-08 14:57:15.688,"The image quality is very poor, making it impossible to confidently identify visual details like shapes, line definitions, or text content beyond general blurriness. The text cannot be read reliably, and the composition lacks clarity needed for a precise description."
a269d4d4-9e53-42b0-b316-e6a305b6b5f8,Yot Club,Rufus,1000011000011110010101010001001000110000000011000100110111011100,"Colorful Mixed-media of a cartoon character with yellow hair and large white eyes; background has bed, duck, painting, pink wall.",0,"[""ambiguous main visual element"", ""complex image with mixed media""]",f,t,2026-06-30 19:33:37.177,2026-07-12 23:21:26.148,
3cc183ba-1198-4f27-b240-df072fc08bd7,Waxahatchee,Tiger's Blood,1101100100101001001001111001111101011110101011001011110000111001,"A woman in a bikini, plaid shirt, and jeans stands on grass beneath tall white pole; red shed, red pickup truck and shed in back",0,"[""cannot read text confidently""]",f,t,2026-06-30 19:36:22.118,2026-07-12 23:21:26.148,
ba59629d-37c1-4fa8-a735-0f1dab64f773,Julia Holter,Something In The Room She Moves,0000111110001111100001110100101110010011100110011010110101000001,2 surreal figures made of flower petals; figure made of yellow petals on top of figure made of pink petals and it figure down,0,"[""ambiguous main visual element"", ""complex image with mixed media"", ""highly abstract artwork"", ""possible symbolic interpretation"", ""sensitive or indecent content""]",f,t,2026-06-30 19:52:34.755,2026-07-12 23:21:26.148,
e69851fd-d814-448c-ac8d-b6040c2b14d4,Pete Philly & Perquisite,Eon,1011111010011110100100101110011000110110100011101110011010110100,"3D white and purple text spelling ""EON"" with text disappearing into a pipe; wavy blue-orange-purple gradient background",1,,f,t,2026-06-30 19:06:20.712,2026-07-12 23:36:28.959,
407eb5f7-7f2c-4e6e-b427-60950899dfee,Ibelisse Guardia Ferragutti & Frank Rosaly,MESTIZX,0001000100010101000111000111010001110100110010001000011011000010,Monochrome photograph of two people standing among tall trees and dense foliage.,1,,f,t,2026-06-30 19:07:40.895,2026-07-12 23:36:28.959,
9bf27acc-1feb-41b2-a187-eeadd9c4137e,The Messthetics and James Brandon Lewis,The Messthetics and James Brandon Lewis,0101010101001101110100100100001111001011010011000110100100001001,"Two musicians against a black background; one plays saxophone in foreground, the other holds a guitar neck partially visible.",1,,f,t,2026-06-30 19:42:05.976,2026-07-12 23:36:28.959,
75b258a5-6f12-4b76-80c1-7eb49bbc14b7,Pissed Jeans,Half Divorced,1000110000100110011000101000001100001111001111100001111100100101,Illustration of a road with dark trees and green fields under a blue sky. Smoke rises from a hole in the grass.,1,,f,t,2026-06-30 19:54:45.91,2026-07-12 23:36:28.959,
aeb62ea4-807b-430f-b159-8dd996cedee9,Ryli,Come And Get Me,0010101001101110111010001101100011010100111011001010100110101001,"Hand-drawn illustration featuring two daisy-like flowers. Bold brushstroke text of ""Ryli"" and ""COME AND GET ME"" overlapping.",1,,f,t,2026-06-30 15:49:00.249,2026-07-12 23:36:28.959,
36f915bb-70c7-483a-8410-b6f24b66b475,Acid Mothers Reynols,Vol. 3,1001011000110000111011001110110000110011100111101001011011000110,Abstract psychedelic art of a stylized purple-blue geometric figure with tongue out and small green paper looking thing on it.,0,"[""ambiguous main visual element"", ""complex image with mixed media"", ""highly abstract artwork"", ""unclear visual focus""]",f,t,2026-06-30 19:09:59.442,2026-07-08 14:57:15.688,
73171014-3bab-4afb-b0b7-2ba18f324234,Ibibio Sound Machine,Pull The Rope,0011010100110011001100110011000101110001001100110011000101100001,"Portrait of a person with long dark hair, a braided updo, and a silver dress against a blue background. Red strips on the sides.",0,"[""ambiguous main visual element""]",f,t,2026-06-30 19:10:35.95,2026-07-08 14:57:15.688,Unconventional style for an image.
e15c76f5-dc48-4225-b200-69ef8f23e94e,Emma Geiger,Reverse Bloom,0000001101000011000001111000011110000111100000111000011101100111,Sunset sky with bright central sun illuminating pink-lavender clouds; dark textured foliage on left side.,0,"[""unclear visual focus""]",f,t,2026-06-30 19:14:19.282,2026-07-08 14:57:15.688,Blurry image should have human verification.
dd46cab7-b5a7-4d5e-8b2a-b4ed74f81216,James Elkington and Nathan Salsburg,All Gist,0001001111101100110101001001001010110010110100001101000000010001,Two white-faced figures with green hair and green tops with pink flowers between them on a blue backdrop and green surrounding it.,0,"[""ambiguous main visual element""]",f,t,2026-06-30 19:16:18.876,2026-07-08 14:57:15.688,Obscure image
45dbbbbd-7e62-4031-9453-f3971875285f,Spiny Normen,Spiny Normen,1001011010010110011010010110110111101001110010011011100001100100,Abstract art of four pink-orange paths to matching pyramids and a black path to a black pyramid on a bright yellow background.,0,"[""ambiguous main visual element"", ""highly abstract artwork"", ""unclear visual focus""]",f,t,2026-06-30 19:34:11.119,2026-07-08 14:57:15.688,
dab31fd0-f0cd-44b9-8dea-541107039b10,The River Otters,Adshusheer,1100001011000000101100000101001011010000111000001100110010100000,"A colorful drawing of a riverside with green trees, rocky shores, two seated figures on a wood log by flowing blue water",0,"[""ambiguous main visual element"", ""complex image with mixed media"", ""unclear visual focus""]",f,t,2026-06-30 19:34:48.854,2026-07-08 14:57:15.688,
9f73ac3e-43c6-4095-92ae-6af5a26112eb,Bobbyy,Buckets,0000000010000000111001001101010011010100110100001101000000000000,"Monochrome collage composed of grid-like square sections, each containing fragmented imagery.",0,"[""highly abstract artwork""]",f,t,2026-06-30 19:48:39.517,2026-07-08 14:57:15.688,Ambiguous abstract collage.
dca4efeb-52ed-4b52-9281-351fdb261359,Ruth Goller,SKYLLUMINA,0001100101111001011110010011000000111001101101010011100000111000,Silhouetted figure wears an elaborate animal skull mask against a sunset sky of pink and blue hues.,0,"[""ambiguous main visual element""]",f,t,2026-06-30 19:56:38.34,2026-07-08 14:57:15.688,Obscure image subject requires human verification.
c2128080-043f-49f4-9615-a1d03d688cb1,Alan Sparhawk,"White Roses, My God",0110000100110001001000110100101101111011011110010111100100111100,Dark purple-toned photograph of a partially visible figure under dim lighting showing shoulder/chest area and obscured face,0,"[""ambiguous main visual element"", ""bad image quality"", ""cannot read text confidently"", ""possible person misidentification""]",t,t,2026-06-30 18:11:48.656,2026-07-12 14:35:11.245,"Low image resolution makes specific facial features and body details ambiguous (e.g., unclear if one figure is nude). Text readability relies on context but appears partially blurred due to graininess. Misidentifies two figures when only one is confidently shown."
b4494237-c435-4b12-992c-27ca42867636,Aesop Rock,Integrated Tech Solutions,0010111110000110101000111010000101110001011100110110010100101101,"Abstract collage of two people look at an old computer, lab flasks, circuit boards, space shuttle, a person meditating in space.",0,"[""ambiguous main visual element"", ""complex image with mixed media"", ""highly abstract artwork"", ""unclear visual focus""]",f,t,2026-06-30 21:19:17.249,2026-07-12 11:46:47.79,
57245e1a-8715-4b96-9f7d-8270490d1cbb,David Nance,David Nance & Mowed Sound,1111100011101000100000101010100010000110100011101000111011110011,"Wooden plank with folded fabrics (blue/grey), stuffed animal, scraps of clothes, and scattered straw; muted gray background",1,,f,t,2026-06-30 20:04:45.333,2026-07-12 23:36:28.959,
fbbef26a-1e3f-41d4-84fa-72a26289e428,Can,Live in Paris 1973,0010001100110101001010100100111111001001100100011001100100011110,Monochromatic stacked speaker units with large stylized flowers; a crowd below suggests a live performance scene.,1,,f,t,2026-06-30 20:15:12.556,2026-07-12 23:36:28.959,
0d6895e3-7b65-4a57-a5c8-cd6cf0dc5c44,William Eggleston,512,1101111111110011011100011001101111100101111000001001001111010111,Two metallic gold plaques with black text mounted on white background and a small Rosa Parks postage stamp below it.,1,,f,t,2026-06-30 20:10:43.803,2026-07-12 23:36:28.959,
a32e8f70-38d7-48cb-a0ee-969102d593b2,"Ariel Kalma, Jeremiah Chiu & Marta Sofia Honer",The Closest Thing to Silence,1110000001100001010011010110010100100001111001110010011101100111,A black-and-white grid pattern overlaid with circular shapes containing dot and stripe textures. Left yellow side has text.,1,,f,t,2026-06-30 20:33:39.582,2026-07-12 23:36:28.959,
f2cc1c40-4a61-40de-8362-10b0a7df7e29,Ólafur Arnalds ,The World is Finally Quiet,1001100110111100010101100011001010000111110111101101100001100100,Abstract art with vertical textured streaks in muted gray and soft green tones; minimalist design with no visible text or figures.,1,,f,t,2026-06-30 20:49:46.84,2026-07-12 23:36:28.959,
315e4ff7-d3ae-4179-807b-fe5b8b6f3fe5,Niecy Blues,Exit Simulation,0000011001100001011000010101001101011011100110111001110100011001,Person with braided hair adorned with beads leans forward in front of a brightly lit gas station.,1,,f,t,2026-06-30 21:17:22.468,2026-07-12 23:36:28.959,
2ced64da-9cc2-4c2d-b86d-d8768dc103a3,Bex Burch,There is only love and fear,1010010001110000010100111110101010011100100101001100110101101101,Abstract translucent organic microscopic-like shapes in shades of white and light blue float against a solid deep blue background.,1,,f,t,2026-06-30 21:40:17.415,2026-07-12 23:36:28.959,
478b996a-6037-4d1b-ad3f-502b2ed56c97,Mary Halvorson,Cloudward,0100101110101100101110101010001100100101000110010110110111010111,Large dark brown and purple textured collage extending from the top into a light blue background area.,0,"[""ambiguous main visual element""]",f,t,2026-06-30 20:39:54.896,2026-07-08 14:57:15.688,Abstract collage included.
4604ed56-2652-4699-9101-1ccbdcf04fd8,Green-House,A Host for All Kinds of Life,0011100000111100001000111100111110100110011110010111100100100110,Close-up of reflective green and brown textures with scattered glossy cicrcular spots.,0,"[""ambiguous main visual element""]",f,t,2026-06-30 20:50:31.165,2026-07-08 14:57:15.688,Abstract image design.
a4297370-f2e4-4f08-8345-877df35466e2,Dredd Foole & the Din,See God 1985-1986,0011001001100011011011110100101010100010101100100011000100110101,"Grainy photograph of a person in red shirt performing live under microphones with drums, a guitar, and a graffiti wall at the back",0,"[""unclear visual focus""]",f,t,2026-06-30 21:00:48.084,2026-07-08 14:57:15.688,
b7caf877-8fd0-4db9-977d-9f385692fde5,Laura Groves,Radio Red,1011100001111000110011000100100111101100111001001010011010100110,Black-and-white photo of a woman wearing a dark cloth and hat adorned with feathery trim; against a plain light gray background.,0,"[""unclear visual focus""]",f,t,2026-06-30 22:43:55.906,2026-07-12 11:46:47.79,
585a4389-b625-48be-b65d-15f77fa2b16d,Jamila Woods,Water Made Us,0110110001101000110010011101001111110011110000011101100111101000,"A woman mirrored vertically with long dark braided hair submerged in water, wearing necklaces and patterned swimwear on light blue",0,"[""ambiguous main visual element""]",f,t,2026-06-30 21:32:39.297,2026-07-12 23:21:26.148,
19e11da9-1c65-4f4b-8934-21db12df43a3,Emma Anderson,Pearlies,1011101100100111011000111000011100100011101001111000011001101111,Blurry black-and-white photo of a woman against textured background; colorful bokeh lights below with artist and album names.,1,,f,t,2026-06-30 21:44:01.194,2026-07-12 23:36:28.959,
bcfb0cc8-1b2a-4dce-9f00-434111c22e57,Kym Register + Meltdown Rodeo,Meltdown Rodeo,1000011111000101001000101100101011001001011010000110011001100110,A person sits on a stool with their upper body and face obscured by bright light; foggy yellow background obscuring part of body.,1,,f,t,2026-06-30 21:46:15,2026-07-12 23:36:28.959,
1578052c-56c1-4da6-8ad1-3034ffff17e3,Lee Gamble,Models,0000000000010000011000100110001000010000000000000000000100000000,Nighttime photo of a road with two sets of left-pointing arrow signs on grassy roadside; tall dry vegetation and distant trees,1,,f,t,2026-06-30 21:41:19.121,2026-07-12 23:36:28.959,
1177f9f8-6ede-4f4e-8554-cf42a09e67f1,David Eugene Edwards,Hyacinth,1010010011110100101101101000111010111010110100001110010001101000,Dark blue-black feathers with white shafts surrounds a golden ornate monogram on a plain white background.,1,,f,t,2026-06-30 21:53:36.517,2026-07-12 23:36:28.959,
16a57e15-9ba2-4c98-ba6d-d6645c708c3e,Swansea Sound,Twentieth Century,0111100111100110100110000001100000111000010111100100111101101000,A modernist gray cubic building with dense green foliage in front and pink-hued plants image in the background.,0,"[""ambiguous main visual element"", ""bad image quality"", ""highly abstract artwork"", ""unclear visual focus""]",f,t,2026-06-30 21:44:31.104,2026-07-08 14:57:15.688,
c3a91959-1732-4123-93a3-4f3c5297156d,Dom Flemons,Traveling Wildfire,0000100100010001000001111010110011000100010010010011000110001100,"Man in teal shirt and hat playing acoustic guitar against starry purple sky. Around are vibrant flowers, landscape, and pink moon.",0,"[""highly abstract artwork""]",f,t,2026-06-30 21:51:38.488,2026-07-08 14:57:15.688,Hard to describe collage needs human verification.
04b1ad03-017b-4b2d-a741-f9b19bde934f,Matana Roberts,Coin Coin Chapter Five: In the garden...,0101000110011101110000101100111011011010110011101110011011001001,Collage of torn black-and-white photographs of human eyes overlaid on a fragmented blue and red background.,0,"[""complex image with mixed media""]",f,t,2026-06-30 21:57:25.848,2026-07-08 14:57:15.688,Abstract collage.
aced1218-4f97-4450-aaf7-142d62e38866,James Brandon Lewis,"For Mahalia, With Love",1101100010011000001111000111111001111000011001011110011000110001,Mosaic portrait of a woman with dark hair wearing a yellow dress and cross necklace with face on green background and rest purple,0,"[""complex image with mixed media"", ""unclear visual focus""]",f,t,2026-06-30 22:28:44.322,2026-07-08 14:57:15.688,
6f5e571a-b9d6-4c61-b2a6-aa26931ff33d,Slowdive,everything is alive,1010010010100000101010101001011010010110101010101110100011111000,"A square red maze with a central red figure standing, bordered by red diamond patterns against a light beige background.",0,"[""highly abstract artwork""]",f,t,2026-06-30 22:33:46.05,2026-07-08 14:57:15.688,Abstract design.
5af7b33e-34a5-4bc4-98f3-aff48f4fb634,Holy Wave,Five of Cups,1100010011001000110010001101010011010100111101001101010011110100,Five drink glasses arranged in an orange and teal toned compostion. Bordered with orange.,0,"[""ambiguous main visual element""]",f,t,2026-06-30 22:34:57.359,2026-07-08 14:57:15.688,Descriptions of images with abnormal colors should be reviewed.
953dc911-5618-47a0-a3b1-af00da833689,Panda Bear,Sinister Grift,0001000001001100000111111001111100100111000001110001011100000111,Painted lose-up of a person’s face with dark hair framing the sides; prominent eyes looking up against a dark background,0,"[""unnecessary skin color detail""]",f,t,2026-06-30 17:40:28.434,2026-07-12 23:21:26.148,
9d75856b-41eb-4fa0-9587-a18297135a76,Deerhoof,Noble and Godlike in Ruin,0001001000110000011011000110110001100100011001001110110011100110,"Black-and-white photo of a person with long dark hair, face paint, and a beard; digital glitch effects fragment facial features.",1,,f,t,2026-06-30 16:18:03.663,2026-07-12 23:36:28.959,
46fb4297-6cec-4b55-8bd0-9a89f2214303,Ibex Band,Stereo Instrumental Music,1110010010100000100100001100010011000100111011001110001011110000,Large red 'IBEX' letters filled with photographic portraits of individuals on white background. Small red text above and below.,1,,f,t,2026-06-30 16:11:21.463,2026-07-12 23:36:28.959,
f5000ced-1ec3-43e1-9998-18837eae65c6,Little Mazarn,Mustang Island,1011000111110010111101101110010010010100100100011100101101101110,"Painting with a horse-like creature holding a tambourine in front of a brown, yellow, and green background.",0,"[""highly abstract artwork""]",f,t,2026-06-30 16:08:59.533,2026-07-08 14:57:15.688,Obscure painting.
b3d672c4-51eb-4c3c-b9b3-bc83d426c452,Kilynn Lunsford,Promiscuous Genes,1000011110110010100100101001011111001110101010101010011010000111,Black-and-white photo of two people on a bed; one in white pajamas kneels over another lying down under canopy curtains.,0,"[""bad image quality"", ""possible person misidentification""]",f,t,2026-06-30 17:28:17.641,2026-07-08 14:57:15.688,
45a68c83-7d35-4e1a-89f1-10a247ab7cbf,Holy Tongue and Shackleton,The Tumbling Psychic Joy of Now,1001111110001111101100111111001111110001110011111000111100000010,Painting featuring a radiant orange-yellow center with radiating light streaks and bees flying over a textured beige base.,0,"[""highly abstract artwork""]",f,t,2026-06-30 18:20:35.638,2026-07-08 14:57:15.688,Abstract painting. Requires human verification.
86378c21-de22-48e7-9d12-b4665c942f49,Kate Bollinger,On Songs From A Thousand Frames Of Mind,0001111100000111100001111100011010001100000001100000011100001111,Person in white and yellow dress sits in a cluttered vintage kitchen's bare floors holding a large glass fishbowl with a red fish,0,"[""unclear visual focus""]",f,t,2026-06-30 18:12:57.226,2026-07-12 23:21:26.148,
c57597e8-ed98-4beb-b35a-4deaab534639,Silver Scrolls,Mind Lines,0111001101100001011010010111000100110011011010010110010101001001,Deep red background with a spiral of alternating black-and-white stripes creating an optical illusion; central glowing red circle.,1,,f,t,2026-06-30 18:22:24.706,2026-07-12 23:36:28.959,
2b5dd77c-08c2-48eb-b0cc-f489e966d5e6,Die Like A Dog,"Fragments of music, life and death of ALBERT AYLER",1011100100110001110010011100110111010010010101101010010111110111,"Monochrome central grainy sketch of a dog, bold ""DIE LIKE A DOG"" text at top, subtitles beneath the dog.",1,,f,t,2026-06-30 18:38:56.984,2026-07-12 23:36:28.959,
31ddcc7a-15d4-4f16-b2c8-90bd372457d8,Shellac,The End Of Radio,1000011000000010010100010000001000000010011000001001011010011111,Central area features a large grey field with subtle dot pattern. Dark horizontal bands at top and bottom contain white text boxes,1,,f,t,2026-06-30 18:30:35.859,2026-07-12 23:36:28.959,
1e95be77-a74c-4263-ab6c-b9a35d874eb3,Mountain Movers,Walking After Dark,1100011010110011001100100011000100010000101011001010100100110111,Illustration of a colorful cityscape on a curved peninsula with multicolored skyscrapers; three canoe figures rowing in water.,1,,f,t,2026-06-30 18:51:29.811,2026-07-12 23:36:28.959,
2938d73a-55ca-4b6b-87c1-21f77b5d8a29,Snõõper (Snooper),Super Snõõper,0110110101011001000100010010010101001101001110101110011100101111,Black-and-white photograph of people gathered indoors around a central figure in a costume with large circular eyes and a cape.,1,,f,t,2026-06-30 23:02:05.156,2026-07-12 23:36:28.959,
e45d3e29-bbba-4ebe-9b6e-b8914c8d6c50,Alan Sparhawk,With Trampled by Turtles,1011110010000011000100010011110100101111011110011110000111100101,"A surreal yellow creature with an skull showing teeth as head and white lines on its chest, with red text ""Jesus in Lovers"".",0,"[""ambiguous main visual element"", ""highly abstract artwork""]",f,t,2026-06-30 15:59:05.979,2026-07-12 23:21:26.148,
11b39f9f-aa61-4e63-a6f2-916097fec997,Emily Robb,Soundtrack to The Space Between Attack and Decay,1111000001001100000011000011001110110011001001000100110000011100,"Solid red cover with a figure in black suit standing on a large monochrome skull. Album title in center, separated by figure",1,,f,t,2026-06-30 14:50:53.412,2026-07-12 23:36:28.959,
41c57cc0-4cbc-4c09-9f6f-8d7e5d628613,Verity Den,Wet Glass,0000010000000000000001100000011000001101000010000000000000001000,"Dark automobile interior showing dashboard controls and seats, with a vibrant bouquet of orange, yellow, and white flowers.",1,,f,t,2026-06-30 15:12:08.555,2026-07-12 23:36:28.959,
64bcf3d4-7b32-4529-b79f-a17cf285c61d,Snocaps,Snocaps,1000011010011110101100111011001110110111001110110011010111100001,"A girl plays a blue drum with cymbals, wear an orange white long-sleeve top and dark pants. A shield shape emblem on the top left.",1,,f,t,2026-06-30 15:04:16.197,2026-07-12 23:36:28.959,
5593a315-1f30-419a-a416-07c8bec15e7b,Throwing Muses,Moonlight Concessions,1010010000001001111101001111010011001100010011000101101001001010,Pale yellow background with white flowers and a central black-and-white photo of a person in a car trunk next to a dog.,1,,f,t,2026-06-30 15:45:39.318,2026-07-12 23:36:28.959,
e858e0b4-99cc-4455-94b9-cfd3bbcab8e1,Bad Trips,Nothing But Trouble,0011001101010111000001110010111100111011000000110011011101100011,"Surreal abstract painting of distorted human and animal figures in pink, purple, blue, yellow, and green hues; with text around.",0,"[""ambiguous main visual element"", ""complex image with mixed media"", ""possible person misidentification""]",f,t,2026-06-30 15:10:41.16,2026-07-08 14:57:15.688,
a23375de-4af4-4b5f-a1ac-e0b989e09c19,Paint Work,Paint Work,1100000100011101000011110101011001110011011100010101000111001111,"Black and white cover with textured light background and dark abstract organic forms; block letters reading ""PAINT WORK"" on top.",0,"[""cannot read text confidently""]",f,t,2026-06-30 15:30:47.067,2026-07-08 14:57:15.688,
803410b9-2dfc-40e8-97b7-45132f0042e5,Bardo Pond,Under The Pines ,0000011101100111010011101001100101100101110001011000111010011100,Abstract art of a glowing white wireframe humanoid deer amid dark trees on a purple-blue gradient background with hints of green.,0,"[""ambiguous main visual element"", ""highly abstract artwork"", ""possible person misidentification"", ""unclear visual focus""]",f,t,2026-06-30 15:33:46.376,2026-07-08 14:57:15.688,
96f632d0-33d1-438d-ac8e-a7c899e2d654,Various Artists,Eccentric Modern Soul,1000010100110011101010111110111111010001101101000110110010011001,"Monochrome photograph shows a crowd gathered outdoors. White ""eccentric"" appears at the top and ""Modern Soul"" at the bottom.",1,,f,t,2026-06-30 15:47:11.778,2026-07-12 23:36:28.959,
110786f9-1822-4fa1-945e-9021fb2cea29,Floating Points,Vocoder / Grammar,0000100000010110010101101000011000000111010001100000011100100111,"A blue-toned abstract digital artwork featuring a layered, wavy organic shape against a solid black background.",0,"[""highly abstract artwork""]",f,t,2026-07-01 06:27:45.713,2026-07-08 14:57:15.688,
56fdcc65-2e22-48c9-994f-53637504c65f,Tacoma Park,Tacoma Park,1100101010001010110001100111000001110001110110001101101001000011,"Abstract art with red and blue diagonal stripes, yellow and black splatters, and a small black crow on a pale background.",0,"[""highly abstract artwork""]",f,t,2026-06-30 23:52:25.692,2026-07-08 14:57:15.688,
2f341a32-e336-4271-97d3-376ce3448b04,The Connells,Set The Stage (Live),1010011010100110101000101000111010001010100101101000101010101010,Central are musical instruments arranged on a stage platform. Dark background album and multicolored text at the top and bottom.,0,"[""ambiguous main visual element""]",f,t,2026-07-01 00:15:43.884,2026-07-08 14:57:15.688,Abstract colors should be verified by human.
81739153-046f-4e6c-84ae-a039b39d2712,Fever Ray,Radical Romantics,0000111100001101110011001011001010110000111101001110010001101111,A surreal bald pale skinned person with blonde side hair and yellow-green eyes wears a gray suit on a gray background.,0,"[""unclear visual focus""]",f,t,2026-07-01 00:49:36.969,2026-07-08 14:57:15.688,
f9669b72-0fe3-4a5e-aab9-67e602fd3cb2,Wednesday,Rat Saw God,1001001110010111100101110001011100001110000111101001111000010010,Illustrated scene of five people gathered in an ornate interior room. The image is on grass with a dark background.,0,"[""ambiguous main visual element""]",f,t,2026-07-01 00:44:51.536,2026-07-08 14:57:15.688,Dark and hard to describe elements
c671e299-4adf-45da-94f8-4846823f9866,Shana Cleveland,Manzanita,0001011101110111000010110010111100001111001101110001011100001111,Photo of a woman holding an orange-red acoustic guitar in a forest with flowers on a black cover with artist and album text.,0,"[""unclear visual focus""]",f,t,2026-07-01 00:55:39.522,2026-07-08 14:57:15.688,
bf8304ac-75c5-43d5-a121-0b49852787cc,The Clientele,I Am Not There Anymore,0110010100100101011011000010011000000110000101000001010101000101,Textured reddish-brown paper with traditional Japanese calligraphy of black ink large kanji and smaller scattered hiragana/kanji.,1,,f,t,2026-06-30 23:06:19.33,2026-07-12 23:36:28.959,
2dfa5069-4758-436e-8fb0-3559c1f41795,Julie Byrne,The Greater Wings,1010010011100000110110001101010011110000111110001111100011100100,A woman seated on a car roof wears a vibrant pom-pom jacket and light pants with one arm raised upward against a clear blue sky,1,,f,t,2026-06-30 23:18:47.921,2026-07-12 23:36:28.959,
654a2913-5e47-483f-9f2a-59a868b25e74,Sweeping Promises,Good Living Is Coming For You,1000100010010010111100111000110010001000100101101111011011000110,"Grid of CMYK-colored geometric shapes featuring cyan, magenta, yellow, and black with four segments, some rounded, in each.",1,,f,t,2026-06-30 23:28:46.666,2026-07-12 23:36:28.959,
89fca6b9-647f-40d8-86e9-1561903e8946,Ryuichi Sakamoto,12,0010011010010000000011101111110011100000100001100101101000100100,"Line art of thin green, red, and blue lines clustered and scattered across a white background.",0,"[""highly abstract artwork""]",f,t,2026-07-01 01:18:52.833,2026-07-08 14:57:15.688,Abstract art on the cover.
75fc7929-4ed1-4c90-aaf2-f40231e1d55e,Stella Kola,Stella Kola,0010001001001110010010010110100100001001000001000001001001101010,"""Stella Kola"" in large, ornate calligraphic lettering; surrounding are colorful flowers, birds, and houses on a white background.",0,"[""highly abstract artwork""]",f,t,2026-07-01 01:26:43.973,2026-07-08 14:57:15.688,Abstract artwork with many elements so should receive human verification.
7b5cc499-bddd-4d6f-80f4-0c7bde4bd757,Kevn Kinney,Think About It,0001001001001000001101110001101100011011000101110000101000000000,"An illustration of a car outline with people, pink/black shapes, and a small yellow object. Red background with white text around.",0,"[""complex image with mixed media""]",f,t,2026-07-01 02:25:19.501,2026-07-08 14:57:15.688,Obscure illustration.
27f8dd61-9fea-4702-b29f-c72128ec0c89,SICKRECY,Salvation Through Tyranny,1001001011111000110111001001110011110000110111001001100010011000,Black-and-white collage of figures surrounding a large textured circular image of teeth. Red lettering above this.,0,"[""complex image with mixed media""]",f,t,2026-07-01 02:38:20.927,2026-07-08 14:57:15.688,Collage with lots of elements.
8ffb51dc-b18b-4455-9c3e-b44d65078fe3,Motte,Cold + Liquid,0110110001101100011011000110110010101001101010011110100101101001,"Close-up photograph of cave stalactites and stalagmites in earthy brown, green, and white tones.",0,"[""ambiguous main visual element""]",f,t,2026-07-01 02:42:20.548,2026-07-08 14:57:15.688,Abnormal image subject. Needs to have human verification.
52a23772-2390-4afb-a1e3-c6a4c2137045,Riggings,The Arnold EP,0001001000101010101101100110101001001011101101010110110001100110,Dark green cross-stitch background with golden-yellow loops resembling vines. Lower-left corner displays artist name and album,0,"[""complex image with mixed media""]",f,t,2026-07-01 02:03:07.482,2026-07-12 23:21:26.148,
6a785722-7570-48d0-9bed-59d4610370c5,YoshimiOizumikiYoshiduO,To The Forest To Live A Truer Life,1110010011100001110110011001000011010110110100101010100101100001,Photo of scattered small rounded sticks on a surface in a geometric frame with abstract objects and arabic text around the photo.,1,,f,t,2026-07-01 01:11:56.526,2026-07-12 23:36:28.959,
312c926b-3273-4d31-8bd5-fb1170f15181,Loraine James,Building Something Beautiful For Me,1101100111001100111000001100001111000011101000011001110010011101,"Abstract mixed-media collage featuring interwoven black, white, beige, and brown textures forming chaotic organic patterns.",0,"[""ambiguous main visual element"", ""highly abstract artwork""]",f,t,2026-07-01 03:17:55.629,2026-07-08 14:57:15.688,
1f18e47d-fc69-4cbc-9260-2197b206feae,Yaya Bey,Remember Your North Star,0111110101011101011100011110100111110010110101101101010000101000,"Minimalist image with a plain white background, a central circular cutout and handwritten text ""ya ya bey x"" with ""18/25"".",0,"[""cannot read text confidently""]",f,t,2026-07-01 03:48:21.797,2026-07-08 14:57:15.688,Misread the text.
820c9eb2-cf93-403a-b57b-fa8ff545d05d,Elf Power,Artificial Countrysides,1001110010100110111001101011100010011010100010101010101010100010,"Dense monochrome collage with trees, instruments, and shapes. ""ELF POWER"" and ""Artificial Countrysides"" text also appears.",0,"[""highly abstract artwork""]",f,t,2026-07-01 05:09:56.066,2026-07-08 14:57:15.688,Dense abstract collages should receive human verification.
985a45cc-d18e-43c0-912e-3567f83cca11,Sunburned Hand of the Man,The Wild Animal,1110010010111001110011001110010001100000001100011100010010100000,Turquoise rectangle with smaller rectangle of painted human-like figures; brown textured background behidn turquoise rectangle,0,"[""ambiguous main visual element""]",f,t,2026-07-01 03:05:41.028,2026-07-12 23:21:26.148,
7c133734-bb64-4f53-876e-e75f94502c95,OLDBOY,Honey,0010001111101001110111000101011011010010110100101101011000110000,"Mask with fragmented patterns—honeycomb, splatters, and textured sections, set against a blurred backdrop resembling tree shadows",0,"[""ambiguous main visual element""]",f,t,2026-07-01 03:31:43.554,2026-07-12 23:21:26.148,
e124ad49-1152-4964-bfde-f3eed920b56c,Frankie Cosmos,Inner World Peace,0110000101101001100100110011011000100110001110101010010100100101,"Illustration of glass with Earth model inside water, melting yellow wax over a cup, and stationary inside a jar.",1,,f,t,2026-07-01 02:55:38.249,2026-07-12 23:36:28.959,
aa191314-bc58-4929-99cd-1961fc8976e4,Szun Waves,Earth Patterns,1101110011011100101100100001001000000110000111010001110110010101,A photo depicting tall golden-brown grasses interspersed with scattered white daisy flowers under dark silhouetted tree branches.,1,,f,t,2026-07-01 03:03:31.669,2026-07-12 23:36:28.959,
1bea0b02-9f3a-4394-8e17-55c155e7da61,Teddy Chisi,Limbikani,0110111101011000001101000011010100110111011001110100101101001001,Purple background with a large white star outline containing a black-and-white man's photo; bold text of the album artist name,1,,f,t,2026-07-01 03:08:10.642,2026-07-12 23:36:28.959,
2dda6600-5b26-4c43-9ed0-8978f1fd1b0f,Swamp Dogg,I Need A Job...So I Can Buy More Auto-Tune,1101001011000110110011101110101011000010110100101111111011001110,Photo of a translucent shirtless man in dark pants standing outside among trees. Photo is in a green frame with artist name.,1,,f,t,2026-07-01 03:17:28.876,2026-07-12 23:36:28.959,
1d66be56-cac5-46fc-a799-f69fc1ab9543,Medicine Singers,Medicine Singers,1001100011001000101001011110110011011010100110100100101010111100,"Abstract painting with layered brushstrokes in vibrant pink, yellow, blue, and green hues. Stone figure visible through opening.",0,"[""highly abstract artwork""]",f,t,2026-07-01 05:16:04.707,2026-07-08 14:57:15.688,"Hard to describe, abstract, painting."
c712dd14-cfd9-4071-8c0c-8378623de210,Sam Gendel,SUPERSTORE,1010101000101010101010101010101010101011101010111010101110101011,4x4 grid of hand-drawn abstract human figures in light gray lines on a white background. Each with unique poses.,0,"[""highly abstract artwork""]",f,t,2026-07-01 05:29:21.466,2026-07-08 14:57:15.688,Abstract design
949c5eae-c4b8-4f0f-891c-d6ec888565a0,Legendary Pink Dots,The Museum of Human Happiness,0001111010011111101100111010101100001111000011011000110100010000,"Group of hooded figures approaches a dark building entrance beneath a glowing rainbow arch with ""LEGENDARY PINK DOTS"" below.",0,"[""ambiguous main visual element""]",f,t,2026-07-01 05:53:13.382,2026-07-08 14:57:15.688,Many visual elements in this image.
e96bfc4c-3fe9-49dd-8340-76c4daa47db4,VR Sex,Rough Dimension,0001010100011111101100011011000100110001101100011111000000011111,A Black-and-white photo of person in dark suit by concrete walls framed by red borders; “ROUGH DIMENSION” on the right.,0,"[""ambiguous main visual element""]",f,t,2026-07-01 06:04:42.817,2026-07-08 14:57:15.688,
7a324fac-a896-4297-a108-dcb23565a6ce,Ufomammut,Fenice,0100110111001110000101110011000101101101011011010111000101001101,Red phoenix set within green and red circular patterns with golden rays extending out. Above is an eye in a triangle.,0,"[""highly abstract artwork""]",f,t,2026-07-01 06:06:03.38,2026-07-08 14:57:15.688,Abstract image could be hard to describe. Needs human verification.
e727e59b-64fc-4e48-ae76-e25bd6cf13cf,Emma Geiger,Haven,0000001111111001110110010011001100010011000111100011011011110110,Black-and-white close-up photo of a face partially obscured by a blurred hand; figure is surrounded by nature-like features.,0,"[""bad image quality""]",t,t,2026-07-01 05:54:16.25,2026-07-12 14:54:10.012,"The image quality is very low (significant motion blur, poor resolution), making it impossible to confidently identify specific details like what surrounds the face. The description relies on observable characteristics due to lack of visual clarity."
88d86fd0-59d3-423c-9392-ce0ab00482c3,Brandon Seabrook,In The Swarm,0100110000100110000001100010011000111010000110010011000100111001,A 3x3 grid containing yellow speckles with growing black circular shapes from the top left that fill the bottom right grid.,0,"[""possible symbolic interpretation""]",f,t,2026-07-01 05:36:53.995,2026-07-12 23:21:26.148,
0b0d2166-8d8a-4397-9897-997774973574,Poison Ruïn,Poison Ruïn,0111010101001001011100110101010101010101010101010111001100110011,"Two black-and-white photos of a hooded figure with weapons; one shield has a peace sign, the other a yin-yang symbol.",0,"[""unclear visual focus""]",f,t,2026-07-01 06:00:37.069,2026-07-12 23:21:26.148,
073d10cc-caf8-4425-98fd-af60fc2f4a99,Hercules & Love Affair,In Amber,1110111111110011111100111111001111110011111001101011001110101101,"Figure draped in white fabric in an open field under an amber and blue sunset. ""HERCULES & LOVE AFFAIR"" above and ""IN AMBER"" below",1,,f,t,2026-07-01 05:25:04.54,2026-07-12 23:36:28.959,
aada107d-c214-44dd-8437-bb968742a796,Lynn Avery and Cole Pulice,To Live and Die in Space and Time,1010010110000111100001101000010110000011100001111000011110000111,Black starry background with pink-to-blue gradient abstract shape at center; 'Moon Glyph' sideways text on left edge in center,1,,f,t,2026-07-01 05:24:00.003,2026-07-12 23:36:28.959,
988285f7-2d09-48ec-a685-50eeb2f786e7,Dylan Moon,Option Explore,1011000000010000101000010101011010011010100100111100011011010110,"Photo of a forest with dense green foliage overlaid by scattered black oval shapes, some extending beyond a hand-drawn border.",1,,f,t,2026-07-01 05:27:55.95,2026-07-12 23:36:28.959,
202dc96b-3faf-420d-a6a5-66405e55a950,Robbie Lee & Lea Bertucci,Winds Bells Falls,0110000011010000110100111100001010001100100110011100100111101101,"Vintage map background with flowing pastel-colored lines in pink, blue, and green with large text ""WINDS BELLS FALLS”",0,"[""ambiguous main visual element""]",f,t,2026-07-01 06:30:32.015,2026-07-08 14:57:15.688,Obscure image background needs human verification.
379efb3d-c7ff-46eb-b8f9-b8666900c39f,Jenny Hval,Classic Objects,1110110111110111110111110011000010111000110011100000111000011010,"Collage of a face, stone-like objects, and shapes in orange, blue, and beige with distant mountains, orange lake and clouds.",0,"[""complex image with mixed media""]",f,t,2026-07-01 06:47:19.218,2026-07-08 14:57:15.688,
2c6c8888-20ff-4d5b-8c3a-7b149717da3d,Grossman / Morris-Smith,Curious Music,0000001001011000100101111000001110000011100000110110000000010000,"An abstract art on a dark background with peach walls, blue columns, beige ground, and long light yellow object on the",0,"[""ambiguous main visual element"", ""complex image with mixed media"", ""highly abstract artwork""]",f,t,2026-07-01 06:46:06.226,2026-07-08 14:57:15.688,"Highly abstract art work. Difficult to identify shapes, objects and other elements in the image."
4c02d50d-a225-4889-9afb-8fa7f61dbbeb,Mofaya!,Like One Long Dream,1100111001101110011001101100111111011010100001100100011011011100,"Abstract psychedelic with swirling lines and splatters of bright yellow, orange, blue, green, and pink hues overlaying objects.",0,"[""highly abstract artwork""]",f,t,2026-07-01 07:30:19.103,2026-07-08 14:57:15.688,
c98a1b10-5d5c-498b-a0b0-7c565938b0dc,Christopher Parker & The Band of Guardian Angels,Soul Food,1101010111010011101101000011100001111010010110111101100010110000,"Large white brushstroke text spelling ""Soul Food"" over a teal and yellow halftone background pattern.",0,"[""highly abstract artwork""]",f,t,2026-07-01 07:29:57.117,2026-07-08 14:57:15.688,Abstract composition should require human verification.
afff0054-89a9-4a12-96a5-913e76e0d232,Colpitts,Music from the Accident,1000111110010010100100001011000101101011100100101011011010101100,Shattered glass effect with cracks radiating outward behind which is a person's hand outside a car door.,0,"[""ambiguous main visual element"", ""complex image with mixed media""]",f,t,2026-07-01 06:56:54.454,2026-07-12 23:21:26.148,It is difficult to identify the figure and shapes behind the shattered glass effect.
86f9eb5b-8cc0-41d1-9aed-f6e8c36c2d24,Pelican Movement,Fistful of Ivy,0111110100110011001000010111001111110010101001101110111001100110,"Vertical abstract apex with swirling blue, purple, green, orange, and pink patterns against a textured brown backdrop.",1,,f,t,2026-07-01 06:39:18.892,2026-07-12 23:36:28.959,
b89ce643-e547-49f3-b422-2e4763bc183f,50 Foot Wave,Black Pearl,0010001100010011000110110001111100010111000001110010011100000111,"A sunlit park scene with a single dark bench on green grass, surrounded by dense palm and oak trees with hanging moss.",1,,f,t,2026-07-01 06:39:47.736,2026-07-12 23:36:28.959,
5497fa3f-04ee-42f6-bfe4-0517b86dfad5,Joys Union Group,Boredom Euphoria,1011011110110010101100001110110011100000111100001111001001110000,Abstract art of six light blue and teal circles around bold black brushstrokes overlaying a yellow-striped circular element.,1,,f,t,2026-07-01 06:48:15.511,2026-07-12 23:36:28.959,
cfcccdd7-fa45-41c6-81e0-133c1891c0d5,Thollem,Obstacle Illusion,0100100001100101010001101001001001000110001011010011001000001000,"Abstract shape with concentric green, orange, and yellow rings surrounding a central blue circle, topped by white cloud-like forms",1,,f,t,2026-07-01 07:06:14.862,2026-07-12 23:36:28.959,
df74e80d-bfd2-4297-9911-7a3618816c70,MJ Lenderman,Boat Songs,0000000000100011000010110010001100011011001111010010000100001000,Monochrome image features a motorcycle next to a human with a helmet. Solid black background.,1,,f,t,2026-07-01 06:26:58.784,2026-07-13 00:00:18.921,
f0218845-6993-493b-9ed2-e885dac8b77b,Jana Horn,Optimism,1001100111010010110101101100001110001011001111011111000101011010,"Black-and-white photo of two overlapping faces; the top one is a side profile from nose to mouth, the bottom shows eyes to mouth.",0,"[""unclear visual focus""]",f,t,2026-07-01 07:47:07.29,2026-07-08 14:57:15.688,
9b5082f9-a5c7-41b3-9c41-b24727f3e4f9,Rian Treanor & Cara Tolmie,Body Lapse,1001011101101000110010011100101011001100110111010110011000100111,"Black-and-white photo of woman in raincoat running toward seated man on rocky terrain; scattered pink letters spell ""Body Lapse""",0,"[""ambiguous main visual element"", ""cannot read text confidently""]",t,t,2026-06-30 15:08:41.42,2026-07-12 14:30:36.398,"The scattered pink elements (letters and dots) are ambiguous; while they may visually relate to ""Body Lapse,"" their exact arrangement is unclear without being able to confirm if they form a coherent phrase. The description avoids assuming meaning but the ambiguity of text placement limits confidence in determining precise visual content."
e90cd860-1f9d-4aa0-8329-ab35c79bb40e, Eiko Ishibashi & Jim O'Rourke, Pareidolia,0100111111100111111010011010110111110000111101000110010000111011,Dark vehicle with open trunk centered amidst dense green foliage; small orange taillights visible; partially illegible yellow text,0,"[""bad image quality"", ""cannot read text confidently""]",t,t,2026-06-30 15:16:20.41,2026-07-12 14:49:32.452,Image text is unclear due to blurred grainy quality of image.
38c91f9e-03a1-4291-97bd-f0d2eeef8a10,Crazy Doberman,"""everyone is rolling down a hill"" or ""the journey to the center of some arcane mystery and the entanglements of the vines and veins of the cosmic and unwieldy millieu encountered in the midst of that endeavor""",1000111010010111001010110000111100001011001010111010101111010100,"Collage with overlapping images of food dishes, eyes, scraps, instructions, and red chopsticks; purple border outside collage",0,"[""ambiguous main visual element"", ""complex image with mixed media"", ""highly abstract artwork"", ""unclear visual focus""]",f,t,2026-07-01 08:36:12.24,2026-07-12 23:21:26.148,
407d6883-9f57-41bf-8b94-1bf803e89a5c,Ax Riggs,"One Hundred Cigarettes, vol 2",1001010000100000001001011010010101000001110000111001001110110110,Mixed-media photo featuring neon purple-and-blue jack-o'-lantern face with brown jacket and teal skin. Hooded figure on left.,0,"[""ambiguous main visual element""]",f,t,2026-07-01 08:50:02.854,2026-07-12 23:21:26.148,
a574756c-4f0b-430d-ba57-408cc4405310,Frente Cumbiero,Cera Perdida,1010110111110001011001101100011010011100001001100010001001000010,"Diverse figures, some in colorful masks, all in traditional clothing, holding two banners: ""FRENTE CUMBIERO"" and ""CERA PERDIDA"".",1,,f,t,2026-07-01 07:41:50.194,2026-07-12 23:36:28.959,
eefa91c7-af4b-43da-82a5-c6c565ed6531,Daniel Bachman ,Lonesome Weary Blues,1000100010110000011001000100110111001001110110101001100010000100,Minimalist hand-drawn line sketch of a person’s profile facing left with large circular glasses on a white background.,1,,f,t,2026-07-01 07:56:46.424,2026-07-12 23:36:28.959,
7adcc3ec-881f-493f-8bf9-f6b8d1fe3d36,Can,Live In Brighton 1975,0100111100001111001101110111011111010100001101010001011100011101,Black-and-white photo of large stacked speakers with seashells on top above a crowded stage with album artist name at the top.,1,,f,t,2026-07-01 08:11:02.004,2026-07-12 23:36:28.959,
a7946603-ecb4-4d29-bbb7-ff24b6923a58,SQÜRL,Silver Haze,1011110010111100100110001110001011100101111001001110110011100000,Monochromatic blurred cityscape elements under a misty atmosphere with scattered white patches and visible graininess.,0,"[""ambiguous main visual element"", ""bad image quality""]",t,t,2026-06-30 23:29:33.598,2026-07-12 14:38:10.039,"Image quality is extremely poor (low resolution, heavy grain, lack of sharp edges), making it impossible to confidently identify specific subjects or distinguish between architectural shapes, smudges, and text. The faint forms could be buildings or abstract textures without visual evidence supporting a definitive interpretation."
0204a518-a45f-4958-b57f-93deef1a87cb,Temple of Angels,Endless Pursuit,1100111111000110111100001011010011010001110011001110111100101101,"Dark, indistinct textures and scattered pink/red/white accents. Text at bottom center reads ""ENDLESS PURSUIT"" and artist name.",0,"[""ambiguous main visual element"", ""bad image quality""]",t,t,2026-06-30 23:15:19.942,2026-07-12 14:51:21.254,"Low resolution prevents confident identification of specific elements (e.g., whether red shapes are flowers or abstract marks), requiring use of generalized terms like ""accents."" Composition is visually ambiguous beyond text and color palette description."
fb1c2240-cf54-41d6-9e45-0dbc09ce3075,The Body,The Crying Out Of Things,1110110011100011011100110111100111111001011101011011001011100110,Monochrome grainy close-up shot of a face with dark shadows and light areas against a dark background.,0,"[""ambiguous main visual element""]",t,t,2026-06-30 18:03:18.379,2026-07-12 19:25:59.909,"The image quality is extremely low-resolution with heavy pixelation and motion blur, making it impossible to confidently identify specific visual elements or determine if the forms represent any particular subject. The graininess appears intentional as artistic texture but prevents precise description of shapes, relationships between elements, or compositional details. Critical aspects for functional equivalence cannot be reliably discerned from visible features alone."
56f5bc2a-08e5-4345-801a-8142ff352a3d,Ruth Goller,Skylla,1000100010001110100010101001100011100010111010001100110011100100,"Heavily blurred facial portrait in muted teal, brown, and black tones, overlaid with two diagonal metallic lines.",0,"[""ambiguous main visual element""]",t,t,2026-06-30 17:55:01.96,2026-07-12 19:29:15.573,"Image quality is extremely low-resolution, making it impossible to confidently identify specific visual elements (e.g., whether the subject is a face or abstract shapes) or discern any text. Critical details are obscured by severe blur and pixelation."
33fde2dd-5f91-49ac-ae6b-f0257c9a7c34,Shannon Lay,Covers Vol. 1,0000110000110100001100100010011000000011000001110001111100011010,A person lies partially covered by a textured blanket beneath a soft-focus background of blended warm and cool colors.,0,"[""ambiguous main visual element""]",t,t,2026-07-01 00:44:14.454,2026-07-12 19:38:46.446,"The image quality is significantly blurred, reducing clarity in fine details like color gradients and texture. Visual elements are ambiguous due to low resolution, making confident identification of precise artistic techniques or exact subject features difficult."
e10f6908-a275-4d08-a50a-2848c7c2c5cc,Patrick Shiroishi & Piotr Kurek,Greyhound Days,0111011001110110011111000111101001110010011110100110101000010001,"Monochrome, grainy, low-resolution photograph of indistinct figures in a crowded composition. Surrounded by a white background.",0,"[""ambiguous main visual element"", ""highly abstract artwork""]",t,t,2026-06-30 16:31:17.863,2026-07-12 19:45:54.635,"Image quality is severely compromised by excessive graininess and low resolution, preventing confident identification of specific subjects (e.g., facial features, clothing details) or reliable interpretation of any potential textual elements. The overall composition lacks clarity necessary for a precise description."
f8bbae93-ab86-43e8-8b73-848899322ffb,Adrianne Lenker,Live at Revolution Hall,1101000111111011110111011101111111011111110111111001111111011101,Photograph of a guitar player blurred with yellow-orange color overlaid.,0,"[""ambiguous main visual element""]",t,t,2026-06-30 16:29:15.774,2026-07-12 19:50:18.721,"The image quality is too low (blurred) to confidently identify visual details beyond basic composition elements and partially legible text, limiting precise description."
145639eb-3ba8-43ee-b5a9-4078cd71fa74,Gentle Leader XIV,Joke in the Shadow,1111000010101000101010001011001110110011101010101010101011110000,"8 seashells on black background with green dashed X lines, hidden red circle; text is ""Gentle Leader XIV"" and ""Joke in the Shadow""",1,,f,t,2026-06-30 15:46:49.389,2026-07-12 23:36:28.959,
7ec395db-10ea-48e9-814e-7ce69928adcf,Winterhawk,Dog Soldier,0010101100110110000011100101011101110011000110111010101001011001,"Feathered-headdress warrior on horseback holding an axe and shield, leaping over soldiers firing rifles against orange background.",1,,f,t,2026-07-01 04:25:56.301,2026-07-12 23:36:28.959,
dc05b652-2bee-4a63-96b3-a8a600922360,Flooding,Silhouette Machine,1111111111111111111111001011001110111110101111101011111011111011,"Abstract dark gradient from murky yellow-brown tones into dark brown; white ""FLOODING"" text and small star on the right side.",1,,t,t,2026-06-30 20:30:59.076,2026-07-12 23:36:28.959,
ceabc3a4-ddfc-4218-ab7d-2175c934eb65,Fearing,Destroyer,0001111000110010001100110110000101100001001100010011000101100001,"Abstract artwork featuring grainy blue and gray tones with dark irregular shapes forming a misty, surreal composition.",0,"[""bad image quality"", ""ambiguous main visual element""]",t,t,2026-06-30 22:01:07.251,2026-07-08 14:57:15.688,"The image quality is too low for confident identification of specific elements; details are obscured by blurriness and noise, making primary visual features ambiguous."
cfb006e7-7f42-47b1-97aa-603fedf17b60,Strategy,Graffiti In Space,0001010001000001000000010000001100001001010010010010000000001000,"Vibrant blue, green, and red color bands interrupted by horizontal and diagonal glitch effects against a solid black background.",0,"[""ambiguous main visual element"", ""bad image quality""]",t,t,2026-07-01 01:53:00.652,2026-07-12 19:20:53.411,"The image quality is significantly low-resolution with heavy distortion (glitch effect), making it difficult to confidently identify specific details like exact color nuances or precise shape forms. While the general style (digital glitch art) is discernible, key visual elements lack clarity for a fully confident description per WCAG guidelines."
27c75d78-8e8d-4b88-abd8-7eef898bb883,Lambchop,The Bible,0111100010000110100011101001111010000110100011100011000000100010,Light-beige textured collage with dark abstract shapes displayed on a laptop screen in a dark setting.,0,"[""ambiguous main visual element""]",t,t,2026-07-01 03:35:18.224,2026-07-12 19:30:13.477,"The image quality is low, making it unclear whether the text is fully readable or a guess (e.g., ""LAMBCHOP"" could be misinterpreted). Visual details like shape and color are discernible, but key textual elements lack sufficient clarity for confident identification."
e1a8fef5-aa84-4937-a0b6-3f60f4832e19,Ural Thomas and the Pain,Dancing Dimensions,0001001110010010101100110011100100111001001111010011110000001101,"A face looking up with overlapping blended colors of blue, green, orange, and purple.",0,"[""ambiguous main visual element"", ""highly abstract artwork""]",t,t,2026-07-01 01:56:38.778,2026-07-12 19:45:14.743,"The main subject (a figure's face) is visually indistinct due to heavy color overlay and distortion. Low resolution prevents reliable identification of specific features, textures, or visual elements beyond basic color patterns. No text is legible for inclusion."
0098c9fe-0723-4ca2-920d-41b4fb770583,Roy Montgomery,Camera Melancholia,0110110101001111010111010111110101101101011010010100101101001001,Dark line art of a figure standing alone with no text.,0,"[""ambiguous main visual element"", ""highly abstract artwork""]",t,t,2026-07-01 02:36:54.494,2026-07-12 19:48:37.293,"The image's extremely low resolution makes fine details indistinct (e.g., facial features of the central figure, precise shapes within the line art), requiring reliance on general visual cues rather than specific identifications. Composition clarity is also compromised by high noise and contrast loss."
c4dad2bf-f70d-4118-8a21-e8f6709300e4,Photay with Carlos Niño,An Offering,0111000111010110110101101001111110011101101001111000001111100100,"Blurred, blended colors including red, white, blue, green, and brown with soft cloud-like textures.",0,"[""ambiguous main visual element""]",t,t,2026-07-01 02:44:00.593,2026-07-12 19:55:06.186,"Image resolution is too low (grainy/pixelated), preventing confident identification of specific shapes, patterns, or artistic techniques beyond general color blending and texture. Details like distinct forms or intentional design elements cannot be reliably distinguished."
5ae1f655-c0f1-4620-ac91-f0f2b1cfc934,Bibi Club,Le soliel et la mer,1100110011000110111011001101111011011000110101001110000001100000,Layered textures in muted teal and pink; handwritten French text above.,0,"[""ambiguous main visual element"", ""highly abstract artwork""]",t,t,2026-07-01 01:42:21.243,2026-07-12 20:00:15.36,"Low-resolution image obscures fine texture details, makes layer relationships ambiguous, and risks misinterpretation of color tones. Handwritten text is discernible but partially legible due to quality constraints."
75b8201c-96e0-4e48-a23d-89854c1d6135,Bondo,Print Selections,0001100010011100100110000100100000110010001100100011011011011110,"Monochrome close-up of the ocean, sparkling. Sparkles are luminous orbs distributed across the composition.",0,"[""highly abstract artwork""]",t,t,2026-07-01 01:22:40.013,2026-07-12 23:21:26.148,
7d779451-d316-4ba0-b0f4-07c1872e0c25,Dippers,Clastic Rock,1100011010110000101100010011000000111001100110111000100010101000,Geometric diamond pattern with white circular dots in each diamond against a yellow background; 'DIPPERS' and 'CLASTIC ROCK' text,1,,f,t,2026-06-30 22:31:19.754,2026-07-12 23:36:28.959,
4e70fd51-cb40-4ad9-b855-7be339411f51,Hana Vu,Public Storage,1001100001001100100001100010011000101110000100100000010010011100,"Close-up photo of an open mouth interior showing a tongue with scattered red spots, surrounded by teeth with visible discoloration",1,,t,t,2026-07-01 06:02:38.501,2026-07-12 23:36:28.959,
07247e9f-638b-425a-9694-ec89de65b431,Evan Caminiti,West Winds,1100011011011110011111100001100001101101111011001100001111100110,"Abstract art resembling a textured rocky formations with dark cave-like openings above churning, wave-tossed water at the base.",0,"[""bad image quality"", ""highly abstract artwork"", ""unclear visual focus""]",t,t,2026-07-01 06:58:40.308,2026-07-08 14:57:15.688,The high-grain texture and low resolution of the image make it difficult to confidently identify specific details beyond a general coastal scene; fine visual distinctions are obscured.
08fee064-26f6-43d5-b9c0-48685fb9d5f1,Wintery Love,Three Songs With Rudolph Drumming,1010101010010110011101010110100001001001011010010110100101110010,"A hand drawn animal head with large ears, big eyes, two small horns and a bright orange-red nose on a deep green background.",0,"[""unclear visual focus""]",f,t,2026-06-30 15:00:15.303,2026-07-08 14:57:15.688,
9547db3d-62c5-4ab1-af74-fdd29913190f,Big Thief,Dragon New Warm Mountain I Believe In You,0000000000000100101100011111000011100100011011000000100100000000,"Hand-drawn pencil sketch of a dinosaur, owl, bird, and duck-like animal with a guitar gathered around a small fire",0,"[""ambiguous main visual element"", ""bad image quality""]",t,t,2026-07-01 07:30:46.639,2026-07-12 14:55:46.586,Key visual components are ambiguous.
2cb4e986-35d5-4c37-9332-99a585c4d413,Arooj Aftab,Vulture Prince,0011111000111010101100100011001000110010001001101010011110010101,Close-up photograph of a woman's face under dim lighting and purple tones.,0,"[""ambiguous main visual element""]",t,t,2026-07-01 07:35:04.003,2026-07-12 19:51:02.963,"The image has low visibility due to heavy shadowing and muted color palette, making fine details of the subject’s features difficult to discern confidently. The visible text is legible but the overall visual content requires interpretation of obscured elements."
4e4d37ee-0253-40b8-a241-6206cd06ea72,Das Damen,1986: Keeps Me Wild,1010000110100001100000001000111011010000101010001110011011001100,"Pink background with central grainy photo showing four musicians performing on stage with guitars, drums, and microphones.",1,,f,t,2026-06-30 20:47:01.991,2026-07-12 23:36:28.959,
1a66ac13-3d88-49ee-a9b3-ee0ebe12a807,Les Rallizes Denudes,The OZ Tapes,0100011000100110100010110110011001000110110010011110100010001111,"Photograph with brown background and two musicians performing. Japanese text at the top and ""THE OZ TAPES"" in white at the bottom.",0,"[""unclear visual focus""]",f,t,2026-07-01 06:17:13.883,2026-07-08 14:57:15.688,Too verbose and doesn't mention the area of the image surrounding the main subject.
27edc832-32eb-40ab-97d7-73684f19c96d,Laurel Halo,Atlas,0011001101110011010010010100100111001000100011000100110001001010,Blurry photo of a long-haired woman on a street against a twilight blue sky with distant lights.,0,"[""bad image quality"", ""possible person misidentification""]",t,t,2026-06-30 21:57:42.654,2026-07-08 14:57:15.688,"Image quality is extremely low (significant blur, lack of detail) making it impossible to confidently identify visual elements beyond a general human figure with long hair; key details like facial features or specific background objects cannot be reliably discerned due to blurriness."
267babc2-6249-40cc-87c8-1a9e711c9dde,No Age,People Helping People,0001000000110000101100100111000101101001011011000110100100101000,A dark blue dustpan on a light background filled two broken light bulbs debris.,0,"[""ambiguous main visual element""]",f,t,2026-07-01 03:59:02.204,2026-07-08 14:57:15.688,"Said image contained ""crumpled white paper"" but it was ""broken light bulbs""."
966d2293-4234-43b9-b4db-880c9f1a45ec,Yellow Swans,Descension,0000100000100000000100101001011000010110000001110000001000001000,"A dark, grainy photographic image of indistinct light and dark forms over a textured lower section.",0,"[""bad image quality"", ""highly abstract artwork"", ""ambiguous main visual element""]",t,t,2026-07-01 06:58:06.257,2026-07-08 14:57:15.688,"Image quality is too low to confidently identify specific visual elements beyond the visible text and general grayscale tonal patterns. The main subject's composition (e.g., whether it represents sky, water, or abstract shapes) cannot be determined reliably due to severe graininess and lack of discernible details."
d7deb3dc-0b99-47f0-b07b-24e13c97ea21,Weval,Remember,0011001000010000110011000010010000100110001000100000101110010010,"Abstract swirling lines like branches with leaves in pink, blue, orange, green, and yellow on a dark background;",0,"[""ambiguous main visual element"", ""highly abstract artwork""]",f,t,2026-07-01 01:17:01.604,2026-07-08 14:57:15.688,
e1a0b4b2-9f13-4947-96e3-14e58273d109,Keiji Haino / Jim O'Rourke / Oren Ambarchi,"""Caught in the dilemma of being made to choose"" This makes the modesty which should never been closed off itself Continue to ask itself: ""Ready or not​?​""",1100010110000101101100111101010111010100111001001100011001001111,Three black chairs against a peeling white wall with vines. Metal ladders and purple/blue fringes in the foreground.,0,"[""highly abstract artwork""]",f,t,2026-07-01 02:24:09.101,2026-07-08 14:57:15.688,Photograph of an abnormal scene.
dc599294-863c-4d50-be6a-18f81fa2494d,Sufjan Stevens,Javelin,0010111001001001110110011010110101010100101001001101111001010011,Dense collage of people on a beige background with large pink dripping “Javelin” and white block “SUFJAN STEVENS” at the bottom.,0,"[""ambiguous main visual element"", ""bad image quality"", ""complex image with mixed media"", ""unclear visual focus""]",f,t,2026-06-30 21:31:44.901,2026-07-08 14:57:15.688,
d06705e9-6226-45d9-ad6f-f2cfad0a7182,Los Retros,Looking Back,1000111010001110101100100110100011101000111010001011000010000110,"Child portrait on blue backdrop with psychedelic border with stars, moon, planet, rose; text “Los Retros"" and ""LOOKING BACK”.",1,,f,t,2026-07-01 03:01:13.972,2026-07-12 23:28:09.241,
20e0e823-a8ab-46a2-a281-dd0a419cebd4,Mamaki Boys,Patriote,0010001111010100111010000110001010111001110111000100010000100010,"Two men in white stand before the Niger flag, an orange, white, and green horizontal bands flag with an orange middle circle.",1,,f,t,2026-07-01 08:17:53.972,2026-07-12 23:36:28.959,
ba4c9d26-1f41-4478-9da6-8dd33ac3f610,Ava Mendoza,New Spells,0001001100010011001100110011001100100011000101110010011100000111,"Illustration shows a guitarist (red silhouette) against a teal plant background, bordered by red side panels.",0,"[""highly abstract artwork""]",f,t,2026-07-01 08:02:40.898,2026-07-08 14:57:15.688,Abstract image.
d4817574-eece-4d14-9471-a9c3ba927a11,Nilotika Cultural Ensemble,Nyabingi Resurrection,0001111100001111000010110001001111010001010101001001010001101000,Newspaper-text collage with painting of group of people wearing colorful clothing; tree and grass elements in background.,1,,f,t,2026-07-01 07:41:15.157,2026-07-12 23:36:28.959,
