id,release_id,reviewed_at,decision,model_alt_text,model_confidence,model_confidence_explanation,model_review_triggers,final_alt_text,final_confidence,final_confidence_explanation,final_review_triggers
730,9547db3d-62c5-4ab1-af74-fdd29913190f,2026-07-12 14:55:46.586,deny,"A hand-drawn monochrome sketch depicts a dinosaur, an owl, and a musician with a guitar gathered around a small fire, all rendered in loose pencil lines.",0,"The image quality is too low-resolution to confidently identify details like the type of animal (e.g., whether the dinosaur is T. rex), precise posture of figures, or distinguish some elements due to faint line work and blur; key visual components are partially ambiguous.","[""bad image quality"", ""ambiguous main visual element""]","Hand-drawn pencil sketch of a dinosaur, owl, bird, and duck-like animal with a guitar gathered around a small fire",0,Key visual components are ambiguous.,"[""ambiguous main visual element"", ""bad image quality""]"
642,4b1c3b51-8f4d-49f7-aa36-40aa9054398c,2026-07-11 17:20:15.514,deny,"Album cover with bare tree branches in dark purple against a white background, framed by a solid maroon border. ""PHAROAH"" appears in large serif font at top; ""PHAROAH SANDERS"" is centered below the branches in smaller text.",1,,,"Bare tree branches in dark purple against a white background, framed by a solid maroon border. Text ""PHAROAH"" & ""PHAROAH SANDERS"".",1,,
731,cfb006e7-7f42-47b1-97aa-603fedf17b60,2026-07-12 19:20:53.411,deny,"Abstract digital album cover featuring vibrant blue, green, and red color bands interrupted by horizontal and diagonal glitch effects against a solid black background. The artwork consists of distorted geometric shapes and fragmented pixelated lines.",0,"The image quality is significantly low-resolution with heavy distortion (glitch effect), making it difficult to confidently identify specific details like exact color nuances or precise shape forms. While the general style (digital glitch art) is discernible, key visual elements lack clarity for a fully confident description per WCAG guidelines.","[""bad image quality"", ""ambiguous main visual element""]","Vibrant blue, green, and red color bands interrupted by horizontal and diagonal glitch effects against a solid black background.",0,"The image quality is significantly low-resolution with heavy distortion (glitch effect), making it difficult to confidently identify specific details like exact color nuances or precise shape forms. While the general style (digital glitch art) is discernible, key visual elements lack clarity for a fully confident description per WCAG guidelines.","[""ambiguous main visual element"", ""bad image quality""]"
643,2461c5f7-6a20-4a56-9a50-dbd2406dfd56,2026-07-11 17:25:06.94,deny,"Minimalist collage album cover with three distinct color-blocked photographic sections: green-toned urban scene (building, figure), blue-tinted tram, red-hued storefront. Text includes ""stereo"" top-left; bold ""the umbrellas""; and quoted ""fairweather friend"". Pastel color palette.",1,,,"Minimalist collage with 3 rectangular blocks of green-toned building, blue-tinted tram and red-hued storefront, on a pastel back.",1,,
732,fb1c2240-cf54-41d6-9e45-0dbc09ce3075,2026-07-12 19:25:59.909,deny,"Monochrome photograph featuring high-contrast black-and-white imagery with a grainy texture. Abstract blurred organic forms create an obscured facial feature-like composition, dominated by dark shadows and light areas against a solid black background.",0,"The image quality is extremely low-resolution with heavy pixelation and motion blur, making it impossible to confidently identify specific visual elements or determine if the forms represent any particular subject. The graininess appears intentional as artistic texture but prevents precise description of shapes, relationships between elements, or compositional details. Critical aspects for functional equivalence cannot be reliably discerned from visible features alone.","[""bad image quality"", ""ambiguous main visual element""]",Monochrome grainy close-up shot of a face with dark shadows and light areas against a dark background.,0,"The image quality is extremely low-resolution with heavy pixelation and motion blur, making it impossible to confidently identify specific visual elements or determine if the forms represent any particular subject. The graininess appears intentional as artistic texture but prevents precise description of shapes, relationships between elements, or compositional details. Critical aspects for functional equivalence cannot be reliably discerned from visible features alone.","[""ambiguous main visual element""]"
644,ef135efa-7e1e-451b-8da4-c1d7b224c0cc,2026-07-11 17:26:53.845,deny,"Album cover features large bold red and black typographic collage spelling ""DECIPHERING THE MESSAGE"" over a beige background; ""MAKAYA McCRAVEN"" in black text appears below with additional artist names at bottom left.",1,,,"Collage of texts on beige back with, large bold red black ""DECIPHERING THE MESSAGE"" and smaller black texts of different names.",1,,
733,56f5bc2a-08e5-4345-801a-8142ff352a3d,2026-07-12 19:29:15.573,deny,"Abstract album cover featuring a heavily blurred facial portrait in muted teal, brown, and black tones, overlaid with two diagonal metallic lines on a grainy textured background.",0,"Image quality is extremely low-resolution, making it impossible to confidently identify specific visual elements (e.g., whether the subject is a face or abstract shapes) or discern any text. Critical details are obscured by severe blur and pixelation.","[""bad image quality"", ""ambiguous main visual element""]","Heavily blurred facial portrait in muted teal, brown, and black tones, overlaid with two diagonal metallic lines.",0,"Image quality is extremely low-resolution, making it impossible to confidently identify specific visual elements (e.g., whether the subject is a face or abstract shapes) or discern any text. Critical details are obscured by severe blur and pixelation.","[""ambiguous main visual element""]"
734,27c75d78-8e8d-4b88-abd8-7eef898bb883,2026-07-12 19:30:13.477,deny,"Album artwork displayed on a laptop screen; light-beige textured collage with dark abstract shapes and partially legible ""LAMBCHOP"" typography.",0,"The image quality is low, making it unclear whether the text is fully readable or a guess (e.g., ""LAMBCHOP"" could be misinterpreted). Visual details like shape and color are discernible, but key textual elements lack sufficient clarity for confident identification.","[""bad image quality"", ""cannot read text confidently""]",Light-beige textured collage with dark abstract shapes displayed on a laptop screen in a dark setting.,0,"The image quality is low, making it unclear whether the text is fully readable or a guess (e.g., ""LAMBCHOP"" could be misinterpreted). Visual details like shape and color are discernible, but key textual elements lack sufficient clarity for confident identification.","[""ambiguous main visual element""]"
646,da573214-3e45-4044-8d35-a476df8dde96,2026-07-11 17:34:22.773,deny,"Landscape photograph showing green fields, white picket fence, and two gray silhouettes (tall tower-like figure being pushed by smaller person) under overcast sky. 'PRISON' appears top-left; 'UPSTATE' bottom-right in bold black letters.",1,,,Gray silhouette of tall tower-like figure being pushed by smaller person on a background of green fields and white fence.,1,,
125,087520b1-6de5-43ef-86b0-9cbcdd2991e5,2026-07-06 14:50:06.515,deny,"A shirtless person with short black hair sits in a light-colored bathtub, their face distorted by fragmented translucent overlays resembling cracked glass. The cover features a pale beige background and has a surreal, collaged artistic style.",1,,,Shirtless woman in a bathtub with their face distorted by cracked-glass overlay on a beige background.,1,,"[""unclear visual focus""]"
735,33fde2dd-5f91-49ac-ae6b-f0257c9a7c34,2026-07-12 19:38:46.446,deny,A person lies partially covered by a textured blanket beneath a soft-focus background of blended warm and cool colors.,0,"The image quality is significantly blurred, reducing clarity in fine details like color gradients and texture. Visual elements are ambiguous due to low resolution, making confident identification of precise artistic techniques or exact subject features difficult.","[""bad image quality"", ""ambiguous main visual element""]",A person lies partially covered by a textured blanket beneath a soft-focus background of blended warm and cool colors.,0,"The image quality is significantly blurred, reducing clarity in fine details like color gradients and texture. Visual elements are ambiguous due to low resolution, making confident identification of precise artistic techniques or exact subject features difficult.","[""ambiguous main visual element""]"
736,e1a8fef5-aa84-4937-a0b6-3f60f4832e19,2026-07-12 19:45:14.743,deny,"A distorted, psychedelic portrait featuring blended colors of blue, green, orange, and purple; the image appears grainy with overlapping hues obscuring distinct facial features or details.",0,"The main subject (a figure's face) is visually indistinct due to heavy color overlay and distortion. Low resolution prevents reliable identification of specific features, textures, or visual elements beyond basic color patterns. No text is legible for inclusion.","[""bad image quality"", ""possible person misidentification""]","A face looking up with overlapping blended colors of blue, green, orange, and purple.",0,"The main subject (a figure's face) is visually indistinct due to heavy color overlay and distortion. Low resolution prevents reliable identification of specific features, textures, or visual elements beyond basic color patterns. No text is legible for inclusion.","[""ambiguous main visual element"", ""highly abstract artwork""]"
648,e3b135e6-7414-4775-a3d4-1475f6f9ade7,2026-07-11 17:40:11.332,deny,"Black-and-white album cover features a woman with long dark hair centered against bold abstract shapes; prominent yellow and red Japanese text appears top-right and bottom-left, with an English sticker listing ""MEIKO KAJI HAJIKI UTA"" release details.",1,,,Black-and-white image of a woman with long dark hair against bold abstract shapes; prominent yellow and red Japanese text around.,1,,
737,e10f6908-a275-4d08-a50a-2848c7c2c5cc,2026-07-12 19:45:54.635,deny,"Monochrome album cover featuring a grainy, low-resolution photograph of indistinct figures in a crowded composition; no clearly legible text is visible due to extreme visual noise.",0,"Image quality is severely compromised by excessive graininess and low resolution, preventing confident identification of specific subjects (e.g., facial features, clothing details) or reliable interpretation of any potential textual elements. The overall composition lacks clarity necessary for a precise description.","[""bad image quality"", ""ambiguous main visual element"", ""cannot read text confidently""]","Monochrome, grainy, low-resolution photograph of indistinct figures in a crowded composition. Surrounded by a white background.",0,"Image quality is severely compromised by excessive graininess and low resolution, preventing confident identification of specific subjects (e.g., facial features, clothing details) or reliable interpretation of any potential textual elements. The overall composition lacks clarity necessary for a precise description.","[""ambiguous main visual element"", ""highly abstract artwork""]"
650,12f0aeab-7fd9-45b2-b051-d9a8d3d2c972,2026-07-11 17:54:54.927,deny,"Circular abstract artwork with gradient transitioning from red-pink hues at top and bottom to purple-blue in the center, featuring horizontal striped bands and three sets of small pink light-like dots.",0,"The image quality is low-resolution and grainy, making specific details (e.g., exact shape of dots, texture nuances) difficult to identify with certainty. The composition’s abstract nature also limits clear interpretation beyond basic color and form patterns.","[""bad image quality"", ""highly abstract artwork""]","Oval abstract art with red-pink and purple-blue gradients, horizontal stripes, and 3 sets of pink light-like dots on black back.",0,"The image quality is low-resolution and grainy, making specific details (e.g., exact shape of dots, texture nuances) difficult to identify with certainty. The composition’s abstract nature also limits clear interpretation beyond basic color and form patterns.","[""bad image quality"", ""highly abstract artwork""]"
738,0098c9fe-0723-4ca2-920d-41b4fb770583,2026-07-12 19:48:37.293,deny,"Dark monochrome album cover featuring a central robed figure surrounded by dense, chaotic line art resembling hand-drawn or etched textures; overall composition is surreal and textured with no visible text.",0,"The image's extremely low resolution makes fine details indistinct (e.g., facial features of the central figure, precise shapes within the line art), requiring reliance on general visual cues rather than specific identifications. Composition clarity is also compromised by high noise and contrast loss.","[""bad image quality"", ""possible person misidentification""]",Dark line art of a figure standing alone with no text.,0,"The image's extremely low resolution makes fine details indistinct (e.g., facial features of the central figure, precise shapes within the line art), requiring reliance on general visual cues rather than specific identifications. Composition clarity is also compromised by high noise and contrast loss.","[""ambiguous main visual element"", ""highly abstract artwork""]"
114,c6918d75-ed8a-44f6-8de3-849f05abcde2,2026-07-06 12:02:08.23,confirm,A close-up photograph of a bright red tomato with a green stem against a solid black background.,1,,,A close-up photograph of a bright red tomato with a green stem against a solid black background.,1,,
739,f8bbae93-ab86-43e8-8b73-848899322ffb,2026-07-12 19:50:18.721,deny,"A blurry photographic image features abstract red and yellow-green color overlays with visible light streaks; vertical text on the left edge reads ""Adrianne Lenker Live at Revolution Hall"".",0,"The image quality is too low (blurred) to confidently identify visual details beyond basic composition elements and partially legible text, limiting precise description.","[""bad image quality"", ""cannot read text confidently""]",Photograph of a guitar player blurred with yellow-orange color overlaid.,0,"The image quality is too low (blurred) to confidently identify visual details beyond basic composition elements and partially legible text, limiting precise description.","[""ambiguous main visual element""]"
651,eb15cb02-f13b-4abc-8930-fb8ecd5989fc,2026-07-11 17:56:44.69,deny,Pink album cover with hand-drawn white skull at center; 'SPEED STICK' in bold text top/bottom; track listings visible on left side.,1,,,Pink background with hand-drawn white skull at center;  'SPEED STICK' in bold text left & bottom; track listings on left side.,1,,
129,550997fb-620b-47a6-a6cb-a2f38b8d2613,2026-07-06 14:53:39.903,deny,"A person stands barefoot in a minimally decorated room with beige walls and carpet, wearing a long black tattered jumpsuit; the photograph has a muted color palette.",1,,,Zombie-like barefoot person in a black tattered jumpsuit stands in a sparse beige room with muted colors.,1,Did not mention that the person looks like a zombie.,"[""unclear visual focus""]"
522,6114ff23-e46d-4b39-aa05-51b68a224c93,2026-07-07 16:11:03.316,deny,"A close-up photograph of a man in a black tuxedo with an extended arm against a dark background; lower text reads ""Great Jewish Music: Burt Bacharach"".",1,,,Close-up photograph of a man in a black tuxedo with an extended arm against a dark background; lower text reads album cover,1,,
740,2cb4e986-35d5-4c37-9332-99a585c4d413,2026-07-12 19:51:02.963,deny,"A woman holding a microphone under dim lighting; ""AROJ AFTAB"" and ""VULTURE PRINCE"" in white text at top left; dark background with purplish tones.",0,"The image has low visibility due to heavy shadowing and muted color palette, making fine details of the subject’s features difficult to discern confidently. The visible text is legible but the overall visual content requires interpretation of obscured elements.","[""bad image quality""]",Close-up photograph of a woman's face under dim lighting and purple tones.,0,"The image has low visibility due to heavy shadowing and muted color palette, making fine details of the subject’s features difficult to discern confidently. The visible text is legible but the overall visual content requires interpretation of obscured elements.","[""ambiguous main visual element""]"
652,5d417070-a58d-43a4-af17-2dd3870d53e5,2026-07-11 17:58:34.476,deny,"Album cover features a photograph of two individuals standing near a calm lake under a large tree with dense foliage and clear blue sky in the background; top displays ""Reflections"", ""Vol. 1 Let the Moon Be a Planet"", and ""Steve Gunn & David Moore"" in black text on white.",1,,,Photo of 2 people standing near a calm lake under a large tree with dense foliage and clear blue sky in the background.,1,,
741,c4dad2bf-f70d-4118-8a21-e8f6709300e4,2026-07-12 19:55:06.186,deny,"An abstract cover art featuring blurred, blended colors including red, white, blue, green, and brown with soft cloud-like textures and grainy visual quality.",0,"Image resolution is too low (grainy/pixelated), preventing confident identification of specific shapes, patterns, or artistic techniques beyond general color blending and texture. Details like distinct forms or intentional design elements cannot be reliably distinguished.","[""bad image quality"", ""ambiguous main visual element""]","Blurred, blended colors including red, white, blue, green, and brown with soft cloud-like textures.",0,"Image resolution is too low (grainy/pixelated), preventing confident identification of specific shapes, patterns, or artistic techniques beyond general color blending and texture. Details like distinct forms or intentional design elements cannot be reliably distinguished.","[""ambiguous main visual element""]"
653,cf5fe5eb-c03f-4a79-a8bc-588336bc9a51,2026-07-11 18:05:30.629,deny,"A close-up view of a sand dune with warm orange and brown textured surface, featuring a sharp black geometric shadow line against a pale blue sky gradient.",1,,,Sand dune with warm orange and brown textured surface with a sharp black geometric shadow line against a pale blue sky gradient,1,,
742,5ae1f655-c0f1-4620-ac91-f0f2b1cfc934,2026-07-12 20:00:15.36,deny,Album cover features layered textures in muted teal and pink; handwritten French text 'le soliel et la mer' appears top right against a textured background.,0,"Low-resolution image obscures fine texture details, makes layer relationships ambiguous, and risks misinterpretation of color tones. Handwritten text is discernible but partially legible due to quality constraints.","[""bad image quality"", ""cannot read text confidently"", ""ambiguous main visual element""]",Layered textures in muted teal and pink; handwritten French text above.,0,"Low-resolution image obscures fine texture details, makes layer relationships ambiguous, and risks misinterpretation of color tones. Handwritten text is discernible but partially legible due to quality constraints.","[""ambiguous main visual element"", ""highly abstract artwork""]"
654,1b94ca33-0c15-4963-a1b2-36314d9c2373,2026-07-11 18:08:02.58,deny,A close-up photo shows three people with curly hair wearing bold red lipstick and blue-purple eyeshadow against a dark background.,1,,,Close-up of 3 white woman with curly hair wearing bold red lipstick and blue-purple eyeshadow against a dark background.,1,,
183,69aa230a-2c1c-41b4-9566-709423331805,2026-07-06 17:16:47.54,deny,Minimalist album cover with blue ink musical staff drawing on white background; cursive 'Kate NV' above staves and smaller handwritten subtitle 'Room for the moon live!' below.,1,,,Blue ink musical staff drawing on white background with cursive text of the album title and artist name.,1,,
657,c2798833-d414-45fa-8cc0-5fda7b3a5e8e,2026-07-11 20:36:28.208,deny,"Pixelated motorcycle and rider figures in black and white on an orange background, with ""MATA ZYKLEK"" in bold yellow text and ""ANGINE DE POITRINE"" in smaller white text on a black strip below.",1,,,Two pixelated motorcycle and rider figures in black and white on an orange background.,1,,
583,887df125-5335-4690-9f6b-59bd2dabcc47,2026-07-08 10:11:24.174,deny,"Grayscale image of a curled human figure in fetal position against dark background, featuring grainy texture and abstract darker shapes to the right.",1,,,Grayscale image of a curled human figure in fetal position against dark background.,1,,
660,b25cd52c-faec-4929-ba49-167162e7e301,2026-07-11 20:44:48.328,confirm,A six-panel wooden door centered against a black backdrop with radiating white grid lines forming a tunnel-like web pattern.,1,,,A six-panel wooden door centered against a black backdrop with radiating white grid lines forming a tunnel-like web pattern.,1,,
661,2702d5a8-dbba-49ce-8751-47a14b0c1ec0,2026-07-11 20:46:22.175,deny,"A bright yellow background features ""birdie"" in white sans-serif text (top left) and ""some dusty"" in bold black stylized lettering below. On the right, a person with curly hair wears a polka-dot shirt while playing an electric guitar.",1,,,Person with curly hair wears a polka-dot shirt while playing an electric guitar on a bright yellow background with stylized text.,1,,
294,ff7aad9b-0c13-4bfe-a2c5-d77308720f71,2026-07-07 11:30:24.995,deny,"Album cover features mixed-media twig sculptures of animals in a gallery space; top text displays ""OHAD TALMOR BACK TO THE LAND"" and additional names below.",1,,,Twig sculptures of animals in a gallery space. White background with text surrounds the photo.,1,,
120,528a505e-0fd3-4175-b8fe-48b44c12ee61,2026-07-06 14:37:43.577,deny,"A black-and-white photograph of a person with long curly hair raising both hands toward their head, surrounded by cloud-like textured overlays. The image has a grainy, ethereal quality with high-contrast tones.",1,,,"Black-and-white photo of a long-haired woman with both hands on her head, with grainy, ethereal cloud-like overlays.",1,Didn't specify the person was a woman.,"[""unclear visual focus""]"
663,213dd5df-c74a-4d36-97ea-c4b63fbd2f58,2026-07-11 20:55:33.752,deny,"Split image with left side showing a photographic close-up of an ornate hand reaching toward red and yellow flowers against blurred green foliage; right side features stylized dark blue text including ""MOUTH"" and Chinese characters within curved lines on light purple background.",1,,,"Photo of an ornate hand reaching for red yellow flowers on blurred green foliage, Chinese characters and ""MOUTH"" on the right",1,,
119,d06705e9-6226-45d9-ad6f-f2cfad0a7182,2026-07-06 14:35:06.098,deny,"Album cover features a child’s portrait centered in a blue backdrop within a colorful, framed border surrounded by vibrant psychedelic graphics including stars, a smiling moon with rainbow, planets, musical notes, and pink roses. Text: “Los Retros” at top (stylized yellow letters with green outline); “LOOKING BACK” on an orange banner below.",1,,,"Child portrait on blue backdrop with psychedelic border with stars, moon, planet, rose; text “Los Retros"" and ""LOOKING BACK”.",1,"Used ""album cover of""",
664,5a79103f-4a4b-4756-8cd0-be263f0e13b7,2026-07-11 20:57:44.251,deny,"An illustration of two tiny white figures walking along a shoreline between coral-pink water and terracotta sand, with ""Issei Herr"" in large light gray text above smaller centered text reading ""Distant Intervals"".",1,,,Two tiny white figures walking along a shoreline between coral-pink water and brown sand with a pink sky,1,,
130,8c71578d-51de-490c-a7cb-41a38f6ae1ee,2026-07-06 14:56:01.626,deny,"Stylized neon-green digital artwork features a long-haired figure with glowing eyes, set against wave-patterned green lines on black; ""VALENTINE REEL"" appears in matching green text at the bottom.",1,,,Neon-green artwork of a long-haired girl glowing-eyed figure on black with wave lines; “VALENTINE REEL” at bottom.,1,Did not mention that the figure was a girl.,"[""unclear visual focus""]"
131,2d710380-5a9f-435b-b54b-aeb3bad19a40,2026-07-06 14:59:44.565,deny,"Album cover features pink-hued surreal creature illustrations (insectoid forms, clawed appendages, hair-covered limb) on muted gray background; top text reads ""yurayurateikoku 1998-2004"" in stylized font.",1,,,"Album cover with three pink surreal creatures: an insectoid form, a clawed appendage, and a hairy limb on gray background.",1,"Started description with ""album cover""",
134,a0d29756-b2da-4d0c-966a-3cb6f083498b,2026-07-06 15:08:18.999,deny,"Album cover shows three people posing against a blurred background of purple and magenta lights. At top, ""Tere Liye"" appears in pink-orange text above ""Hindi Disco,"" with ""PINKY ANN RIHAL"" in blue script below.",1,,,"Man and two women pose before blurred purple-magenta lights; texts: “Tere Liye,” “Hindi Disco,” and “PINKY ANN RIHAL.”",1,Did not mention that the 3 people were a man and two women.,"[""unclear visual focus""]"
135,f0a242f9-8c33-4047-b1f6-60d82265f81b,2026-07-06 15:11:12.486,deny,"The album cover features a space-themed collage of stars and nebulae on dark backgrounds. Text includes ""GRANDADDY"" in small white lettering top left and large light blue ""BLU WAV"" centered.",1,,,"A space-themed collage of stars and nebulae on dark backgrounds. Text read ""GRANDADDY"" & ""BLU WAV""",1,"Started description with ""album cover""",
147,33274077-a1e3-43f3-b733-2982eceadf94,2026-07-06 15:37:58.551,deny,"Watercolor illustration of a two-story house with orange roof and gray walls flanked by green leafy trees; above house, an anchor, red circle, and harp symbol; white banner below displays handwritten text ""P.G. Six Murmurs & Whispers"".",1,,,"Child-like painting of a  two-story orange and gray house with trees; above are a small chess rook, red circle, and harp symbol.",1,"Said that the image contains a ""anchor"" but it was actually a ""chess rook"".","[""ambiguous main visual element""]"
144,20e0e823-a8ab-46a2-a281-dd0a419cebd4,2026-07-06 15:27:02.857,deny,"Two individuals stand against a tricolor background with horizontal bands of orange (top), white (middle) featuring an orange circular element, and green (bottom). ""MAMAKI BOYS"" appears in black text at the top; ""PATRIOTE"" is overlaid in large gray lettering across their torsos.",1,,,"Two men in white stand before the Niger flag, an orange, white, and green horizontal bands flag with an orange middle circle.",1,,
167,c521769d-d842-49ba-a33a-acfb083f01d3,2026-07-06 16:10:47.768,deny,"Black-and-white album cover featuring a blurred silhouette of a dog running across snowy terrain; motion blur creates dynamic streaks in the background with visible text ""WAND/VERTIGO"" at top-right.",1,,,"Blurred silhouette of a dog in black-and-white running across a long field with text ""WAND/VERTIGO"" at top-right.",1,"Said ""snowy terrain"" but that can't be confidently confirmed on the image.","[""bad image quality""]"
171,7e54a8ca-a654-4459-a32e-0e4980a32601,2026-07-06 16:16:46.128,deny,"Album cover features a gradient sky transitioning from deep blue to lighter blue with a horizontal pinkish-orange band near the horizon, above a muted purple landscape. Orange all-caps text reads ""THREE QUARTER SKIES"" centered, with smaller ""FADE IN"" below it.",1,,,Blue gradient sky with a pink-orange horizon above a purple landscape; text in orange “THREE QUARTER SKIES” & “FADE IN” .,1,"Used ""album cover"" in the description.",
170,689c9179-a407-4e79-9776-b4d763735164,2026-07-06 16:15:55.576,deny,Photograph of a bright blue building facade featuring brown trim around a balcony and large windows with sheer white curtains; green foliage appears on the left side.,1,,,"Within a blue border: a brown, angled facade with large, curtained windows, foliage to its left, and a blue building behind it.",1,,
306,ba6740b4-99de-457f-8615-d2274611901a,2026-07-07 11:38:01.869,deny,Three red hand-painted flowers with smiling faces appear on a textured green background. The word 'Springtime' in elegant cursive script is positioned at the top right.,1,,,"Painting of three red flowers with smiling faces on a green grass background. ""Springtime"" in cursive is at the top right.",1,,
184,afff0054-89a9-4a12-96a5-913e76e0d232,2026-07-06 17:21:56.085,deny,"The album cover features a shattered glass effect with cracks radiating outward from a central point. Behind the fractured surface, blurred tones of purple, green, and light skin-toned shapes are visible.",1,,,Shattered glass effect with cracks radiating outward behind which is a person's hand outside a car door.,1,It is difficult to identify the figure and shapes behind the shattered glass effect.,"[""ambiguous main visual element"", ""complex image with mixed media""]"
186,ebed1328-c352-4336-92a6-f3bb7ba4bafc,2026-07-06 17:24:52.001,deny,"A digital artwork with vibrant pink and white neon lightning-like patterns radiating from a central point on a dark red-to-brown gradient background. The artist name ""LEIFUR JAMES"" appears in pink at the bottom left, and ""MAGIC SEEDS"" is displayed in white at the bottom right.",1,,,Vibrant pink and white neon lightning-like patterns radiating from a central point on a dark red-to-brown gradient background.,1,,
191,6104f8fd-e680-4ca6-90e3-12680791c323,2026-07-07 03:22:48.515,deny,"A dimly lit photograph depicts two figures against a solid black background; one figure in the foreground has short blonde hair and wears a dark top, while another figure is partially visible behind.",1,,,"Dimly lit photograph with a woman with short blonde hair and a dark top against a dark background, looking into the distance.",1,,"[""ambiguous main visual element""]"
192,18266e27-a61d-4157-92fb-4a09f0d6337e,2026-07-07 03:42:03.52,deny,"Framed surreal collage album cover with pink top section and teal background; blue-yellow swirling pattern, checkered floor scene with seated figure, black-white striped elements on right, and title text “(I’M JUST) CHILLIN’, ON FIRE” in pink letters at bottom.",1,,,"Surreal collage with pink and teal background; blue-yellow swirling pattern, checkered floor with laying person; title on bottom",1,,"[""ambiguous main visual element"", ""complex image with mixed media""]"
669,c5e2f535-2ad3-48ef-bf45-1fe3e65de94a,2026-07-11 21:14:07.217,deny,"The Replacements album cover shows four band members on a red-carpeted stage against a brick wall backdrop; one kneels near a drum set with equipment, another holds an acoustic guitar, and two others sit nearby. Bold yellow text ""The Replacements"" appears at the top, while ""Tim LET IT BLEED EDITION"" is displayed in script at the bottom right.",1,,,"4 people in a band; one kneels near a drum set with equipment, another holds an acoustic guitar, and two others sit nearby.",1,,
670,56250d06-5f90-42a3-a3e5-f4556545c2d3,2026-07-11 21:15:14.2,deny,"A person in black clothing and red shoes dances in a large empty room with exposed ceiling beams, concrete floors, and weathered walls; vertical blue text ""TORRES What an enormous room"" appears on the left side.",1,,,"A person in black cloth and red shoes dances in large empty room with exposed ceiling beams, concrete floors, and weathered walls.",1,,
406,7606e316-d156-410b-8b61-5cf0d10f90df,2026-07-07 14:21:44.907,confirm,A black goat with a yellow rope collar stands at an arched window with open green shutters on a light-colored building.,1,,,A black goat with a yellow rope collar stands at an arched window with open green shutters on a light-colored building.,1,,
195,ece0d669-f1d2-42f8-89da-2e536b16afee,2026-07-07 03:53:01.061,deny,"The album cover displays ""Junior Boys"" on the left and ""Waiting Game"" on the right in a dark serif font above a large abstract monochrome composition of dense interwoven black lines on white background.",1,,,"Dark serif-font text that says ""Junior Boys"" and ""Waiting Game"" above an abstract rectangle of dense interwoven black lines.",1,,
671,63b23db3-a2e5-43b4-b6f1-27cfa760b115,2026-07-11 21:16:50.567,deny,"Grainy concert photograph showing a band performing on stage under spotlights with audience members raising hands; ""sunn"" logo top left and ""EVIL CHUCK / RON G. WARRIOR"" text at bottom right.",1,,,Grainy concert photo of a band performing on stage under spotlights with audience members raising hands; image on black with text,1,,
224,407d6883-9f57-41bf-8b94-1bf803e89a5c,2026-07-07 10:29:01.627,deny,"A mixed-media collage album cover featuring a large stylized purple-and-blue jack-o'-lantern face centered over textured fabric patches in brown, white, and teal tones. A hooded figure appears on the left, with visible text ""Ax Riggs one hundred cigarettes vol 2"" at bottom left.",1,,,Mixed-media photo featuring neon purple-and-blue jack-o'-lantern face with brown jacket and teal skin. Hooded figure on left.,1,,"[""ambiguous main visual element""]"
220,6d561ba8-255b-4cb4-9a7e-469218e03218,2026-07-07 10:26:27.974,confirm,"A black-and-white photograph shows a person’s face partially submerged in rippling water, with gentle reflections on the surface.",1,,,"A black-and-white photograph shows a person’s face partially submerged in rippling water, with gentle reflections on the surface.",1,,
673,8de0297a-a5ce-4b7d-b7d9-2d4fb3694ef0,2026-07-11 21:22:53.934,deny,"A natural photograph of a calm pond reflecting trees and sky with lily pads and reeds in foreground; white text ""Annea Lockwood"" and ""Becoming Air / Into the Vanishing Point"" overlaid on the right side.",1,,,"Photo of a pond with a reflection of the sky, with herbs, lily pads and reeds; white album artist text on the top right.",1,,
447,ce068b8e-3630-448e-92f6-3851ba5134f1,2026-07-07 15:06:13.775,deny,"Two black duck sculptures on a blue-to-pink gradient background. Large bold letters spell ""BLACK"" (multicolored) above and ""DUCK"" below in matching style.",1,,,Two black duck sculptures on a blue-to-pink gradient background. Multicolored text spelling album title on top and bottom.,1,,
237,0521a430-f744-4d5f-80ee-611a6e59e304,2026-07-07 10:38:00.212,deny,"Album cover features three men gathered around a red table with drink glasses and a DJ controller; ""RELENTLESS"" in gold text at top, ""DjMc"" in gold text at bottom left.",1,,,"three men gathered around a red table with drink glasses and a DJ controller; man in center looks at camera, others look down",1,,
250,d61ee24b-55ee-4e8f-bd46-c381523b89c2,2026-07-07 10:47:28.085,deny,"A small light brown animal skull with darker spots rests on a textured rock surface featuring mottled brown, gray, and hints of green hues.",1,,,Small light brown animal skull with dark spots on a textured rock surface featuring mottled brown and gray with a small plant,1,,"[""ambiguous main visual element""]"
257,eedf210f-7564-45f0-bf90-10274c2c1525,2026-07-07 10:53:11.598,deny,"Psychedelic-style abstract digital artwork featuring vibrant swirling shapes in red, green, blue, yellow, and pink against a solid black background.",1,,,"Abstract digital artwork featuring long swirling shapes in red, green, blue, yellow, and pink against a solid black background.",1,,"[""highly abstract artwork""]"
674,d5bd21c1-1877-4ff0-b4ba-e30b76f2521b,2026-07-11 21:28:35.751,deny,"Album cover featuring seven people in 1980s-style outfits against a light gray background, surrounded by colorful balloon-like shapes. Large stylized ""Pulsallama"" text in red/orange appears above them with floating green/blue/pink balloons and the ""Modern Harmonic MH-8216"" label visible top-right.",1,,,Seven woman in 1980s-style outfits with champagne glasses and bottles on a light gray background with colorful balloon-like shapes,1,,
675,d35239df-4d5c-4afa-b8bf-664c19fb3370,2026-07-11 21:32:16.121,deny,"A sepia-toned illustration of an elderly person with long, textured dreadlocks styled in a turban, wearing a rugged, rope-like garment. Text at the top reads ""CONGO NATTY ANCESTORZ [ROOTZ OF JUNGLE]"" in bold white lettering; below are illegible script characters.",1,,,"Sepia-toned image of elderly person with long dreadlocks and white beard styled in a turban, wearing a rugged, rope-like garment.",1,,
262,8c1a4683-d234-42e0-bc55-b6d2207034d2,2026-07-07 10:58:03.011,confirm,"A grid of circular photographic portraits showcasing diverse flowers in vivid hues including purple, pink, orange, and yellow.",1,,,"A grid of circular photographic portraits showcasing diverse flowers in vivid hues including purple, pink, orange, and yellow.",1,,
279,5ed8c425-58c4-44bb-9546-db126907b38c,2026-07-07 11:19:53.164,deny,"Abstract album cover featuring scattered hand-drawn lines and dots in red, green, blue, yellow, and purple on an off-white background; includes faint numerical marks ('199', '90') and a vertical stack of multicolored squares.",1,,,"Scattered hand-drawn scribbles in red, green, blue, yellow, and purple on an off-white background.",1,,"[""ambiguous main visual element""]"
676,4610523f-7858-41b3-8ae4-9c1d5c71b440,2026-07-11 21:34:03.686,deny,"Abstract blue-purple gradient background with swirling black line art; stylized text ""numün"" (with umlaut) and ""book of beyond"" in white on the upper right.",1,,,"Abstract blue-purple gradient background with swirling black line art; stylized text ""numün"" and ""book of beyond"" in white.",1,,
291,fe73d00a-5597-44cf-93f8-a2706a71a151,2026-07-07 11:28:55.475,deny,"A white-framed window with six panes displays a monochrome image of a classical statue, showing the figure's face, draped torso, and detailed background textures.",1,,,"White-framed window pane displays monochrome classical statue figure. Shows figure's face, draped torso, and feathered wings.",1,,"[""ambiguous main visual element""]"
295,519a4540-bbe3-48b0-af61-1e9a4e03fb8e,2026-07-07 11:31:06.87,deny,"A central abstract geometric structure in white lines dominates a textured dark blue background, surrounded by smaller stylized line drawings of figures and symbols.",1,,,"Central abstract geometric structure in white lines over a textured dark blue background, surrounded by smaller white lines",1,,
677,65ac3f6c-72b0-45bd-a0f9-cac2c22955bc,2026-07-11 21:35:46.606,deny,"Album cover features a photo of a bald man in a white tank top holding a glass, with palm trees visible behind him. Text displays ""HAL LAMBERT & MITCHELL MOBLEY"" and ""THE A-Z OF BULLSHIT"" on an orange background.",1,,,Small square frame with a bald man in a white tank top holding a glass with palm trees in back. Yellow cover with text around.,1,,
305,08da0f65-23c2-4d88-a805-73cc249ed0a2,2026-07-07 11:37:48.15,deny,"A monochrome etched illustration shows a figure with tangled hair surrounded by root-like structures, with a large hand reaching upward; top-right text reads 'ANNA VON HAUSSWOLFF LIVE AT MONTREUX JAZZ FESTIVAL' on black.",1,,,Figure with tangled hair surrounded by root-like structures with large hand silhouette reaching upward and white hole behind it.,1,,"[""ambiguous main visual element"", ""highly abstract artwork""]"
678,5dc7be59-4078-4ac1-9814-e61ca63d5368,2026-07-11 21:39:09.307,deny,"Black-and-white photograph of a grand train station interior featuring a large arched grid window above an entrance with ""TO ALL TRAINS"" text, flanked by stone pillars under a vaulted ceiling.",1,,,"Black-and-white photo of a grand train station interior with a large arched grid window, and “TO ALL TRAINS” above the entrance.",1,,
339,4c5f3ca8-12df-4ae6-a906-aa12b9b62bb2,2026-07-07 11:59:35.681,deny,"A minimalist black background features a central abstract white crystalline formation resembling clouds or ice, with the text ""ACTS OF FAITH"" centered below in small light gray serif type.",1,,,"Central abstract white crystalline formation against black background,  with the text ""ACTS OF FAITH"" centered below.",1,,"[""ambiguous main visual element""]"
319,981bbf72-c69e-4b54-b615-27c48b96e723,2026-07-07 11:47:53.227,deny,"Red album cover with a central rectangular tag featuring ""NAKED NUDES"" in hand-drawn black text on blue-purple gradient paper; vertical side text reads ""BRÖTZMANN/LEIGH/LONBERG-HOLM"" and ""BRÖTZ 80TH AT ADA 2021"". The tag has a small hole at the top.",1,,,"Red background with a central rectangular tag featuring ""NAKED NUDES"" in handwritten black and vertical side text in white.",1,,
328,985a45cc-d18e-43c0-912e-3567f83cca11,2026-07-07 11:53:49.159,deny,"A turquoise rectangular album cover on a brown textured background features decorative black script at the top and a colorful inset depicting stylized human figures in warm tones; overall hand-drawn, illustrative style.",1,,,Turquoise rectangle with smaller rectangle of painted human-like figures; brown textured background behidn turquoise rectangle,1,,"[""ambiguous main visual element""]"
680,102c50af-7432-45e9-a0f0-2ac74041483e,2026-07-11 21:43:39.866,deny,"Abstract painting of vibrant geometric shapes in red, yellow, pink, purple, green, blue, orange, gray, and black; ""WATER DAMAGE"" text in white sans-serif font on a central black block.",1,,,"Painting of 9 square grids in red, yellow, pink, purple, green, blue, orange, gray, and black. ""Water Damage"" on black square.",1,,
561,407eb5f7-7f2c-4e6e-b427-60950899dfee,2026-07-07 18:00:25.457,deny,Black-and-white photographic cover shows two people standing among tall trees and dense foliage in a forested setting; the image has a grainy texture typical of analog photography.,1,,,Monochrome photograph of two people standing among tall trees and dense foliage.,1,,
351,0b0d2166-8d8a-4397-9897-997774973574,2026-07-07 13:25:40.705,deny,"Top text reads ""Poison Ruïn"" with decorative roses flanking the title. Below are two black-and-white photographs showing a hooded figure holding weapons; left shield has peace sign, right features yin-yang design. Each photo is labeled with ""i"".",1,,,"Two black-and-white photos of a hooded figure with weapons; one shield has a peace sign, the other a yin-yang symbol.",1,,"[""unclear visual focus""]"
681,a6bd9e90-e540-4680-986c-277b10f595bf,2026-07-11 21:45:10.085,deny,"Black-and-white photographic album cover featuring a person in a dark jacket, wide-brimmed hat, and patterned scarf standing against a tiger-striped fabric backdrop with visible grain.",1,,,"Black-and-white photo of a person in a dark jacket, wide-brimmed hat, and patterned scarf stand against a tiger-striped fabric.",1,,
358,737a32de-7e44-49d0-9e00-c6dacaf38f21,2026-07-07 13:32:18.743,deny,"Red album cover featuring ""TORO Y MOI"" and ""MAHAL PRESENTS"" in bold white typography. Central rounded photograph shows a colorful jeepney on sandy ground with the Golden Gate Bridge visible in the background, and one person wearing red clothing seated on the vehicle.",1,,,Rounded photo of a person on a jeepney with the Golden Gate Bridge; red background with artist and album text.,1,VLM focuses on the red background and text rather than the photo.,"[""unclear visual focus""]"
682,f2a74431-e5fc-4864-969a-3560a6fe1eac,2026-07-11 21:46:32.936,deny,"Album cover features a dancer in a white headwrap and dark top with flowing purple fabric; background musicians on stage. Text reads ""ANGEL BAT DAWID"" (blue) and ""REQUIEM FOR JAZZ"" (red) against dark backdrop.",1,,,A dancer in a white headwrap and dark top with flowing purple fabric; background musicians on stage.,1,,
383,a5b9a0ed-215f-4bd8-8951-8eb6f20d89ce,2026-07-07 13:52:08.803,deny,"Abstract digital artwork featuring swirling metallic purple and orange patterns on a black background. Light blue text ""LOOP"" appears top right with smaller ""SONANCY"" below it.",1,,,Abstract digital artwork featuring swirling metallic purple and orange patterns on a black background.,1,,
381,05b81a25-1a55-4949-b21c-1d657892caf6,2026-07-07 13:50:59.908,deny,"Album cover with abstract hand-drawn brushstroke designs in black and red on a white background; expressive fluid lines form fragmented, organic shapes without legible text.",1,,,"Abstract hand-drawn brushstroke designs in black and red on a white background resembling a face with an upturned nose, red lips.",1,,"[""ambiguous main visual element"", ""highly abstract artwork""]"
509,af96cde2-28b8-4f02-8852-daaee835da05,2026-07-07 15:56:21.013,deny,"A monochrome abstract album cover featuring a grainy, swirling black-and-white spiral pattern dominating the center; bold text at the top reads ""drop nineteens"" in sans-serif type.",1,,,"Grainy, swirling black-and-white spiral pattern dominating the center; bold text at the top reads ""drop nineteens"".",1,,
370,231b6ccd-26be-4714-b05f-c6c1cec6d854,2026-07-07 13:42:34.041,deny,"Album cover displaying ""OMONOLITH"" formed by human figures in various poses creating each letter; colorful clothing forms collaged typography against a textured light gray background.",1,,,"Displays ""OMONOLITH"" formed by human figures in various poses. Textured light gray background.",1,,
388,a062f6b8-66fd-4a4c-85c5-8bbd2a3d8721,2026-07-07 13:56:16.014,deny,"Black-and-white photograph of a person holding an electric guitar in a studio setting, surrounded by equipment and window curtains. Vertical red text ""SARAVAH"" appears on the right with smaller French text beneath; teal and red accents contrast the monochrome background.",1,,,"Mixed media black-and-white photograph of a person in a studio setting with teal and red panels. Vertical red text ""SARAVAH"".",1,,"[""complex image with mixed media""]"
390,1fb121b5-69d9-4668-a46f-8a547bffe8c9,2026-07-07 14:02:47.598,deny,"Surreal illustration: a nude red-haired figure sits on a colorful rocky shore by turquoise water, with two yellow dogs (one having flame-like tail), scattered objects like folded fabric and a bird; text 'TINY RUINS' top-left, 'CEREMONY' top-right.",1,,,Surreal illustration: a nude red-haired figure sits on a blanket on a colorful rocky shore by turquoise water with two yellow dogs,1,,"[""sensitive or indecent content""]"
613,da783a58-3514-4f57-98fa-28562789cb6b,2026-07-08 10:39:51.377,deny,A close-up photograph of a textured tree trunk with vibrant pink flower clusters growing directly from its bark against a pale blue sky.,1,,,Close-up photograph of a textured tree trunk with pink flower clusters growing directly from its bark against a pale blue sky,1,,
684,ab5a7f76-cc57-499c-a749-daac0ba95d4b,2026-07-11 21:51:39.578,deny,"Album cover features a person with bright red hair and a red sweater with white dots against a light blue sky with scattered white clouds; the person’s face is replaced by a cloud formation. Top-left text displays ""LES IMPRIMÉS"" above ""RÊVERIE"".",1,,,"A person, with face replaced by the cloudy sky background, has red hair and red sweater with white dots.",1,,
400,41addece-bddc-4014-b4f5-5d8948997fd5,2026-07-07 14:13:51.688,deny,"Vibrant abstract artwork featuring swirling organic forms in shades of blue, teal, orange, pink, and black; bold black lines contrast with a solid blue circle in the upper right against a pink background. Hand-drawn style with fluid, psychedelic-inspired patterns.",1,,,"Black-outlined organic forms in shades of blue, teal, orange, pink, and black resembling nature; blue circle and orange ground.",1,,"[""ambiguous main visual element"", ""highly abstract artwork""]"
404,5108ca90-d64b-47ea-99fd-87b53109b95a,2026-07-07 14:20:34.142,deny,"Orange background album cover with central geometric cube featuring a stylized face divided into red, green, blue, and yellow sections; text on the left reads “the MARY VEILS” in dark typography, styled as psychedelic collage.",1,,,Central geometric cube with a stylized face divided into colored sections; small people below; colorful graph in orange background,1,,"[""unclear visual focus""]"
685,38e48653-1977-401a-bc3e-ea32b9e7c5bb,2026-07-11 21:53:22.424,deny,"Photograph of a shirtless person lying against a textured rock face, with arms crossed over their face; one arm extends behind the head and a bare foot rests on an upper arm.",1,,,"Shirtless person lying against a grey textured rock, with arms crossed over their face; one arm extends behind the head.",1,,
408,de37a119-0034-4b4d-a930-ebf65eb259b1,2026-07-07 14:24:37.764,deny,"Monochrome album cover photograph featuring a person wearing dark aviator sunglasses and a light strapless top with thin dark straps; their hand rests on their chest against a dark background. Large sans-serif text at the top reads ""RICKIE LEE JONES PIECES OF TREASURE,"" with smaller handwritten-style text below indicating additional details.",1,,,"Black-and-white photo of a woman in sunglasses with strapless top beside another person, whose hand holds money against her chest.",1,,"[""ambiguous main visual element"", ""possible person misidentification"", ""unclear visual focus""]"
411,4cdc60eb-4164-4c5e-a737-195b8ae65c1f,2026-07-07 14:26:27.659,deny,"Seascape photo of calm water, rocky outcrops, light clouds in pale blue sky; left vertical purple panel displays ""GLASS HORIZON"" in bold text above a line drawing.",1,,,"Seascape photo of calm water, rocky outcrops, light clouds in pale blue sky; left vertical purple panel with amorphous shape.",1,,"[""ambiguous main visual element""]"
525,e57808c0-ed2f-440c-ab8d-2e0b9589ee74,2026-07-07 16:12:56.566,confirm,"Black-and-white photograph of people with raised arms; bold red text ""WOMEN INVENTED NOISE III"" overlaid at top.",1,,,"Black-and-white photograph of people with raised arms; bold red text ""WOMEN INVENTED NOISE III"" overlaid at top.",1,,
412,5497fa3f-04ee-42f6-bfe4-0517b86dfad5,2026-07-07 14:27:05.625,deny,"Album cover featuring text top-left reading 'JOYS UNION GROUP' and top-right reading 'BOREDOM EUFORIA'; abstract design of six pastel circles (light blue, teal) surrounding bold black brushstrokes overlaying a yellow-striped circular element.",1,,,Abstract art of six light blue and teal circles around bold black brushstrokes overlaying a yellow-striped circular element.,1,,
422,e4c4f853-885b-4f4b-9f68-08e27e8c8eeb,2026-07-07 14:36:12.23,deny,"Black-and-white photograph of a desolate shoreline with tall reeds under an overcast sky; above the image, ""Richard Youngs"" and ""Hidden"" are printed in light gray sans-serif type.",1,,,Black-and-white photograph of empty shoreline with tall reeds under an overcast sky. Lighter gray border outside photograph.,1,,
427,38c91f9e-03a1-4291-97bd-f0d2eeef8a10,2026-07-07 14:45:12.108,deny,"Surreal collage album cover featuring overlapping images of food dishes, eyes, red chopsticks on vibrant background; purple border frames central section. Visible text below describes title as ""everyone is rolling down a hill"" or extended phrase.",1,,,"Collage with overlapping images of food dishes, eyes, scraps, instructions, and red chopsticks; purple border outside collage",1,,"[""ambiguous main visual element"", ""complex image with mixed media"", ""highly abstract artwork"", ""unclear visual focus""]"
687,96ec8d31-3b51-4372-9b15-5b6d60e0dee0,2026-07-11 21:58:54.617,deny,"A vertical rectangular album cover with a white background featuring three thick red diagonal stripes running from top-left to bottom-right, bordered by a thin black frame.",1,,,A vertical rectangular with 3 thick red diagonal stripes running from top-left to bottom-right on a white background.,1,,
429,ba59629d-37c1-4fa8-a735-0f1dab64f773,2026-07-07 14:48:29.166,deny,"Surreal abstract figure composed of flowing pink, yellow, green, and purple shapes against black background; left side displays ""JULIA HOLTER"" above ""SOMETHING IN THE ROOM SHE MOVES"" in white sans-serif text.",1,,,2 surreal figures made of flower petals; figure made of yellow petals on top of figure made of pink petals and it figure down,1,,"[""ambiguous main visual element"", ""complex image with mixed media"", ""highly abstract artwork"", ""possible symbolic interpretation"", ""sensitive or indecent content""]"
437,88d86fd0-59d3-423c-9392-ce0ab00482c3,2026-07-07 14:59:08.903,deny,"The album cover features a 3x3 grid of abstract panels on black backgrounds, each displaying scattered yellow speckles and black circular shapes; the bottom-right panel contains a red dotted circle.",1,,,A 3x3 grid containing yellow speckles with growing black circular shapes from the top left that fill the bottom right grid.,1,,"[""possible symbolic interpretation""]"
430,6a785722-7570-48d0-9bed-59d4610370c5,2026-07-07 14:52:14.446,deny,"Geometric-framed album cover features a central photo of scattered small rounded-tipped sticks on light surface. Text reads ""TO THE FOREST TO LIVE A TRUER LIFE"" vertically right; left side has partially illegible script. Abstract black-and-white shapes top-left complement the design.",1,,,Photo of scattered small rounded sticks on a surface in a geometric frame with abstract objects and arabic text around the photo.,1,,
689,70eba035-a94e-4d2e-a8df-c59ca12e2b60,2026-07-11 22:04:10.413,deny,"Four stylized figures in a horizontal row on white background; graphic design style with bold blue base and yellow-white facial features. Text: red ""ALABASTER DEPLUME"" top left, black ""Salty Road Dogs Victory Anthem 7"" top right.",1,,,Four stylized figures in a row on white background; graphic design style with bold blue base and yellow-white facial features.,1,,
440,70859039-67db-4aa2-b91e-7d885c54a282,2026-07-07 15:02:17.585,deny,"A dark abstract photograph of a nighttime waterfront scene featuring horizontal light trails reflecting on water, with blurred motion effects and faint text at the top reading 'LE WEEKEND A SPELL IN THE DARKNESS' in white lettering.",1,,,"A dark photograph of a nighttime waterfront scene with horizontal light trails reflecting on water, with blurred motion effects.",1,,
385,5282f0d9-c38f-41dd-871e-cb9326285221,2026-07-07 13:52:41.371,confirm,"Three individuals stand among illuminated slot machines under warm, blurred neon lighting in a dimly lit environment.",1,,,"Three individuals stand among illuminated slot machines under warm, blurred neon lighting in a dimly lit environment.",1,,
466,74432114-5da3-4b33-a10d-0a7e8d8f2bfc,2026-07-07 15:15:24.037,deny,"Black-and-white album cover featuring ""PIioneer WORKS SWING (LIVE)"" in small uppercase text at top, large bold black typography spelling ""HAILU MERGIA"" below, and a circular orange-black portrait of a person's face centered beneath.",1,,,"Circular orange-black portrait of a person's face centered at bottom; artist name in large letters, centered; album title on top.",1,,"[""cannot read text confidently""]"
690,a9ce7b1a-5b07-4f2c-a4ee-ef98e4f4e849,2026-07-11 22:05:34.786,deny,"A black-and-white photograph of a person in a white shirt and striped tie holding a photographic print above dark studio equipment. Text reads ""BELLE AND SEBASTIAN"" top-left and ""Late Developers"" top-right.",1,,,Black-and-white photo of a person in a white shirt and striped tie holding a photographic print above dark studio equipment.,1,,
469,e45d3e29-bbba-4ebe-9b6e-b8914c8d6c50,2026-07-07 15:17:00.21,deny,"An album cover features a surreal creature with textured yellowish-brown fur; its head is an open skeletal animal skull showing teeth, and white geometric lines form patterns on its chest against dark brown background. Red cursive text at top reads 'Jesus in Lovers'.",1,,,"A surreal yellow creature with an skull showing teeth as head and white lines on its chest, with red text ""Jesus in Lovers"".",1,,"[""ambiguous main visual element"", ""highly abstract artwork""]"
480,7c133734-bb64-4f53-876e-e75f94502c95,2026-07-07 15:22:20.606,deny,"Stylized circular mask with fragmented patterns—honeycomb, splatters, and textured sections—in solid black outline, set against a blurred backdrop of blue and beige cloud shapes. Collage-style mixed media with muted color palette.",1,,,"Mask with fragmented patterns—honeycomb, splatters, and textured sections, set against a blurred backdrop resembling tree shadows",1,,"[""ambiguous main visual element""]"
470,6365a7df-159a-45b2-8615-59719423f1be,2026-07-07 15:17:44.013,deny,"A dark blue textured background features bold red ""THUMBSREW"" text above smaller white handwritten ""MULTICOLORED MIDNIGHT"". Three names—Michael Formanek, Tomas Fujiwara, Mary Halvorson—are printed at the bottom.",1,,,"Dark blue textured background features bold red ""THUMBSCREW"" text above smaller white handwritten ""MULTICOLORED MIDNIGHT""",1,,
472,09e9d86b-f6d5-495c-89db-628dff3f1f40,2026-07-07 15:18:16.985,deny,"Close-up of a black bear with vibrant blue fur and yellow-orange snout in a painterly style; ""SALOLI"" text top left, gold ""60"" at bottom left.",1,,,Close-up of a painted black bear with vibrant blue fur and yellow-orange snout.,1,,
692,fcb0ea45-fbba-4dd6-9b01-7d453ab47e7b,2026-07-11 22:12:51.122,deny,A photograph depicts a large rocky cliff face draped in numerous icicles over a snow-covered terrain; a person in light blue stands with arms raised near the center of the image.,1,,,Large rocky cliff face with many icicles over a snow-covered terrain; a person in blue stands with arms raised under the cliff.,1,,
499,953dc911-5618-47a0-a3b1-af00da833689,2026-07-07 15:45:20.033,deny,A close-up of a person’s face with dark hair framing the sides; prominent eyes and light skin tones against a dark background in a painterly style.,1,,,Painted lose-up of a person’s face with dark hair framing the sides; prominent eyes looking up against a dark background,1,,"[""unnecessary skin color detail""]"
503,2c761dee-6595-4b8c-acee-99cc0b50f3ec,2026-07-07 15:48:07.373,deny,"A person in a white bra and lace panties wearing a black top hat appears against a collage of blue, orange, and black circular shapes on a light brown background. Stylized text reads ""Guided by Voices"" left and ""Welshpool Frillies"" right.",1,,,"Person in a white bra, lace panties, and black top hat appears under a spray painted collage of colorful circular shapes.",1,,"[""sensitive or indecent content""]"
693,4c4a2418-4378-40f0-9f57-f74952e2842e,2026-07-11 22:15:32.706,deny,"Album cover features an orange background with mathematical symbols and raindrop shapes; a hooded black figure (skull face) holds a red heart. Bold red ""MELVINS"" text at top, ""TARANTULA HEART"" in white on red banner below.",1,,,Orange background with mathematical symbols and black cloud raining; a hooded black skull face figure holds a red heart.,1,,
694,df93f736-6259-4a8e-8423-7a940dad314a,2026-07-11 22:18:43.96,deny,"Abstract digital art featuring layered brown and black horizontal bands surrounding a central yellow-orange-red color gradient. The text ""HIGH PULP"" appears in bold white letters within a rectangular frame at the top.",1,,,"Abstract art with layered brown and black horizontal bands; down, a yellow-orange-red color gradient water-like.",1,Image is highly abstract and elements can hardly be associated with anything real.,"[""highly abstract artwork""]"
520,a269d4d4-9e53-42b0-b316-e6a305b6b5f8,2026-07-07 16:10:10.798,deny,"Colorful mixed-media album cover featuring a central cartoon character with spiky yellow hair, large white eyes, and black tooth-like patterns; pink background includes a yellow rubber duck, framed artworks, and textured brushstrokes.",1,,,"Colorful Mixed-media of a cartoon character with yellow hair and large white eyes; background has bed, duck, painting, pink wall.",1,,"[""ambiguous main visual element"", ""complex image with mixed media""]"
529,9833d653-f7ca-4c72-a4c8-49d5898e16d7,2026-07-07 16:19:32.556,deny,"The album cover displays a vibrant surrealist collage featuring layered geometric and organic shapes in bright blues, greens, pinks, and yellows against a black background.",1,,,"A surrealist collage with layered geometric and organic shapes in bright blues, greens, pinks, and yellows on a black background.",1,,"[""complex image with mixed media""]"
533,e9195588-bd67-4617-a797-b8bfadf65ed6,2026-07-07 16:22:59.506,deny,"A stylized, monochrome illustration of an abstract face against a pale green background, featuring dense black linework, scattered floral and geometric patterns, and a vertical string of small red dots.",1,,,"Ink illustration of two morphed abstract faces featuring skulls, a spine, and floral and geometric patterns with green background.",1,,"[""ambiguous main visual element"", ""unclear visual focus""]"
535,881f48cf-83a5-4ab0-b47c-3dae5245cea9,2026-07-07 16:27:52.284,deny,Psychedelic-style album cover featuring a large blue skull silhouette with a yellow moon in its head and a starry tower on the left; pastel pink-orange gradient background with winding paths. Bold text “GARCIA PEOPLES DODGING DUES” appears at the top.,1,,,Psychedelic blue silhouette with a yellow moon in its head and a starry tower and mountains in front; pastel pink-orange gradient,1,,"[""ambiguous main visual element""]"
547,0507d9c7-cb00-49c4-8166-9ec58d8894b9,2026-07-07 16:41:14.493,deny,"The album cover features a central circular design with radiating red and yellow flame-like shapes surrounding a lighter inner area containing small insect silhouettes. Four hand-drawn style dragonflies in muted green/brown tones appear at the perimeter, while partial text reading ""COME"" (top center) and ""GRACE"" (bottom center) is visible.",1,,,Central white circles on top of a border of 4 dragonflies and red and yellow flowers; lighter inner area with smal insects,1,,"[""ambiguous main visual element""]"
453,cc9646bd-dc39-424f-a835-f22caf1824f0,2026-07-07 15:08:41.488,deny,"Hand holding a large bright red tomato against blurred green foliage; white handwritten text ""THROUGH THE SOIL II"" appears above the tomato.",1,,,"Hand holding a red tomato against blurred green foliage; white handwritten text ""THROUGH THE SOIL II"" appears above the tomato.",1,,
550,0961847b-da3a-4dec-8fd6-c13fbd998e53,2026-07-07 16:43:25.776,deny,"A black-and-white photograph of a person with long hair and a full beard against a textured floral wallpaper background; the dark garment features a small ""Sola"" patch on the chest.",1,,,Black-and-white photograph of a person with long hair and a full beard against a textured wallpaper background.,1,,"[""bad image quality"", ""cannot read text confidently"", ""ambiguous main visual element""]"
696,038f27c2-62bb-4788-a4a2-76051aa68243,2026-07-11 22:24:01.434,deny,"A black-and-white photograph features a person with long hair and glasses centered against a large, bright circular light on a dark, grainy background.",1,,,"A black-and-white photograph of a white skinned man centered against a large, bright circular light on a dark, grainy background.",1,,
555,d651a271-ea16-4a69-a65d-ee09a845eaaf,2026-07-07 16:59:27.653,deny,"Black-and-white photo shows four men standing before a jetty with a ship in the background; ""Dr.Feelgood"" appears at top and ""Down By The Jetty"" at bottom.",1,,,Monochrome photo shows four men standing before a jetty with a ship in the background; white background and text around image.,1,,
698,2c9bd9a3-913a-41f9-84e1-a452a7f76c42,2026-07-11 22:31:57.384,deny,"A minimalist album cover features a white background with black text listing ""J. PARKER – E. REVIS – N. WAITS"" and full names below, followed by the bold red title ""EASTSIDE ROMP,"" the year ""2022,"" and ""-ROGUEART-"" at the bottom.",1,,,Minimalist image with white background black and red vertical strips on both sides with artists and album names at the center.,1,,
589,52a23772-2390-4afb-a1e3-c6a4c2137045,2026-07-08 10:23:25.956,deny,"Dark brown background with dense golden-yellow textured patterns forming abstract shapes. Lower-left corner displays ""riggings"" in lowercase white typography above ""the arnoldEP"" also in white.",1,,,Dark green cross-stitch background with golden-yellow loops resembling vines. Lower-left corner displays artist name and album,1,,"[""complex image with mixed media""]"
699,7ef62618-2315-4fc0-8223-df1c55931de1,2026-07-11 22:39:28.218,deny,"A bright pink, guitar-shaped cutout reveals a stylized landscape of purple-hued mountains and trees against a lighter pink sky. The form rests on a grassy field with termite mounds in the foreground.",1,,,Bright pink irregular circle shape with purple-hued mountains and trees; overlayed on a field with grass and trees.,1,,
197,e3771125-b095-4cbb-8507-a3379665117b,2026-07-07 09:39:37.316,confirm,Black fingerless glove on a hand extends toward a white paneled door; light-walled indoor setting viewed from low angle.,1,,,Black fingerless glove on a hand extends toward a white paneled door; light-walled indoor setting viewed from low angle.,1,,
593,3cc183ba-1198-4f27-b240-df072fc08bd7,2026-07-08 10:28:20.583,deny,"A woman stands on grass beneath a tall white pole holding a red ""MAY'S BARN"" sign; she wears a blue-and-white plaid shirt over a red bikini top and light blue jeans, with green trees and a red pickup truck in the background.",1,,,"A woman in a bikini, plaid shirt, and jeans stands on grass beneath tall white pole; red shed, red pickup truck and shed in back",1,,"[""cannot read text confidently""]"
700,abf64229-c94d-4279-b6d7-5be6ae2041e5,2026-07-11 22:42:43.504,deny,Monochrome (black-and-white) album cover featuring a circular arrangement of repeated human faces surrounding dense floral imagery; artistic style is surrealist with overlapping figures and botanical elements.,1,,,Black-and-white image with two central face figure and circular arrangement of these faces repeated surrounded by lots of flowers.,1,,
617,86378c21-de22-48e7-9d12-b4665c942f49,2026-07-08 10:42:34.306,deny,"A person in a white and yellow dress sits holding a large glass fishbowl filled with red fish; vintage kitchen includes green cabinets and a ""Songs From A Thousand Frames Of Mind"" banner.",1,,,Person in white and yellow dress sits in a cluttered vintage kitchen's bare floors holding a large glass fishbowl with a red fish,1,,"[""unclear visual focus""]"
701,74d259c3-9b9b-4bbe-aff2-67a39c3ef343,2026-07-11 22:45:39.247,deny,"A stylized illustration depicts a figure pouring starry water from a pitcher beside a ram; background has purple/pink/gold shapes, constellations, and stars. 'CUPS' text appears below.",1,,,"A woman figure pouring water from a pitcher beside a ram; background has purple/pink/gold shapes, constellations, and stars.",1,,
625,585a4389-b625-48be-b65d-15f77fa2b16d,2026-07-08 10:55:00.73,deny,"Two people with long dark braided hair submerged in water, mirrored vertically (one figure above the other). Light blue background; wearing necklaces and patterned swimwear. Faint handwritten text visible on both sides.",1,,,"A woman mirrored vertically with long dark braided hair submerged in water, wearing necklaces and patterned swimwear on light blue",1,,"[""ambiguous main visual element""]"
633,8896b174-99ad-4b91-81a0-fc3ec54e883c,2026-07-08 11:26:33.978,deny,"Teal background with an ornate black decorative border featuring repeating symbols; central line drawing of a dog's head attached to a pipe-like structure dripping liquid; below the image, lowercase sans-serif text reads ""the shapiros"".",1,,,Teal background with a central dog's head attached to a pipe structure with stick in its mouth; ornate black decorative border.,1,VLM focused on the background and border before the dog.,"[""unclear visual focus""]"
702,03e19c1f-d2a3-4d31-bb1e-e5427de8a11e,2026-07-11 22:50:25.731,deny,"A vintage-style album cover with a cream central panel bordered by hand-drawn purple flowers and blue berries on a deep blue background. Prominent script typography displays ""Blackberry Rose"" above smaller text reading ""and Other Songs & Sorrows From Lavender Country"".",1,,,"Vintage style on a deep blue background, with cream central panel, purple flowers, blue berries, album artist names in center.",1,,
95,b2a6910e-e5f0-4c28-8e1b-efa34e7c8f79,2026-07-06 10:40:10.708,confirm,"A geometric pattern of overlapping circular shapes in vivid red, blue, yellow, and green tones arranged in a uniform grid.",1,,,"A geometric pattern of overlapping circular shapes in vivid red, blue, yellow, and green tones arranged in a uniform grid.",1,,
634,9df9ee75-de35-49ac-b35f-f9356e966851,2026-07-08 11:57:02.82,deny,"A warm-toned still life of vintage exploration tools—lit candle, open compasses, wristwatch, matchsticks, and a framed document—arranged on a weathered wooden surface under soft candlelight.",1,,,"Warm-toned photo of a lit candle, open compasses, wristwatch, matchsticks, and a framed document on a weathered wooden surface",1,,
704,9b2cefb9-b274-4a16-856e-b2f09f829ed8,2026-07-11 22:55:26.589,deny,"A black-and-white photograph of a person is centered on a dark blue background scattered with small orange-brown circular shapes; the text ""arthur russell"" and ""picture of bunny rabbit"" appears below in lowercase script.",1,,,"Dark blue background with small orange-brown circular shapes, a centered black-and-white photo of a man. Artist album name as text",1,,
265,8e33c273-0cca-49c0-95de-e7f856f2860a,2026-07-07 11:00:54.911,deny,"Bold black uppercase text ""ENTREZ VOUS"" at the top; below, four monochrome hand-drawn pillow illustrations arranged in a 2x2 grid with visible shading and texture.",1,,,"Black ""ENTREZ VOUS"" at the top. four monochrome hand-drawn pillows arranged in a 2x2 grid in the center.",1,,
159,fb46b285-6c8f-48c7-999c-6cd8656be355,2026-07-06 15:57:47.271,deny,Profile of a person with brown hair submerged in blue water; orange background features pink and blue floral elements with water droplets in a surreal illustration.,1,,,Painting of brown-haired person submerged in rippling blue water against an orange sky. Pink and blue flowers emerge before them.,1,,
626,1578052c-56c1-4da6-8ad1-3034ffff17e3,2026-07-08 10:55:46.949,deny,"A nighttime photograph of a road with two sets of white left-pointing arrow signs on the grassy roadside verge, alongside tall dry vegetation and distant trees against a deep blue sky.",1,,,Nighttime photo of a road with two sets of left-pointing arrow signs on grassy roadside; tall dry vegetation and distant trees,1,,
705,3ff0cd6b-6f55-4c97-bfa8-a1fe741a526c,2026-07-11 22:59:52.528,deny,"A photograph of large birds standing on a trash mound; digital distortions create vertical dripping layers below the surface, showing mixed waste materials in brown and green tones.",1,,,"Large birds on a trash mound; digital distortions create vertical dripping layers below the surface, showing mixed waste material.",1,,
116,2a440d8b-d15c-41a0-89c9-a3b0849b18cb,2026-07-06 13:53:06.64,confirm,A person in a voluminous blue ruffled gown sits among multiple cellos and violins against a red brick wall backdrop.,1,,,A person in a voluminous blue ruffled gown sits among multiple cellos and violins against a red brick wall backdrop.,1,,
706,72c26487-09ae-4f54-877c-be01ec244ef2,2026-07-11 23:12:54.469,deny,"Black-and-white photograph of a musician playing an acoustic guitar with visible microphone; bold yellow text reads 'BOLA SETE', 'SAMBA IN SEATTLE', and '(1966-1968)' against dark background.",1,,,Black-and-white photograph of a male musician playing an acoustic guitar. Text on top right show album and artist names.,1,,
141,3904d5cb-bb7a-416f-ab89-e034913c1b11,2026-07-06 15:17:53.17,deny,"Stylized illustration of a cityscape with skyscrapers, bridges over water, trains on tracks, and an airplane in a light blue sky; large white ""W3NG"" text displayed at the top; retro flat vector art with vibrant green, red, and yellow buildings.",1,,,"A city with green, red, and yellow buildings, skyscrapers, bridges, trains, and an airplane in a light blue sky; text: ""W3NG"".",1,,
145,ce2a0015-502a-4845-9af1-f299fbb7267b,2026-07-06 15:30:53.187,deny,"Black-and-white photograph of two people against textured background; foreground person wears tailored suit jacket over buttoned shirt with belt. Second individual in leather jacket and white pants stands behind looking away. Red ""N194"" logo visible top right.",1,,,Black-and-white photo of a man in a tailored suit jacket in front of a woman in leather jacket and white pants.,1,,
146,ece104d9-cd7c-4683-b126-2edb9e9559fb,2026-07-06 15:32:22.471,deny,"Black-and-white photograph of a topless figure kneeling on stage with one arm raised upward. White text at the top reads ""JEFF MILLS"" above repeated ""METROPOLIS METROPOLIS"", set against dark background.",1,,,Black-and-white photograph of a topless woman kneeling on stage with one arm raised upward.,1,,
150,bc7f5758-b7b1-41d8-a6d3-dd85119c9741,2026-07-06 15:39:16.604,deny,"A U-shaped magnet with red top, yellow midsections, and silver legs stands centered over large gray sans-serif text reading ""Pylon Reenactment Society"" on a white background.",1,,,"A large U-shaped magnet banded with red, yellow, and silver superimposed over sans-serif text in gray ""Pylon Reenactment Society"".",1,,
152,4b89a8ef-b01b-4acb-9eae-61819223a168,2026-07-06 15:42:27.345,deny,"White album cover with a red circular logo featuring a horse illustration at center top; below it, bold red sans-serif text reads ""THE SERFS"", ""PAID IN FULL B/W REGEN"", and smaller ""TROUBLE IN MIND RECORDS"" on plain white background.",1,,,"Red circular horse logo on a white background above red text: “THE SERFS,” “PAID IN FULL B/W REGEN,” and “TROUBLE IN MIND RECORDS.",1,,
155,860c8639-ed87-4d10-88a1-f8286630a7ae,2026-07-06 15:46:36.389,deny,"A hand-drawn illustrated album cover featuring a desert landscape with cacti, mountains, and a setting sun under warm orange and pink skies. The band name ""The Rose City Band"" appears in large stylized script at the top, while ""Sol y Sombra"" is displayed in an ornate box below, all framed by a decorative border.",1,,,"A desert landscape with cacti, mountains, and a setting sun under warm orange and pink skies all framed by a decorative border.",1,,
160,192846d3-f598-4eba-af3c-671696b77bec,2026-07-06 15:58:46.972,deny,Album cover with 'Inturist Tourism' in brown cursive script above a vintage-style engraving of a person in striped clothing within a gold-toned oval frame; monochrome green and beige tones on pale background.,1,,,Vintage engraving of a mustached man in striped clothing in a gold oval frame; “Inturist Tourism” above.,1,,
163,deb62a7e-2482-4c5f-a482-9cdbd20b44a3,2026-07-06 16:06:45.581,deny,"Close-up portrait of a person with short curly hair against a dark background; cool-toned blue lighting illuminates one side of their face in a grainy, atmospheric aesthetic.",1,,,Close-up portrait of short haired woman on a dark background with screen-like light on her face.,1,,
707,cadc4eac-8323-45eb-9686-9340c8d0e297,2026-07-11 23:14:33.008,deny,"Five people pose against a textured blue wall; two sit on wooden stools while three stand behind them in casual attire featuring striped and graphic t-shirts, with visible arm tattoos.",1,,,"Five people pose before a textured blue wall, with two seated on stools and three standing.",1,,
168,642d27e2-108d-420d-8e82-5e0aed394718,2026-07-06 16:12:56.486,deny,"Nighttime outdoor scene with dense tree foliage in foreground; blurred red and yellow lights visible through trees behind. Vertical red text ""Through a Frame"" on left; bottom text includes ""Pollen Drop ✓"" and ""J.W. Ricci"".",1,,,"Nighttime photo of dense foliage; hazy lights are visible through the trees. Red, gothic text displays the album/artist name.",1,,
202,1b0948b7-aa90-4dd7-a2b5-9c4810318d48,2026-07-07 10:03:35.299,deny,"A vinyl record sleeve displays an album cover with a solid orange background featuring a large black silhouette of a figure wearing a thick, textured coat adorned with small white dots arranged in patterns.",1,,,Orange record sleeve with a large black silhouette in a textured dotted coat on a solid orange background,1,,
178,cfdb13bc-0d43-4d6c-9f37-265135b877ec,2026-07-06 17:03:55.542,deny,"Six vertical monochrome panels with textured patterns against a black starry background; colorful ribbons (yellow, pink, blue) flow from their bases. Blue text ""IRREVERSIBLE ENTANGLEMENTS"" top left; white tracklist including ""Down to Earth b/w All You Can Do Is All You Can Do"" and SUB POP logo top right.",1,,,"Six vertical monochrome panels with patterns on a black starry background; yellow, pink, blue  ribbons flow from their bases.",1,,
180,27c2daf4-cf2e-43e9-aea5-4d370c12fe0b,2026-07-06 17:06:38.466,deny,"Black-and-white photograph of a person in dynamic pose (arm raised with index finger extended, legs spread) on grainy background; overlaid green text displays ""IT'S NOT THEM"", ""IT COULDN'T BE THEM"", and ""IT IS THEM""; ""GUIDED BY VOICES"" at bottom.",1,,,Black-and-white photo of a person with raised finger and spread legs; overlaid green text reads the album title and artist name.,1,,
331,3c127c3c-1234-45bc-a3a5-ef1b90e264e1,2026-07-07 11:54:52.326,deny,"A person in flowing orange-toned fabric glows against a dark background; ""Pallbearer"" appears above and ""Mind Burns Alive"" below.",1,,,Flowing orange-toned fabric glows against a dark background.,1,,
188,c9245294-1ec8-4b13-ac57-95e8039dc15e,2026-07-07 02:06:21.599,deny,"The album cover displays ""MEAT HOUSE"" in bold angled typography against a white background covered in dense scattered black dots and irregular circular shapes; it has a monochrome grainy texture.",1,,,"""MEAT HOUSE"" in bold angled typography against a white background with dense scattered black dots and irregular circular shapes.",1,,
189,42319916-685a-411e-ad9c-361522f1cac4,2026-07-07 02:08:00.896,deny,A person stands on a thick tree branch amid dense green foliage with yellow flowers visible in the lower foreground. The image is a photograph using warm natural light.,1,,,A person stands on a thick tree branch amid dense green foliage with yellow flowers visible in the lower foreground.,1,,
190,26aec06f-0565-4441-92ef-f7fa00b19fed,2026-07-07 02:08:42.863,deny,Album cover with sepia-toned background featuring hand-drawn yellow text: 'DANIEL VILLARREAL - LADOS B' in large letters above smaller text reading 'WITH JEFF PARKER AND ANNA BUTTERSS'.,1,,,"Sepia-toned background featuring hand-drawn yellow text: 'DANIEL VILLARREAL - LADOS B','WITH JEFF PARKER AND ANNA BUTTERSS'.",1,,
193,145639eb-3ba8-43ee-b5a9-4078cd71fa74,2026-07-07 03:49:23.054,deny,"Eight seashells arranged in grid on black background with green dashed X lines, red circular border; handwritten text reads ""Gentle Leader XIV"" top and ""Joke in the Shadow"" bottom.",1,,,"8 seashells on black background with green dashed X lines, hidden red circle; text is ""Gentle Leader XIV"" and ""Joke in the Shadow""",1,,
194,cf07dc22-7043-4894-8cf2-9abe63809193,2026-07-07 03:50:19.717,deny,"Monochrome photograph of ocean waves with a large bright overexposed area on the lower left; gentle swells on water surface under a hazy sky, featuring grainy texture and minimalist composition.",1,,,Monochrome photograph of ocean waves with a large bright overexposed area on the lower left; hazy sky and grainy texture.,1,,
199,9e31ef0f-05e2-4708-b380-1f7299df8f56,2026-07-07 09:58:22.486,deny,"Two people in a blurred photograph; one with dark hair wearing beaded necklace, the other with light brown wavy hair; Arabic text at bottom reads ""سادا بوناير"" with English transliteration ""SAADA BONAIRE"" beneath.",1,,,"Two people in a blurred photograph; one with dark hair wearing beaded necklace, the other with light brown hair; Arabic text below",1,,
201,cd08a8fd-56d9-4cb4-b95b-4ca96d4685cf,2026-07-07 10:00:07.808,deny,"A damaged silver and red metro train rests on a large metallic structure resembling a whale's tail, set against a pale sky with trees framing the sides. Bold brown text at top reads ""THESE THINGS HAPPEN"".",1,,,Damaged silver and red metro train on a large metallic structure resembling a whale's tail; pale sky with trees framing the sides.,1,,
218,6f0b2553-eb6f-4d96-9693-8c44646a2b75,2026-07-07 10:25:44.358,deny,"Retro album cover with wooden panel background showing vintage items (red TV, desk lamp) surrounding a central photo of a person wearing glasses against teal fabric. Left side features Chinese '福' zodiac poster; top-right text reads 'GINGER ROOT' and '*NISEMONO*'.",1,,,"Central photo of a person with glasses on a wooden panel background with vintage items (red TV, desk lamp) around it.",1,,
204,a4465b1a-5ae2-45fc-a442-6137178b01c9,2026-07-07 10:07:03.509,deny,"A black-and-white album cover features a stylized, grungy line drawing of a cat's head at center, surrounded by intersecting geometric patterns with scattered circular shapes. Prominently displayed text includes ""NEW FUTURE CITY RADIO"" and artist names above the cat, while phrases like ""THE BEAT,"" ""BREEZE OF TIME,"" and ""DROIDS!"" appear along the patterns in a distressed, zine-inspired typography.",1,,,"Black-and-white cover with a grungy cat head drawing, intersecting and swirling lines, and scattered circles.",1,,
205,e33e6472-b3e6-4b46-b1e6-d9da3e1ff076,2026-07-07 10:09:55.722,deny,"Abstract psychedelic artwork featuring distorted, flowing shapes in vibrant blue and magenta against a black background; 'Mudhoney' appears in yellow text top-left, with 'Plastic Eternity' in stylized white script below.",1,,,"Distorted blurred blue and magenta shapes against a black background; 'Plastic Eternity' distorted text, 'Mudhoney' above.",1,,
206,4f9a64b8-9d1a-47ea-88a4-cdec5f5d9e28,2026-07-07 10:15:13.463,deny,"Abstract mixed-media album cover with swirling purple, blue, and red brushstrokes; prominent red-and-white DNA double-helix patterns visible on the left side.",1,,,"Abstract mixed-media album cover with swirling purple, blue, and red blobs; DNA double-helix patterns visible on the left side.",1,,
207,9dfd5e8b-fe7c-4a79-8970-9c3779d9ae8f,2026-07-07 10:16:08.737,deny,"A red vintage coupe parked in front of a building with large windows and green shrubbery, set against a light olive border. The photograph features a clean, minimalist composition with natural lighting.",1,,,"Red vintage coupe parked in front of a building with large windows and green shrubbery, set against a light olive border.",1,,
208,7ec395db-10ea-48e9-814e-7ce69928adcf,2026-07-07 10:17:18.812,deny,"Central illustration shows a feathered-headdress warrior on horseback holding an axe and shield, leaping over soldiers firing rifles against an orange background. Bold yellow ""DOG SOLDIER"" text top and ""WINTERHAWK"" bottom on brown bands.",1,,,"Feathered-headdress warrior on horseback holding an axe and shield, leaping over soldiers firing rifles against orange background.",1,,
709,f65c3172-e01e-4e7d-a192-6fe172e5739a,2026-07-11 23:21:53.131,deny,"Photograph showing an urban protest scene with uniformed military personnel and protesters holding signs; top-right text reads ""Lee Bains + The Glory Fires Old-Time Folk"".",1,,,Photo of an urban protest scene with uniformed military personnel and protesters holding signs. Handwritten top-right text.,1,,
210,7d779451-d316-4ba0-b0f4-07c1872e0c25,2026-07-07 10:19:27.213,deny,A yellow and black geometric diamond pattern with white circular dots in each black diamond; 'DIPPERS' text overlaid across the top and 'CLASTIC ROCK' in lower right.,1,,,Geometric diamond pattern with white circular dots in each diamond against a yellow background; 'DIPPERS' and 'CLASTIC ROCK' text,1,,
212,e18dd35e-d941-41dc-b1b9-cbe7fb792ddb,2026-07-07 10:20:41.655,deny,"Album cover with ""MAGIC SIGN"" printed top-left and ""MARTIN COURTNEY"" top-right; central black-and-white photograph of a figure walking on snow-covered ground amid trees, surrounded by vibrant yellow, green, and purple abstract paint splatters.",1,,,"""MAGIC SIGN"" top-left and ""MARTIN COURTNEY"" top-right; central monochrome photo of a figure walking, and paint splatters around it",1,,
380,01f94419-2fc1-4d77-b9ba-e4cd4f6c6d59,2026-07-07 13:50:50.999,deny,"A bunch of ripe yellow bananas with brown spots against a plain white background, framed by an orange border. Text at the top reads ""The Sound of yourself / Ben McLaughan"".",1,,,"A bunch of ripe yellow bananas with brown spots against a plain white background, framed by an orange border.",1,,
213,aca4fa25-5e68-4fe0-8fa1-d9f06a59b073,2026-07-07 10:21:25.898,deny,"Album cover features a person in black clothing lying on a solid teal background with arms extended. Large beige arched serif text ""EMMA SWIFT"" spans across the center; smaller white sans-serif text ""the RESURRECTION GAME"" appears top right.",1,,,"Person in black clothing lying on a solid teal background with arms extended; beige serif text ""EMMA SWIFT"" spans across center",1,,
214,51b11646-8217-44aa-b535-b04225e77222,2026-07-07 10:21:47.292,deny,"A soft-serve ice cream cone in a waffle cone with a knife slicing through its top is centered against a solid blue background. The word ""CRYBABY"" appears in white script font in the upper right corner.",1,,,"Ice cream cone with a knife slicing through its top against a blue background. ""CRYBABY"" appears in white in the upper right.",1,,
215,28b699e0-9159-40d1-915a-45592ee19058,2026-07-07 10:23:26.622,deny,"Monochrome illustration of a person with shoulder-length light-colored hair wearing a patterned garment, hand resting near their chin against a muted background.",1,,,"Faded, pink-tinged painting of a person with shoulder-length black hair. Their chin rests against their hand as they stare forward",1,,
248,f84f762b-e080-45f7-8778-cf3e830d84ce,2026-07-07 10:45:50.601,deny,"A photograph of ocean waves crashing against a blue sky background with white foam; overlaid text displays ""CARLOS NIÑO & FRIENDS"" and ""More Energy Fields, Current"" in blue typography.",1,,,"Grainy blue, purple, and pink gradient photograph with ocean waves crashing against a blue sky background with white foam",1,,
217,ac7b8d6d-6c8a-43b0-89a3-2b019a44dc90,2026-07-07 10:24:22.848,deny,"A hand holds a red cassette tape emitting bright red smoke against a dark gray textured background; bold white vertical text reads ""VOLCANIC TONGUE"" on the right edge.",1,,,"Hand holding a cassette emitting smoke in red. Dark gray background. White vertical text on the right, ""VOLCANIC TONGUE"".",1,,
219,58e61cc2-355b-4edd-90cf-c68efb1ac4d8,2026-07-07 10:26:12.526,deny,"Photograph of a cloud formation under a sunset sky transitioning from blue to orange. Bold pink sans-serif text displays three artist names—""CARLOS NIÑO"", ""SURYA BOTOFASINA"", and ""ADAM RUDOLPH""—overlaid on the clouds.",1,,,A cloud formation under a sunset sky transitioning from blue to orange. Bold pink overlaid text show the 3 artist names.,1,,
221,0703ae04-4006-46b0-84c5-b9bfed6372cc,2026-07-07 10:26:57.678,confirm,"Abstract composition of swirling orange and off-white organic shapes with a grainy, textured surface.",1,,,"Abstract composition of swirling orange and off-white organic shapes with a grainy, textured surface.",1,,
222,5ae479e7-9587-4756-852e-806fa093633f,2026-07-07 10:27:16.212,deny,"Orange album cover with a thin black square border featuring a pyramid-shaped collage of black-outlined faces. Bold stylized text displays ""Wattstax '72"" prominently below the face arrangement, with ""Soul'd Out THE COMPLETE WATTSTAX COLLECTION"" underneath and ""Stax Records Presents"" visible on the left.",1,,,"Orange background with a pyramid-shaped collage of black-outlined faces. Bold ""Wattstax '72"" below it.",1,,
225,2e1d6cf6-950e-44cb-8197-2aace67f6e81,2026-07-07 10:29:19.605,deny,"A person with short light brown hair rests their head on an arm against a blurred background of green foliage; text reading ""ANNA ST LOUIS"" in top left corner and ""IN THE AIR"" in top right corner, with warm-toned skin tones and soft-focus photography.",1,,,A person with short light brown hair rests their head on an arm before blurred green foliage in soft-focus.,1,,
228,6bef94fd-ad9b-42e2-8cc6-90226f552372,2026-07-07 10:30:58.839,deny,"A nighttime cityscape features illuminated skyscrapers with vibrant blue, purple, and pink neon lights against a dark sky. Stylized white graffiti text reading ""DJ HANK"" appears at the top, while small ""HU"" is centered below.",1,,,"Nighttime cityscape with illuminated skyscrapers and vibrant blue, purple, and pink neon lights reflecting buildings against sky.",1,,
229,073d10cc-caf8-4425-98fd-af60fc2f4a99,2026-07-07 10:32:30.169,deny,"A figure draped in white fabric stands in an open field under a sunset sky transitioning from amber to blue hues. Text reads ""HERCULES & LOVE AFFAIR"" at top and ""IN AMBER"" centered below.",1,,,"Figure draped in white fabric in an open field under an amber and blue sunset. ""HERCULES & LOVE AFFAIR"" above and ""IN AMBER"" below",1,,
230,31730932-d2cf-46be-afb0-dc24ad5b31f1,2026-07-07 10:32:52.496,deny,"Album cover with red border features a beach scene under blue sky; includes two gray cats, person in colorful floral shirt with arms outstretched, two double-decker trams on sand, and hooded child. Bold white 'Shufflemania!' text at top, 'Robyn Hitchcock' below.",1,,,"Beach under blue sky with two gray cats, person with arms outstretched, two double-decker trams, and hooded child. Red border",1,,
231,32f6aaa3-a40a-46a6-92b4-adbd6a72539b,2026-07-07 10:32:54.559,deny,"The cover displays abstract geometric patterns composed of red, black, and white pixelated squares forming overlapping shapes. The text ""I.P.A."" appears above ""GRIMSTA"" in bold sans-serif font on the upper left.",1,,,"Abstract geometric patterns of red, black, and white pixelated squares forming overlapping shapes. Text of album and artist names.",1,,
232,12616d72-a971-40f6-adba-8f5e891ca304,2026-07-07 10:33:59.569,confirm,"Geometric digital artwork featuring a red-lined grid background with scattered circular shapes in red, green, pink, and black.",1,,,"Geometric digital artwork featuring a red-lined grid background with scattered circular shapes in red, green, pink, and black.",1,,
234,5444761f-260f-4951-b5f3-8312fd81fd91,2026-07-07 10:36:05.015,deny,"Vibrant psychedelic collage album cover with large bold multicolored letters spelling ""THE GO! TEAM"" and visible title ""Get Up Sequences Part 2"" amid sunbursts, stars, and geometric shapes in bright red, blue, yellow, and green.",1,,,"Psychedelic collage with large bold multicolored artist and album text, sunbursts, stars, flowers, grass, and geometric shapes.",1,,
235,52a4b7c8-5631-416e-9987-c45b1dfa913b,2026-07-07 10:36:26.999,deny,"A black-and-white portrait of a person wearing a white headwrap dominates the center, set against an abstract background with bold red, blue, yellow, and purple shapes. The artwork is framed by layered geometric borders in gold and blue, with ""Abdallah Oumbadougou"" at the top followed by ""AMGHAR «THE GODFATHER OF TUAREG MUSIC» VOL. 1"" in white text.",1,,,Centered black-and-white portrait of person wearing white headwrap; multicolored shapes in background; layered black borders.,1,,
238,2b17a8b3-a21e-4b6c-8682-7329626f4ebf,2026-07-07 10:38:20.177,deny,"Album cover featuring stylized dark green ""DARGZ"" text centered on a solid light pink background; rounded, flowing typography with abstracted letterforms.",1,,,"Dark green ""DARGZ"" text centered on a solid light pink background; rounded, flowing typography with abstracted letterforms",1,,
239,71ed5ecb-dc07-45ef-981d-7f7a8aaeab82,2026-07-07 10:39:21.899,deny,"A person wearing a wide-brimmed brown hat and black gloves operates vintage audio equipment with spinning reels. Stylized yellow typography displays ""São Paulo"" beneath smaller text reading ""Adrian Younge Presents Linear Labs:"" on a muted gray background.",1,,,A person wearing a wide-brimmed brown hat and black gloves operates vintage audio equipment with spinning reels.,1,,
240,ec13af4a-7720-4d64-92a0-5e530c10cf92,2026-07-07 10:41:32.761,deny,"Album cover featuring a partial grayscale side profile of a person on the left against an abstract background of bold red, black, and white splatter patterns. Text at top displays ""CHRIS CORSANO"" in red uppercase letters followed by album title in smaller gray text.",1,,,"A partial grayscale side profile of a person on the left against an background of bold red, black, and white splatter patterns.",1,,
243,aada107d-c214-44dd-8437-bb968742a796,2026-07-07 10:43:05.285,deny,"A black starry background features a large pink-to-blue gradient abstract shape at center; vertical white script reads ""Lynn Avery & Cole Pulice"" left side, with ""Live & Die To"" top-right and ""In Space & Time"" below the form.",1,,,Black starry background with pink-to-blue gradient abstract shape at center; 'Moon Glyph' sideways text on left edge in center,1,,
245,158be9c3-81ae-46ee-b1bb-0391a23e5756,2026-07-07 10:44:22.02,deny,"Black-and-white photograph of a galloping horse against a solid black background; text “mekons” in bold lowercase at top, “HORROR” in uppercase near the bottom.",1,,,"Monochrome photograph of a horse on a black background. “mekons” in bold lowercase at top, “HORROR” in uppercase near the bottom.",1,,
247,98cf8b29-e11e-43ea-8370-627f49f964e4,2026-07-07 10:45:39.946,deny,A painterly depiction of a forest at dusk featuring tall evergreen trees silhouetted against an orange and blue twilight sky; snowy ground is rendered in cool blues and greens.,1,,,Painting of a forest at dusk with tall trees against an orange and blue sky.,1,,
251,378ddbc6-a2bf-4c9a-8554-3f815fff68cb,2026-07-07 10:48:20.91,deny,"Close-up photograph of an individual with short dark hair reflected in a glass window, showing blurred urban buildings and structures outside under natural daylight; soft lighting creates subtle shadows across the figure.",1,,,Close-up photograph of an individual with short dark hair showing blurred urban buildings behind under daylight.,1,,
252,654a2913-5e47-483f-9f2a-59a868b25e74,2026-07-07 10:48:54.28,deny,"The album cover displays bold black sans-serif text reading ""GOOD LIVING IS COMING FOR YOU"" and ""SWEEPING PROMISES"" above a grid of CMYK-colored geometric shapes featuring cyan, magenta, yellow, and black with rounded segments.",1,,,"Grid of CMYK-colored geometric shapes featuring cyan, magenta, yellow, and black with four segments, some rounded, in each.",1,,
254,8a03b328-bd41-4573-8b88-ffc8f1d421ea,2026-07-07 10:50:11.716,deny,A central figure in a white button-up shirt with rolled sleeves and dark suspenders stands against a black marble-textured background. Red cursive text 'Bless This Mess' appears at top; a red 'UG' logo is centered below the figure.,1,,,"Central pregnant figure with a white unbuttoned shirt ona black background. Red cursive ""Bless This Mess"" appears at above.",1,,
259,5d551029-a597-4ba9-bf7c-0c3e8a5bd22d,2026-07-07 10:54:24.731,deny,"Blue background with red radial lines surrounding a central figure in an orange shirt and red vest. The figure holds an object near their mouth, depicted in stylized graphic illustration. Text reads ""FRANCIS BEBEY"" above and ""TRÉSOR MAGNÉTIQUE"" below in white block letters.",1,,,Blue background with red radial lines surrounding a central figure in an orange shirt and red vest holding an object near mouth.,1,,
260,4e4d37ee-0253-40b8-a241-6206cd06ea72,2026-07-07 10:55:23.239,deny,"Album cover features solid pink background with ""DAS DAMEN"" in large red stylized letters at top and ""1986: Keeps Me Wild"" below in smaller black font. Central grainy photo shows four musicians performing on stage with guitars, drums, and microphones.",1,,,"Pink background with central grainy photo showing four musicians performing on stage with guitars, drums, and microphones.",1,,
261,2abaa368-ccf2-401b-9f96-4e7e00450d35,2026-07-07 10:57:14.948,deny,"Album cover featuring four people posing on a grassy riverbank, with two holding electric guitars; bold black text ""WINTERHAWK"" at top and ""ELECTRIC WARRIORS"" at bottom against a vintage-style photographic background.",1,,,"Four musicians posing on a grassy riverbank. Black text ""WINTERHAWK"" at top and ""ELECTRIC WARRIORS"" at bottom.",1,,
263,86b47013-7a96-4594-afc6-b4737770827b,2026-07-07 10:58:18.429,deny,"A dense, stylized collage of cartoonish rabbit-like figures with expressive faces and limbs, rendered in bold black outlines over a vibrant background of red, yellow, blue, and muted earth tones.",1,,,Collage of cartoon rabbit-like figures with expressive faces and limbs rendered in bold black outlines over striped earthy tones,1,,
264,9f54b5ec-e03c-4e64-ab94-3db5ed9956a8,2026-07-07 10:59:53.168,deny,"Sticker-style album cover displaying ""Brooklyn Folk Festival 2019"" in red script at top, an eagle holding a banjo and circular shield beneath it (with April 5-7 on one wing), and ""Jake Xerxes Fussell"" printed on a yellow banner below.",1,,,"""Brooklyn Folk Festival 2019"" in red script at top, an eagle holding a banjo and shield beneath. ""Jake Xerxes Fussell"" on banner.",1,,
269,80e08cc1-c27c-4e91-9635-ec8b8850ed5f,2026-07-07 11:16:35.459,deny,"Psychedelic album cover with wavy teal, orange, and pink stripes against a bright blue background; bold green text reads “GET UP SEQUENCES PART ONE.” and “THE GO! TEAM” on alternating horizontal colored bands.",1,,,"Wavy teal, orange, and pink stripes against a blue background. “GET UP SEQUENCES PART ONE. THE GO! TEAM” on alternate stripes.",1,,
271,eb01c8ce-e160-457c-a04f-8c48f62fe0b4,2026-07-07 11:17:03.65,deny,"A minimalist monochrome photograph of textured dark gray and light gray sand formations, with two small white pebbles scattered across the darker surface.",1,,,Photograph of textured dark gray and light gray sand formations.,1,,
273,3af27729-2db1-4d5b-a018-ba9b37f90d0e,2026-07-07 11:18:02.658,deny,"A person with long hair wears a red cap and white t-shirt featuring Olympic rings against a blue sky background; seagulls fly above, pink ""JULIA-SOPHIE"" text top left, partial ""FORGIVE TOO SLOW"" text top right.",1,,,Person with red cap obscuring face; person wears white t-shirt featuring Olympic rings against blue sky background with birds.,1,,
274,7d4aef2b-cca0-428a-84ac-4e6164975951,2026-07-07 11:18:17.783,deny,"A black-and-white photographic cover features a partially visible figure with long flowing hair in high-contrast shading; abstract dark/light composition dominates the left side. Text on the right displays ""WYE OAK"", ""EVERY DAY LIKE THE LAST"", and tracklist details.",1,,,Monochrome photograph features visible figure with long flowing hair. White strip on the righ with black text.,1,,
278,9b4fe0fc-a294-4978-a7d2-378572e565f8,2026-07-07 11:19:40.664,deny,"Album cover featuring a black-and-white photograph of John Coltrane in profile against a dark background with red bokeh lights. Text displays ""A Love Supreme"" (orange), ""Live In Seattle"" (purple), and ""John Coltrane"" (teal). Includes impulse! stereo logo and blue ""NEW MUSIC FRIDAYS"" sticker.",1,,,"Photograph of a man against a dark background and under red lights. Orange, pruple, and teal text displays above.",1,,
338,79cdccc0-e182-4f42-a478-89227340b43f,2026-07-07 11:58:54.32,deny,Six individuals stand on a stone bridge surrounded by dense green foliage; they wear varied casual attire including patterned shirts and a pastel dress.,1,,,Six individuals stand on a bridge surrounded by dense green foliage; they wear varied casual attire.,1,,
282,485fe69b-51a1-4f9e-b83e-2d253c0da118,2026-07-07 11:21:17.276,deny,"Desert landscape featuring three large sand dunes under a partly cloudy blue sky; white text lists ""Keiji Haino"", ""Jim O'Rourke"", and ""Oren Ambarchi"" across the top with descriptive phrases beneath each name.",1,,,Three large sand dunes under a partly cloudy blue sky.,1,,
284,1b392d89-be3a-4fc2-8299-bfbed1e4bceb,2026-07-07 11:25:19.642,deny,"A close-up digital illustration of a human eye with an intricate blue and purple patterned iris featuring swirling lines, scattered white dots, black pupil on dark background; small white decorative symbols in the top-right corner.",1,,,Close-up digital illustration of a human eye on a dark background with blue-and-purple patterned iris and a black pupil.,1,,
285,178fb16d-343d-4822-b901-befdcf5a57ba,2026-07-07 11:25:38.654,deny,"A person sits on rocky terrain by the ocean under a partly cloudy sky; large stylized white text ""PRISON"" dominates the top, with upside-down black text ""DOWNSTATE"" printed on the rock below.",1,,,"Person sits on rocky terrain by the ocean under a partly cloudy sky. White ""PRISON"" dominates the top and ""DOWNSTATE"" below.",1,,
287,934380c9-63d0-4f9b-b839-fe41638f1c67,2026-07-07 11:26:07.917,deny,Close-up of a blue denim shirt with buttons; a pocket holds a black passport and yellow pencil. Text overlay reads 'CAT POWER / COVERS'.,1,,,Close-up of a blue denim shirt with buttons; a pocket holds a black passport and yellow pencil. 'CAT POWER / COVERS' centered text,1,,
290,75b258a5-6f12-4b76-80c1-7eb49bbc14b7,2026-07-07 11:28:19.852,deny,"Stylized illustration of a road flanked by dark trees and green fields under blue sky; light brown funnel rises from horizon. ""PISSED JEANS HALF DIVORCED"" printed top in white.",1,,,Illustration of a road with dark trees and green fields under a blue sky. Smoke rises from a hole in the grass.,1,,
713,d3ee5171-7a0b-4fdb-aec3-45dcec68a911,2026-07-11 23:38:50.784,deny,A photograph depicting a dense forest scene with a rocky stream flowing through lush greenery; a small figure in light clothing stands on a grassy hillside surrounded by tall trees and wildflowers.,1,,,Dense forest scene with a rocky stream flowing; a small figure stands on a grassy hillside surrounded by tall trees.,1,,
292,c0a47717-96b1-4dd1-a9f3-ca983035b7cf,2026-07-07 11:29:33.05,deny,A geometric frame of red and green glowing spherical shapes connected by dark rods encloses a black card featuring a smiling hand-drawn gingerbread man illustration.,1,,,Geometric frame of red and green glowing spherical shapes connected by dark rods encloses a gingerbread man drawing.,1,,
297,eacef0f1-953e-40bf-bf9c-77fecbacd34d,2026-07-07 11:31:38.487,deny,"Album cover showing a person in profile against a dark, moody background; dramatic side lighting creates high contrast with warm facial highlights.",1,,,"Person in profile against a dark, moody background; dramatic side lighting creates high contrast with warm facial highlights.",1,,
299,2938d73a-55ca-4b6b-87c1-21f77b5d8a29,2026-07-07 11:33:02.558,deny,"The album cover features a black-and-white group photograph of people gathered indoors around a central figure in a costume with large circular eyes and a cape; above them, bold yellow text spells “SNØOPER” with star symbols integrated into the lettering.",1,,,Black-and-white photograph of people gathered indoors around a central figure in a costume with large circular eyes and a cape.,1,,
300,de6d9e84-d14f-421d-8259-8685fb005900,2026-07-07 11:33:54.683,deny,"A man in a black beret plays a silver trumpet outdoors amid green grass and water within a yellow grid layout; right panel displays bold white text: ""MARK KIRSCHENMANN TONICS SEVEN MELODIES FOR TRUMPET WITH BAMBOO MOUTHPIPE"" on dark background.",1,,,A man in a black beret plays a silver trumpet outdoors amid green grass and water within a yellow grid layout.,1,,
302,4630c2e6-2cb3-4235-b2e1-987eb4539abd,2026-07-07 11:35:54.799,deny,"Black-and-white motion-blurred photo featuring abstract distorted shapes suggesting an indistinct human form; left side displays vertical typographic text listing ""UMUT ADAN & ZEBNİS,"" ""BAŞKA BAHAR,"" and a descriptive blurb about the album's narrative.",1,,,Black-and-white motion-blurred photo featuring shapes suggesting an indistinct human form with descriptive album narrative blurb.,1,,
310,8357ecbf-c1d2-47ad-b5b1-d241690059e6,2026-07-07 11:40:02.912,deny,"Album cover features dark textured background with tangled white lines over grassy field; light pickup truck parked near wooden posts. Text reads ""YO LA TENGGO"" top right and ""This Stupid World"" bottom center.",1,,,Dark textured background with tangled white lines over grassy field with a light pickup truck parked near wooden posts.,1,,
311,82bd175b-2c53-4297-8ecb-289dcbded399,2026-07-07 11:40:06.892,deny,"A seated person with long blonde hair appears against a dark red backdrop, their figure and loose clothing bathed in intense red light. Overlaid in large, stylized golden-yellow typography is the text ""MINRU LIMINALITY"".",1,,,"Seated person with long hair in red lighting against a black background. Gold ""MINRU LIMINALITY"" overlays the image.",1,,
312,d4817574-eece-4d14-9471-a9c3ba927a11,2026-07-07 11:43:47.587,deny,"Album cover featuring a group of people standing before a newspaper-text collage backdrop with tree and grass elements; top text reads ""Nyabingi Resurrection"" in white stylized lettering; bottom text displays ""Nilotika Cultural Ensemble"".",1,,,Newspaper-text collage with painting of group of people wearing colorful clothing; tree and grass elements in background.,1,,
316,171a43fc-4320-4b73-a5aa-48b3259a957b,2026-07-07 11:47:04.473,deny,"Album cover photograph of a suburban street featuring a two-story white house with dark shutters, surrounded by autumn-colored trees and power lines under an overcast sky. Overlaid in large white sans-serif font across the center is the album title “For the first time”.",1,,,"Photo of a suburban street with a two-story white house with dark shutters, surrounded by autumn-colored trees and power lines.",1,,
714,04b64dd8-43e4-4a16-bb46-94c41f981558,2026-07-11 23:40:19.914,deny,"A photograph shows a white sailboat on calm blue water under a clear sky, with a person mid-jump holding a light green surfboard and two dogs standing on the deck railing. The artwork features a bright orange border with small white icons in each corner.",1,,,"Small white sailboat on blue water, with a person mid-jump holding a light green surfboard and two dogs standing on the deck.",1,,
320,a12f3688-1f4f-4ee2-8deb-0cd11d77aa61,2026-07-07 11:48:25.453,deny,"Abstract album cover featuring dense, hand-drawn swirling lines in soft pink on a white background, creating an intricate pattern without visible text or imagery.",1,,,"Dense, hand-drawn swirling lines in soft pink on a white background.",1,,
322,3ca6b869-0779-4baf-9737-8bd5bc87548d,2026-07-07 11:49:57.413,deny,"A close-up photograph shows a bald man with dark-framed glasses playing a saxophone against a deep blue background. Prominent yellow text reads ""JAMES MOODY,"" followed by white and red text displaying ""80 YEARS YOUNG: LIVE AT THE BLUE NOTE"" and the date ""March 26, 2005."" A small ""ORIGIN"" logo appears in the top right corner.",1,,,"A close-up photo of a bald man with glasses playing saxophone against a deep blue background. Artist, album name and a date shows.",1,,
325,e10b85c1-0cde-4856-99f6-057c52fd3f87,2026-07-07 11:51:38.988,deny,"Photograph of a person in green jacket and hat standing in cornfield with tall stalks; trees and large circular moon/sun in sky; top features text ""HISS GOLDEN MESSENGER"" above ""QUIETLY BLOWING IT"".",1,,,Photograph of a person in green jacket and hat standing in cornfield with short stalks; trees and large circular moon/sun in sky.,1,,
329,6480104c-6198-4a29-8a92-8fcd3263a467,2026-07-07 11:53:53.535,deny,"A torn brown corrugated cardboard album cover features two lines of handwritten black script: ""gospel"" at the top and ""the loser"" in the middle, conveying a DIY minimalist aesthetic.",1,,,"A torn brown corrugated cardboard two lines of handwritten black text: ""gospel"" on top & ""the loser"" at the bottom.",1,,
330,9d324dae-0eee-48f8-a963-7a02cbd9ba43,2026-07-07 11:54:14.908,deny,"The album cover presents a serene landscape with several trees featuring pale pink and purple foliage beside a dark blue body of water under a deep blue sky, using cool-toned colors (blues, purples) to create an ethereal aesthetic.",1,,,Landscape with several trees featuring pale pink and purple foliage beside a dark blue body of water under deep blue sky.,1,,
332,a48535c6-2b68-4611-ae4f-04211457dfd6,2026-07-07 11:55:33.687,deny,"Abstract fluid artwork featuring blended pink, blue, green, and black ink-like forms with splatter details; small dark text reading ""MARY HALVORSON BELLADONNA"" in the top-right corner.",1,,,"Abstract fluid artwork featuring blended pink, blue, green, and black ink-like forms with splatter details.",1,,
333,eca2c1b9-8361-4f97-b6ef-ae77e9d689bd,2026-07-07 11:56:25.617,deny,"Black-and-white photograph of four people standing before city skyscrapers; lower section displays artist names and ""WELCOME ADVENTURE! Vol. 2"" typography.",1,,,Black-and-white photograph of four people standing before city skyscrapers. Lower section displays names and title.,1,,
334,56bd1145-1bb4-4c35-b0bd-978305b68f12,2026-07-07 11:57:26.438,deny,"Black background with white line art; 'DISASTER TRICK' in stylized uppercase letters at top. Below, a spiky cloud shape floats above a leaping dog and a robed figure holding a bird.",1,,,Black background with white line art of a spiky cloud shape floats above a leaping dog and a robed figure holding a bird.,1,,
416,aa191314-bc58-4929-99cd-1961fc8976e4,2026-07-07 14:33:07.816,deny,"A photograph depicting tall golden-brown grasses interspersed with scattered white daisy-like flowers under dark silhouetted tree branches, creating a warm, naturalistic composition.",1,,,A photo depicting tall golden-brown grasses interspersed with scattered white daisy flowers under dark silhouetted tree branches.,1,,
335,a996903e-f75b-4e29-a14b-858ec24a8161,2026-07-07 11:58:16.621,deny,"A hand-drawn watercolor-style illustration of a figure wrapped in black mesh fabric over white clothing, with abstract gray surroundings featuring subtle orange and blue shapes. The figure wears a head covering, and the composition is vertical on a light background.",1,,,"Hand-style illustration of a figure wrapped in black mesh fabric over white clothing, with abstract gray surroundings near head",1,,
336,caa71bbd-32ac-4b19-a07b-fce2e4e67a49,2026-07-07 11:58:21.954,deny,"A photograph shows a person wearing sunglasses, a dark hooded jacket over a camouflage-patterned jacket, and a light pink hoodie with red text, seated on concrete steps.",1,,,"Person wearing sunglasses, a dark hooded jacket under a camouflage-patterned jacket, and a light pink hoodie. Seated on steps.",1,,
340,dc860a60-4eb2-430a-baba-f07569160172,2026-07-07 11:59:59.939,deny,"A grainy black-and-white photograph shows five people standing in a line on a wooden platform; they wear casual attire including a plaid shirt, sleeveless dress, suspenders over a white shirt, and denim pants.",1,,,Grainy black-and-white photo of five people standing on a wooden platform against a black background.,1,,
716,14693352-4fa6-476f-9d68-9da91c6867e4,2026-07-12 14:27:54.402,deny,Blurred abstract composition featuring indistinct light blue and gray shapes under a dark angular structure; no legible text or discernible subjects due to low resolution.,0,"Image quality is too poor for confident identification of visual elements (shapes, colors, texture); main subject(s) are ambiguous. No readable text or definitive composition visible.","[""bad image quality"", ""ambiguous main visual element""]",Indistinct light blue and gray shapes under a dark angular structure; no legible text/discernible subjects due to low resolution,0,"Image quality is too poor for confident identification of visual elements (shapes, colors, texture); main subject(s) are ambiguous. No readable text or definitive composition visible.","[""ambiguous main visual element"", ""bad image quality""]"
341,565b7d0f-c669-4ebd-89d9-15dc7c528b44,2026-07-07 12:00:06.793,deny,"Three people in white t-shirts and dark pants stand in a sparsely decorated room with light green walls. Large white text ""WU-LU"" appears at the top on black; below, ""LOGGERHEAD"" is written in smaller white script.",1,,,Photo of people in white t-shirts and dark pants stand in a sparsely decorated room with light green walls on a black background.,1,,
344,58ada426-5452-4def-a4f2-26825d7045e4,2026-07-07 12:01:45.533,deny,"A black-and-white close-up of a snake's head with its mouth open, revealing a surreal interior hallway that extends into the distance through layered architectural structures.",1,,,"Black-and-white close-up of a snake's head with its mouth open, revealing a surreal interior hallway extending into the distance",1,,
346,135f02c3-cfce-4157-8c1b-a35db00677b6,2026-07-07 12:03:37.454,deny,"Bold black ""OVENS"" text appears at the top of the cover. Below it, a grainy monochrome photograph shows a large crowd gathered around a central structure with trees in the background.",1,,,"Bold black ""OVENS"" text appears in the middle. Below, a monochrome photograph of a large crowd gathered around a central structure",1,,
347,e35fd750-8065-4b79-b5df-e304f13377cd,2026-07-07 12:05:18.92,deny,"Album cover features a black space-themed background with stars and galaxy; three people (two standing, one kneeling) surround a long cassette tape on blue-yellow-red path; prominent yellow Arabic text at right; white label with ""SHARAYET EL DISCO"" in top-left.",1,,,Two standing and one kneeling person beside 3 long cassette tapes on a colorful path under a starry sky with yellow Arabic text.,1,,
349,e66afe13-531f-4e7d-8a84-d988bb15076f,2026-07-07 12:07:38.599,deny,"The cover features hand-drawn artwork of a figure with voluminous brown hair revealing a stage inside their head where colorful clowns perform under red curtains. Above, bold text reads ""FORCED FUN,"" with smaller text below: ""Somewhere over the PAINBOW.""",1,,,Hand-drawn artwork of a green figure with voluminous hair and a stage inside their head featuring colorful clowns.,1,,
350,001175a4-9378-4036-8a4c-adbb7ff440d4,2026-07-07 13:16:01.524,deny,"A digital illustration depicts a grand stone temple with an ornate archway under a large light-blue moon; two musicians play instruments on steps while three dancers perform in traditional attire. Visible text includes ""AKRIZA"" top left, non-Latin script top right, and ""WHERE YOU ARE. NOW"" at the bottom.",1,,,A grand stone temple with an ornate archway under a large light-blue moon; two people play instruments and three dance.,1,,
353,769c89df-b480-43d9-be13-7018a7c60450,2026-07-07 13:26:51.48,deny,"A hand-drawn, surreal creature resembling a tangled rabbit stands beside bold ""BARDOPOND"" text; a speech bubble above reads ""Slab."" All elements rendered in purple ink on a beige background with sketchy, whimsical style.",1,,,"Hand-drawn creature resembling a tangled rabbit stands beside bold ""BARDOPOND"" text; a speech bubble above reads ""Slab.""",1,,
356,2dfa5069-4758-436e-8fb0-3559c1f41795,2026-07-07 13:28:56.175,deny,"A seated figure against a clear blue sky wears a vibrant pom-pom jacket and light pants with one arm raised upward; the album title ""The Greater Wings"" appears in flowing blue script typography above.",1,,,A woman seated on a car roof wears a vibrant pom-pom jacket and light pants with one arm raised upward against a clear blue sky,1,,
717,9b5082f9-a5c7-41b3-9c41-b24727f3e4f9,2026-07-12 14:30:36.398,deny,"A black-and-white photograph shows two people on rocky terrain; a woman in a raincoat runs toward a seated man. Pink text displays artist names 'Rian Treanor' top left, '&' center top, and 'Cara Tolmie' top right with scattered letters spelling parts of the album title.",0,"The scattered pink elements (letters and dots) are ambiguous; while they may visually relate to ""Body Lapse,"" their exact arrangement is unclear without being able to confirm if they form a coherent phrase. The description avoids assuming meaning but the ambiguity of text placement limits confidence in determining precise visual content.","[""ambiguous main visual element"", ""cannot read text confidently""]","Black-and-white photo of woman in raincoat running toward seated man on rocky terrain; scattered pink letters spell ""Body Lapse""",0,"The scattered pink elements (letters and dots) are ambiguous; while they may visually relate to ""Body Lapse,"" their exact arrangement is unclear without being able to confirm if they form a coherent phrase. The description avoids assuming meaning but the ambiguity of text placement limits confidence in determining precise visual content.","[""ambiguous main visual element"", ""cannot read text confidently""]"
362,9448ac4f-e452-4b3d-a954-2bc1f37bfc3f,2026-07-07 13:35:44.053,deny,"Cartoon illustration of a gnome with red hat sitting on stacked speakers. Background includes trees, clouds, orange sky, purple mountains under a yellow star. Text reads ""WET TUNA"" and ""EPIC VIEW"" in black.",1,,,"Cartoon illustration of a gnome with a red hat sitting on stacked speakers. Trees, clouds, and an orange sky surround.",1,,
363,1e95be77-a74c-4263-ab6c-b9a35d874eb3,2026-07-07 13:37:34.615,deny,Vibrant hand-drawn illustration of a colorful cityscape on a curved peninsula with multicolored skyscrapers; three canoe figures rowing in water below and animal/butterfly patterns along the bottom.,1,,,Illustration of a colorful cityscape on a curved peninsula with multicolored skyscrapers; three canoe figures rowing in water.,1,,
364,8fe1429c-c842-4384-9c19-feabf7a80fe1,2026-07-07 13:38:32.16,deny,"Solid blue background features bold yellow text at the top reading ""THE PAINS OF BEING PURE AT HEART"" and ""PERFECT RIGHT NOW: A SLUMBERLAND COLLECTION 2008-2010"", with stylized abstract yellow figures composing the lower section.",1,,,Blue and yellow monochrome image of two figures with yellow text at the top.,1,,
373,4e5041c6-52a9-4382-8a2b-6aa9e6b050ec,2026-07-07 13:44:46.46,deny,"Minimalist red album cover with a central white square bordered by yellow; light yellow text includes top-left title ""Tripel/Dubbel"", right vertical artist names, left instrument credits, and bottom-right ""AEROPHONIC"" label.",1,,,Minimalist red album cover with a central white square bordered by yellow; instrument credits on left bottom,1,,
374,6fdf6c02-b9d4-4f61-bce1-5485e2d29897,2026-07-07 13:45:37.622,deny,"The album cover features a high-contrast black-and-white collaged image of a skull; bold text ""STRESS POSITIONS"" appears at the top, a central vinyl record label reads ""SMASHED PLASTIC RECORD PRESSING"", and ""HUMAN ZOO"" is at the bottom.",1,,,"Monochrome image of a skull with a central vinyl record label on the image. ""STRESS POSITIONS"" at top, ""HUMAN ZOO"" at bottom.",1,,
375,92d1fa91-a317-46da-8a81-a2faee77c941,2026-07-07 13:45:49.678,deny,"Abstract album cover featuring thick turquoise-blue curving brushstrokes and bold red geometric shapes on a textured dark blue-purple background; white text ""WATER DAMAGE"" centered.",1,,,Abstract thick turquoise-blue and red curving brushstrokes on a textured dark blue-purple background.,1,,
377,30dfa5c4-0e6b-4d1e-b115-25c3519b43c0,2026-07-07 13:47:29.364,deny,"Photograph of four individuals standing in a desert landscape under a clear blue sky; top-left displays ""RIKAS"" with sun and moon icons above the album title ""GOODBYE SUNSHINE"" text.",1,,,Photograph of four individuals standing in a desert landscape under a clear blue sky; sun and moon icons above album information,1,,
378,6ce4409d-1670-47d5-9386-36aac0414bb0,2026-07-07 13:49:36.797,deny,"Album cover with a pale pink background featuring two large solid-color triangles: a pink triangle on the left labeled ""blue ocean"" in black text above it, and a yellow triangle on the right labeled ""fertile state"" in black text above it.",1,,,Pale pink background with a pink triangle left and a yellow triangle right with artist and album name above the triangles.,1,,
384,391ff1d9-1a43-4b04-adb4-186f4880d203,2026-07-07 13:52:38.191,deny,"A black-and-white photograph shows a person in a bucket hat embracing another individual while leaning against a railing on an urban street. Text at top left displays “Jalen Ngonda” and “Come Around and Love Me,” with smaller supporting text below.",1,,,Person in a bucket hat embracing another individual. Text at top left displays “Jalen Ngonda” and “Come Around and Love Me”,1,,
718,811d1be7-c9ef-4325-b101-f2c5dd8737b6,2026-07-12 14:32:28.122,deny,"A blurry outdoor scene with dark trees and a pale sky; white text reading 'FILM', 'SCHOOL', and 'FIELD' appears across the top but is indistinct due to motion blur.",0,"The image quality is significantly blurred, making it difficult to confidently identify both background details and text readability. The visual ambiguity prevents a definitive description of the text content or precise landscape features.","[""bad image quality"", ""cannot read text confidently""]","Monochrome blurry trees against pale sky; white text across treetops reads ""FILM SCHOOL FIELD"".",0,"The image quality is significantly blurred, making it difficult to confidently identify background details. The visual ambiguity prevents a definitive description of the text content or precise landscape features.","[""bad image quality""]"
386,0d457652-98e9-4233-b33f-44cfa4874ee3,2026-07-07 13:52:49.956,deny,A person in profile wears a light blue blazer over a dark shirt against a dark background with warm tones. Text at the top reads 'RARELYALWAYS / WORK' in white serif font.,1,,,A man in profile wears a light blue blazer over a dark shirt on a dark background with warm tones. Album and artist name on top.,1,,
387,19e11da9-1c65-4f4b-8934-21db12df43a3,2026-07-07 13:56:05.148,deny,"Black-and-white photograph of a person with dark hair against textured fabric background; lower section features colorful bokeh lights and the text ""EMMA ANDERSON"" in bold white letters above ""pearlies"" spelled using individual circular letter elements.",1,,,Blurry black-and-white photo of a woman against textured background; colorful bokeh lights below with artist and album names.,1,,
389,9a5056c2-8c84-422d-9b99-75715adca1a1,2026-07-07 13:58:31.901,deny,Abstract album cover with a blue stylized figure outlined in orange-yellow tones; light gray background features faint circular patterns.,1,,,Blue stylized figure outlined in orange-yellow tones; light gray background features faint blob-like patterns.,1,,
391,11d90f3b-d4f4-4027-89b5-e6e5a01dc6b0,2026-07-07 14:03:15.957,deny,"Solid brown background features a figure in blue hooded raincoat with yellow accents beside an orange-brown lying deer; large red flower with black leaves appears above the figure; top-right text reads ""PEEL DREAM MAGAZINE"" and ""Rose Main Reading Room"".",1,,,Brown background with a person in a blue hooded raincoat beside an orange lying deer and a large red flower.,1,,
393,11b39f9f-aa61-4e63-a6f2-916097fec997,2026-07-07 14:06:15.085,deny,"Solid red cover with a figure in black suit standing on a large monochrome skull. White script text displays ""The Space Between Attack and Decay"" with smaller creator credits below.",1,,,"Solid red cover with a figure in black suit standing on a large monochrome skull. Album title in center, separated by figure",1,,
394,86f9eb5b-8cc0-41d1-9aed-f6e8c36c2d24,2026-07-07 14:08:06.47,deny,"Vertical abstract composition with swirling blue, purple, green, orange, and pink patterns against a textured brown backdrop; featuring fluid mixed-media textures and a pointed blue apex.",1,,,"Vertical abstract apex with swirling blue, purple, green, orange, and pink patterns against a textured brown backdrop.",1,,
397,5d034cd9-2322-431e-a122-16e98ce2e9e4,2026-07-07 14:12:07.737,deny,"A monochrome green-tinged photograph shows a person running on a road flanked by trees. Vertically aligned ""Anyhow"" text and ""LP1"" in a circle appear left of center; artist name ""LELAND WHITTY"" is displayed in sans-serif capitals at the bottom.",1,,,A monochrome green-tinged photograph shows a person running across a road flanked by trees. Artist and album name around the photo,1,,
462,4fb30f03-8c7a-4ed2-a9f0-f3151fc29996,2026-07-07 15:12:49.494,deny,"Black and white graphic showing bold ""MATADOR"" text arched over a wavy black banner, flanked by small asterisk shapes on both ends. The typography has a hand-drawn, energetic feel with sharp edges.",1,,,"Bold ""MATADOR"" text arched over a wavy black banner. White background.",1,,
401,466db4f0-168f-49b5-8d12-c2ac6067ff34,2026-07-07 14:14:54.336,deny,"A partial portrait shows a person with blonde bob hair and bangs wearing a floral headpiece of red and blue flowers. Red text at bottom left reads ""Genevieve Artadi"" above ""Forever Forever"".",1,,,Partial portrait of a person with a blonde bob and bangs wearing a floral headpiece of red and blue flowers.,1,,
402,a343822e-9b7a-4ea4-9781-500ab00d81f9,2026-07-07 14:15:30.178,deny,"The album cover displays a textured surface resembling cracked earth in warm brown and golden tones, with white sans-serif text reading ""Luke Stewart’s Silt Trio"" above ""The Bottom"" on the left side.",1,,,"A textured surface like cracked earth in warm brown and golden tones, with white sans-serif text of the artist and album names.",1,,
403,f8d2b1f0-3be3-41a3-8fe3-141823a5bf47,2026-07-07 14:16:31.722,deny,"The album cover shows a dark teal background with scattered bright yellow arrow-shaped forms; text reading ""The Necks"" appears left-top, and ""Travel"" right-top.",1,,,"Dark teal textured background with scattered bright yellow arrow-shaped forms;  text on top reads ""The Necks"" and ""Travel"".",1,,
719,c2128080-043f-49f4-9615-a1d03d688cb1,2026-07-12 14:35:11.245,deny,"Dark purple-toned photograph of two partially visible figures under dim lighting; left figure shows shoulder/chest area, right face is obscured. Thin white sans-serif text top-left reads ""ALAN SPARHAWK"" stacked above ""WHITE ROSES, MY GOD"".",0,"Low image resolution makes specific facial features and body details ambiguous (e.g., unclear if one figure is nude). Text readability relies on context but appears partially blurred due to graininess. Key visual elements identified, though fine details are indistinct.","[""bad image quality"", ""possible person misidentification"", ""cannot read text confidently""]",Dark purple-toned photograph of a partially visible figure under dim lighting showing shoulder/chest area and obscured face,0,"Low image resolution makes specific facial features and body details ambiguous (e.g., unclear if one figure is nude). Text readability relies on context but appears partially blurred due to graininess. Misidentifies two figures when only one is confidently shown.","[""ambiguous main visual element"", ""bad image quality"", ""cannot read text confidently"", ""possible person misidentification""]"
405,d3d5d65c-fbda-4dd9-91c6-1b482720eb4f,2026-07-07 14:20:44.041,deny,"Surreal album cover featuring black tree silhouettes arching over a blue-to-orange gradient sky with three celestial circles (black, pink, yellow), and a stylized face silhouette below; text includes ""kpm MUSIC RECORDED LIBRARY"" top right and ""Ben Chasny THE INTIMATE LANDSCAPE"" bottom left.",1,,,"Abstract art of black tree silhouettes around a blue-to-orange sky with three celestial circles, and a face silhouette below.",1,,
407,1e0278e4-5ee1-4ff8-9cf2-a89c7d242cc2,2026-07-07 14:23:23.829,deny,"Abstract composition with blended earthy browns and greens; a meandering light blue stream-like path flows through textured, grainy surfaces under soft, muted lighting.",1,,,"Meandering light blue stream-like path flows through textured, grainy surfaces under soft, muted lighting and earthy browns",1,,
413,00d753c5-1108-4b67-b4b1-e0f1ebc749f9,2026-07-07 14:28:00.616,deny,A solid blue album cover features a central arched frame containing a miniature red-brick house with white trim and illuminated front door. 'Skullcrusher' appears in light text at the top; 'Quiet The Room' is visible below.,1,,,Central arched frame with a thin black outline contains a miniature red-brick house with white trim and illuminated front door.,1,,
415,facc9878-aa00-4ed5-963f-6dbc089e39dd,2026-07-07 14:31:19.377,deny,"A minimalist album cover features the title ""ONCE TWICE MELODY"" in ornate gold script centered within a thin gold square frame on a white background, with additional subtle gold borders framing the entire artwork.",1,,,"Minimalist art with text ""ONCE TWICE MELODY"" in ornate gold script centered within a thin gold square frame on a white background.",1,,
417,f476f2ee-e2b5-4b01-b69b-518dc8ad2e87,2026-07-07 14:34:14.902,deny,"A dark interior space features an open white door with grid-style glass panels, framing a bright outdoor landscape of green grass and yellow flowers.",1,,,Dark interior with an open white door with grid-style glass panels. There is an landscape of green grass and flowers outside.,1,,
418,e87fe0c4-0d29-41f5-abe0-61f3b58212e9,2026-07-07 14:34:16.216,deny,"A laboratory scene featuring reflective metallic surfaces, glass tubing, and spherical objects under warm lighting; text displays ""matmos"" top-left and ""metallic life review"" top-right in sans-serif type.",1,,,"A laboratory scene featuring reflective metallic surfaces, glass tubing, and spherical objects under warm lighting.",1,,
420,9bf27acc-1feb-41b2-a187-eeadd9c4137e,2026-07-07 14:35:35.172,deny,"Dark album cover shows two musicians against a black background; one plays saxophone in foreground, the other holds a guitar neck partially visible. Bold text at top displays ""THE MESSTHETICS"" in pink/purple and ""AND JAMES BRANDON LEWIS"" in yellow.",1,,,"Two musicians against a black background; one plays saxophone in foreground, the other holds a guitar neck partially visible.",1,,
423,9d75856b-41eb-4fa0-9587-a18297135a76,2026-07-07 14:38:03.55,deny,"Black-and-white photo of a person with long dark hair and beard; digital glitch effects fragment facial features. Black sign displays text: ""DEERHOOF PLAYS NOBLE AND GODLIKE IN RUIN"".",1,,,"Black-and-white photo of a person with long dark hair, face paint, and a beard; digital glitch effects fragment facial features.",1,,
424,5593a315-1f30-419a-a416-07c8bec15e7b,2026-07-07 14:38:38.065,deny,"A pale yellow album cover with white floral silhouettes features a central black-and-white photo of a person in a car trunk (legs visible, one hand covering part of the face) next to a dog; ""THROWING MUSES"" appears top-left and ""moonlight concessions"" top-right in text.",1,,,Pale yellow background with white flowers and a central black-and-white photo of a person in a car trunk next to a dog.,1,,
425,c57597e8-ed98-4beb-b35a-4deaab534639,2026-07-07 14:39:06.554,deny,"Deep red background with a geometric spiral of alternating black-and-white stripes creating an optical illusion; central glowing red circular shape; ""SILVER SCROLLS"" in bold orange text top-right, ""MIND LINES"" bottom-left.",1,,,Deep red background with a spiral of alternating black-and-white stripes creating an optical illusion; central glowing red circle.,1,,
426,7adcc3ec-881f-493f-8bf9-f6b8d1fe3d36,2026-07-07 14:43:00.621,deny,"Black-and-white album cover featuring bold text ""CAN LIVE IN BRIGHTON 1975"" in white and gold at top; central stacked speaker cabinets adorned with seashells under a stage spotlight.",1,,,Black-and-white photo of large stacked speakers with seashells on top above a crowded stage with album artist name at the top.,1,,
720,a7946603-ecb4-4d29-bbb7-ff24b6923a58,2026-07-12 14:38:10.039,deny,"Abstract grayscale album cover featuring blurred cityscape elements under a misty atmosphere, with scattered white patches and visible graininess; overall low-resolution appearance obscuring distinct details.",0,"Image quality is extremely poor (low resolution, heavy grain, lack of sharp edges), making it impossible to confidently identify specific subjects or distinguish between architectural shapes, smudges, and text. The faint forms could be buildings or abstract textures without visual evidence supporting a definitive interpretation.","[""bad image quality"", ""ambiguous main visual element""]",Monochromatic blurred cityscape elements under a misty atmosphere with scattered white patches and visible graininess.,0,"Image quality is extremely poor (low resolution, heavy grain, lack of sharp edges), making it impossible to confidently identify specific subjects or distinguish between architectural shapes, smudges, and text. The faint forms could be buildings or abstract textures without visual evidence supporting a definitive interpretation.","[""ambiguous main visual element"", ""bad image quality""]"
431,959df41c-a3c7-499c-815c-88fcaab07f22,2026-07-07 14:52:42.116,deny,"Album cover features two people in a sunlit room with large decorative wooden-framed windows showing greenery outside; one seated in a rocking chair wearing a patterned top and white pants, the other standing beside an acoustic guitar near the window. Red text ""ELIA Y ELIZABETH"" appears at the top.",1,,,"2 people with guitars, one seated in a rocking chair, the other standing, in a room with wooden-framed windows showing greenery.",1,,
434,169979cf-d013-4b71-a126-79c273517b24,2026-07-07 14:53:46.092,deny,"An album cover with a fish holding a pink and red rose against a solid blue background; top text reads 'Robyn Hitchcock' in light gray cursive, below it 'Life After Infinity' in lighter purple cursive.",1,,,A fish holding a pink and red rose against a solid blue background; cursive text reads 'Robyn Hitchcock' and 'Life After Infinity',1,,
435,2ced64da-9cc2-4c2d-b86d-d8768dc103a3,2026-07-07 14:54:49.679,deny,"Abstract translucent organic shapes in shades of white and light blue float against a solid deep blue background; ""Bex Burch"" appears top-left and ""There is Only Love and Fear"" bottom-right in white sans-serif text.",1,,,Abstract translucent organic microscopic-like shapes in shades of white and light blue float against a solid deep blue background.,1,,
439,7594c8fd-87b4-4ccd-a6dc-5e9394aae314,2026-07-07 15:02:13.911,deny,"A person in a red ruffled-sleeve top leans on a mossy green rock against a grassy field and sky; the word ""Tresor"" appears in white serif text over the rock.",1,,,A person in a red ruffled-sleeve top leans on a mossy green rock against a grassy field and sky with the album title in the field.,1,,
441,22fcc7c1-c34e-41d7-9b7f-0c47b8e0eeec,2026-07-07 15:02:53.781,deny,"Photograph of a person holding multiple stuffed teddy bears against a white wall with blue square patterns; visible text includes ""2013-2015"" top left and ""Loraine 'LeBron' James"" on the right.",1,,,Photograph of a person holding multiple stuffed teddy bears against a white wall with blue square patterns.,1,,
443,ee15df39-eed3-4ba1-8406-cc16af534646,2026-07-07 15:04:39.926,deny,"A white background features a dense collage of hand-drawn illustrations including birds, mammals, insects, reptiles, amphibians, fish, and plants arranged in multiple rows.",1,,,"A dense collage of many animals such as birds, mammals, insects, reptiles, amphibians, fish, and plants arranged in multiple rows.",1,,
444,cad5e63d-384e-41dc-917f-1b48086fd0a1,2026-07-07 15:04:49.645,deny,"Minimalist monochrome album cover featuring bold black abstract shapes resembling stylized foliage or a bird-like form, with the word ""RHIZOMES"" printed vertically in uppercase sans-serif type on both sides against a white background.",1,,,"Minimalist black abstract shapes resembling stylized foliage or a bird-like form with word ""RHIZOMES"" printed vertically.",1,,
445,6f42add8-9cbe-4795-a6f4-a639674ae547,2026-07-07 15:05:30.222,deny,"Album cover depicts a bright, overexposed winter scene with snow-covered ground and bare trees lining a paved path; a lone figure walks toward the viewer under diffused light.",1,,,"Bright, overexposed winter scene with snow-covered ground and bare trees lining a paved path. Lone figure walks toward the viewer.",1,,
446,2291d6a1-02f7-4787-b5e5-848c8364a606,2026-07-07 15:05:55.596,deny,"A landscape photograph shows a winding river through lush green valleys and rolling hills under a clear blue sky, framed by an olive-green border with yellow sans-serif text reading ""STRAPPING FIELDHANDS"" at the top and ""ACROSS THE SUSQUEHANNA"" at the bottom.",1,,,"A photo of a winding river through lush green valleys and rolling hills under a clear blue sky, framed by an olive-green border.",1,,
448,55f52a6c-211a-438b-a7a9-fbc5b05d13f7,2026-07-07 15:07:16.292,deny,"A black-and-white vinyl record illustration with textured lines simulating grooves. A central white circle contains a red geometric ""66"" logo above gray text reading ""SixtySix PRODUCTIONS"". Top-left label displays printed text: ""KRISTIN HERSH CLEAR POND ROAD FIRELP649"".",1,,,"A black-and-white vinyl record illustration with textured lines like grooves with a central white circle having a red ""66"" logo.",1,,
451,7d200e8b-0742-48ac-a6e7-14f0bef62e74,2026-07-07 15:08:06.16,deny,"A layered collage artwork featuring three main sections: top left blue sky with snowy mountain peaks, top right green landscape silhouette, and bottom beige winding road through textured hills.",1,,,"Three main sections: top left blue sky with snowy mountain peaks, top right green landscape silhouette, bottom beige winding road.",1,,
452,eefa91c7-af4b-43da-82a5-c6c565ed6531,2026-07-07 15:08:25.863,deny,"A minimalist hand-drawn line sketch of a person’s profile facing left, showing spiky hair, an ear, closed eyes with lashes, a nose, lips, and large circular glasses on white background.",1,,,Minimalist hand-drawn line sketch of a person’s profile facing left with large circular glasses on a white background.,1,,
454,5473514b-0966-49ae-acc1-a4e95d5ac03d,2026-07-07 15:09:24.6,deny,"Album cover features 'GALLUS MAG' in large, crumpled-paper-textured letters overlaid on a sunset sky with orange and purple clouds. Black silhouettes of people line the horizon below.",1,,,"Text  'GALLUS MAG' in large, crumpled-paper-textured letters on a sunset sky with black silhouettes of people in the horizon.",1,,
456,a0c2225b-2d98-4fa9-ac38-4cb8bb1c043c,2026-07-07 15:10:01.874,deny,"Shirtless male figure with arms outstretched against blue background, white vertical streaks running down the image, and pink text ""CHAOS FOR THE FLY"" at top.",1,,,"Shirtless male figure with arms stretched against a blue background, white vertical streaks running down the image.",1,,
457,e569391d-aff7-4313-b9f8-818d1ffc6091,2026-07-07 15:10:34.441,deny,"Minimalist album cover with solid olive green background featuring bold black sans-serif text. Centered top text reads ""MUSIC FOR SAXOFONE & BASS GUITAR MORE SONGS"". Below, left side displays ""SAM GENDEL"" with geometric arrow shapes; right side shows ""SAM WILKES"" with diagonal lines. A small square box containing ""LABEL COPY"" appears at bottom center.",1,,,Solid olive green background; center has album cover text; geometric arrow and line shapes on bottom under artist text.,1,,
458,96adc3c3-85b6-4af3-8608-a650750d1c1e,2026-07-07 15:11:18.264,deny,"Handwritten sheet music album cover featuring musical notation and handwritten lyrics for ""Let There Be Music"" by Bonny Doon, with staves, chords, and verse/chorus labels printed in black ink on off-white paper.",1,,,"Handwritten sheet music for ""Let There Be Music"" by Bonny Doon. Printed in black ink on off-white paper.",1,,
459,bcfb0cc8-1b2a-4dce-9f00-434111c22e57,2026-07-07 15:11:43.867,deny,"A person sits on a stool with their upper body and face obscured by bright light; lower body is shadowed against a yellow background. Black script text at top left reads ""KYM REGISTER & Meltdown Rodeo"".",1,,,A person sits on a stool with their upper body and face obscured by bright light; foggy yellow background obscuring part of body.,1,,
460,e9a9e0e7-6436-4e93-92af-e0284e48dba8,2026-07-07 15:12:15.46,deny,"Retro-style album cover featuring a diamond-shaped orange background with black border; a baseball player in a striped uniform swings a bat, overlaid by a diagonal blue banner reading ""SULTAN OF SQUAT"" in white text, and ""The Cowboys"" in stylized black script at top.",1,,,Diamond-shaped orange background with black border; a baseball player in a striped uniform swings a bat.,1,,
461,c09f0866-6c7c-4784-82b6-29284f7d4a36,2026-07-07 15:12:45.875,deny,"Black background with white sans-serif text; center-aligned reads ""NICK CAVE & THE BAD SEEDS"" on first line, ""B-SIDES & RARITIES"" on second, and ""PART II"" centered below.",1,,,"Black background with white sans-serif text; center-aligned reads ""NICK CAVE & THE BAD SEEDS / B-SIDES & RARITIES / PART II"".",1,,
463,85aa06b1-5530-48e2-831c-d2516009b208,2026-07-07 15:13:29.954,deny,"A shirtless Black man with a large afro hairstyle stands against a solid brown background, wearing a silver chain necklace with a small cross pendant. Yellow text appears on both sides of the figure: ""SEU JORGE"" on the left and ""BAILE À LA BAIANA"" on the right.",1,,,"Shirtless Black man with a large afro hairstyle stands against a solid brown background, wearing a silver chain necklace.",1,,
467,c1ef8eaf-fe59-4197-9b98-d7d234dd288c,2026-07-07 15:15:24.339,deny,"A woman in a flowing white dress kneels on a grassy slope beneath dense trees, with misty light creating a soft-focus, ethereal effect in muted greens and browns.",1,,,Woman in a flowing white dress on a grassy slope beneath dense trees with misty light.,1,,
468,2b5dd77c-08c2-48eb-b0cc-f489e966d5e6,2026-07-07 15:16:36.939,deny,"Black-and-white album cover with bold ""DIE LIKE A DOG"" text at top; central grainy sketch of a dog; subtitle reads ""fragments of music, life and death of ALBERT AYLER""; artist names Peter Brötzmann, Toshinori Kondo, William Parker, Hamid Drake listed below.",1,,,"Monochrome central grainy sketch of a dog, bold ""DIE LIKE A DOG"" text at top, subtitles beneath the dog.",1,,
471,1deba5b5-eab6-4430-8998-a631b08c309e,2026-07-07 15:17:53.735,deny,"Minimalist album cover with a solid light pink background. Text reads ""TY SEGALL & EMMETT KELLY"" in uppercase pink font at the top left and ""LIVE AT WORSHIP"" in smaller pink letters at the bottom right, accompanied by a small smiley face icon in the bottom left corner.",1,,,Solid pink background; smiley face icon in bottom left corner; artist names in top left corner; album title in bottom right corner,1,,
473,28469b1f-e835-429c-b334-061aa708db95,2026-07-07 15:18:50.576,deny,"The album cover features an abstract textured background in shades of pink and purple with visible crack-like patterns, overlaid by scattered beige text reading ""not,"" ""me,"" ""but,"" ""two,"" and ""us"" in a minimalist layout.",1,,,"Background in shades of pink and purple with visible crack-like patterns, overlaid by scattered beige text.",1,,
474,a32e8f70-38d7-48cb-a0ee-969102d593b2,2026-07-07 15:19:15.418,deny,The album cover features a vertical yellow panel on the left with printed artist names and title text alongside a barcode; the right section displays a black-and-white grid pattern overlaid with circular shapes containing dot and stripe textures.,1,,,A black-and-white grid pattern overlaid with circular shapes containing dot and stripe textures. Left yellow side has text.,1,,
475,e26a77a1-53df-4e6b-b833-01b71187ce5d,2026-07-07 15:19:32.966,deny,Abstract cover artwork featuring repetitive vertical green brush strokes in varying shades against a white background; hand-painted texture with subtle variations in stroke density and color intensity.,1,,,Repetitive vertical green brush strokes in varying shades against a white background.,1,,
476,610123d8-abca-4853-bb69-cd24517cc80f,2026-07-07 15:19:35.522,deny,Black-and-white photograph of a person with long layered hair against a bright background; grainy texture and dotted patterns overlay one eye.,1,,,Black-and-white photo of a person with long hair against a bright background; grainy texture and dotted patterns overlay one eye.,1,,
477,1ee2a6bd-ced4-4a93-98d9-a169e59c00bd,2026-07-07 15:20:18.599,deny,"A photograph shows a twilight sky with sun rays radiating from the horizon above dark tree and roof silhouettes; top features ""Matthew J. Rolin"" in light gray sans-serif text, bottom right displays ""Passing"".",1,,,Photograph with cream bordering shows a twilight sky with sun rays radiating from the horizon above dark trees.,1,,
478,2102f07b-d898-453b-8e7c-b626d20fbe3c,2026-07-07 15:20:38.812,deny,"A person with long brown hair holds a lit candle against light blue background featuring pink roses and green stems. Top text reads ""CIRCUIT DES YEUX"" in white block letters above red script ""Live from Chicago""; soft vintage aesthetic.",1,,,A person with long brown hair holds a lit candle against light blue distilled background featuring pink roses and green stems.,1,,
479,46fb4297-6cec-4b55-8bd0-9a89f2214303,2026-07-07 15:21:12.397,deny,"Red Amharic script at top; large red 'IBEX' letters filled with photographic portraits of individuals on white background. Below: ""IBEX BAND"" and ""STEREO INSTRUMENTAL MUSIC"" in bold red uppercase text.",1,,,Large red 'IBEX' letters filled with photographic portraits of individuals on white background. Small red text above and below.,1,,
481,4d1b6525-709c-4642-a07f-97d2ed9ce466,2026-07-07 15:23:13.136,deny,"Red-bordered album cover with ""The A's Fruit"" in bold black stylized text at top; central photo shows two people lying on a bed amid oversized purple grapes, green vegetable, and orange flower props.",1,,,"Photo of two people lying on a bed amid oversized purple grapes, green vegetable, and orange flower props, and red texted frame.",1,,
483,93604f5e-58e4-47ed-aa53-2b54d902f594,2026-07-07 15:24:54.015,deny,"Album cover displays ""Sometimes I MIGHT BE Introvert"" in a dark green banner at the top; below, a person with braided hair styled into a high bun wears glasses and an orange-black checkered suit while seated on a chair against a solid yellow background.",1,,,Person with a braided high bun wears glasses and a yellow-blue checkered suit and is seated on a chair in a yellow background,1,,
485,a223236d-921b-466b-9e42-c8cd0c9280d0,2026-07-07 15:26:13.968,deny,"Abstract geometric collage featuring overlapping circular shapes in yellow, black, and beige tones; ""Sally Anne Morgan"" appears bottom left while ""Second Circle The Horizon"" is displayed bottom right.",1,,,"Abstract geometric paper collage featuring overlapping circular shapes in green-yellow, black, and beige tones",1,,
486,540601f0-69dc-4231-95bf-a88c40191c9d,2026-07-07 15:27:43.778,deny,A black-and-white photograph shows two young children in close interaction; one child in a light-colored shirt reaches upward toward another child against a muted background.,1,,,One child in a light-colored shirt reaches upward toward another person against a muted background.,1,,
491,00beaba7-086d-471a-b829-326e3c536916,2026-07-07 15:36:54.087,deny,"Album cover features a dark background with ""ROBERT GLASPER"" in small white text at the top, followed by three vertical repetitions of large beige block letters spelling ""BLACK RADIO III"".",1,,,"A dark background with 3 large beige block letters spelling ""BLACK RADIO III"" and one small white text ""ROBERT GLASPER"" on top.",1,,
495,4483f304-fdfc-41e6-ae8f-388a94ef53d4,2026-07-07 15:41:39.8,deny,"Black-and-white hand-drawn illustration of five musicians playing instruments; text displays ""STRATA RECORDS THE SOUND OF DETROIT"" at top and ""REIMAGINED BY JAZZANOVA"" at bottom.",1,,,"Black-and-white hand-drawn illustration of five musicians playing instruments. One is playing drums, one is playing a saxophone.",1,,
496,988285f7-2d09-48ec-a685-50eeb2f786e7,2026-07-07 15:42:04.16,deny,"Red album cover featuring ""Dylan Moon"" and ""Option Explore"" text at top; central framed forest photograph with dense green foliage overlaid by scattered black oval shapes, some extending beyond a hand-drawn border.",1,,,"Photo of a forest with dense green foliage overlaid by scattered black oval shapes, some extending beyond a hand-drawn border.",1,,
498,85160f6d-1349-4213-bf45-1cf85f04a2b1,2026-07-07 15:45:11.613,confirm,"Black background with centered light gray text reading ""NOMARK SELECTS V.1"" in a clean sans-serif font; minimalist design.",1,,,"Black background with centered light gray text reading ""NOMARK SELECTS V.1"" in a clean sans-serif font; minimalist design.",1,,
502,8dc10ddb-9106-495f-b74d-d52e1db2c7ab,2026-07-07 15:47:38.641,confirm,"A stylized fish illustration with vibrant red, blue, and green coloring on a textured white background.",1,,,"A stylized fish illustration with vibrant red, blue, and green coloring on a textured white background.",1,,
504,7d5a8bd0-fe07-4a5a-aa4c-cbaaa1cb29e6,2026-07-07 15:48:57.698,deny,"Hand-drawn album cover featuring ""David Nance"" in cursive at top, ""Candles In The Rain"" below it, and a melting candle illustration on a small round table.",1,,,"A melting candle illustration on a small round table with ""David Nance"" in cursive at top and ""Candles In The Rain"" below it.",1,,
505,2178cf66-63a3-4ff4-a00d-7494696304ab,2026-07-07 15:49:07.129,deny,"Album cover shows a person in dark clothing with hands covering their face, wearing silver rings and a large watch. Vertical white kanji characters ""再生"" appear above eyes; artist name ""D J K R U S H"" is printed at bottom.",1,,,"A man in dark clothing with hands covering their face, wearing silver rings and a large watch. Kanji characters appear above eyes.",1,,
507,0db97956-db01-4473-bf3d-67d409a150c4,2026-07-07 15:50:50.675,deny,"Black-and-white photo of two musicians playing saxophones in profile; white serif text ""EVENINGS AT THE VILLAGE GATE,"" orange sans-serif text ""JOHN COLTRANE WITH ERIC DOLPHY"" on dark background left.",1,,,Black-and-white photo of two musicians playing saxophones in profile; album title in white text and artist in orange text on left,1,,
508,2dda6600-5b26-4c43-9ed0-8978f1fd1b0f,2026-07-07 15:53:40.869,deny,"Light green album cover features bold black ""SWAMP DOGG"" text at the top; below, a photograph shows a shirtless man in dark pants standing outdoors among trees under a clear blue sky.",1,,,Photo of a translucent shirtless man in dark pants standing outside among trees. Photo is in a green frame with artist name.,1,,
513,4399e723-69ea-4d8c-bb50-e61e6b6b5de0,2026-07-07 15:59:24.622,deny,"An album cover featuring an earthy-toned landscape with textured terrain beneath a warm orange sky, partially overlaid by a large semi-transparent brown rectangle.",1,,,"An earthy-toned ground with textured terrain beneath a warm orange sky, partially overlaid by a semi-transparent brown square.",1,,
514,02f13f57-bd68-4c4d-b2d9-8a5457437165,2026-07-07 16:02:35.31,deny,"The album cover features a textured, bright green arched shape against a solid black background. Below the shape, three names appear in white uppercase letters: ""UHLMAANN JOHNSON WILKES"". The design is minimalist with high contrast between the green and dark backdrop.",1,,,"A textured, bright green arched shape against a solid black background. The 3 artist names appear below the shape.",1,,
516,bf8327d8-7c8d-4321-8288-762d868991e4,2026-07-07 16:04:17.962,deny,"A close-up photograph of a small bird with black, white, and yellow plumage perched on a rough tree trunk. Below the bird, ""Spectral Evolution"" appears in cursive script above ""RAFAEL TORAL"" in uppercase sans-serif.",1,,,"A close-up photograph of a small bird with black, white, and yellow plumage perched on a rough tree trunk.",1,,
517,9bc263e5-bf95-4704-b1fd-59af25eae558,2026-07-07 16:04:44.33,deny,A person in a navy blue suit stands in profile on snow-covered ground amid weathered concrete ruins and tangled black metal wires under an overcast sky.,1,,,A person in a navy blue suit stands sideways on snow-covered ground amid concrete ruins and black metal wires underneath gray sky.,1,,
519,fbbef26a-1e3f-41d4-84fa-72a26289e428,2026-07-07 16:08:46.71,deny,Black-and-white album cover features stacked speaker units with large stylized flowers emerging from them; a crowd below suggests a live performance scene. Text at top reads “CAN” in white and “LIVE IN PARIS 1973” in pink.,1,,,Monochromatic stacked speaker units with large stylized flowers; a crowd below suggests a live performance scene.,1,,
521,4b292838-77de-4009-8443-248218ec9c63,2026-07-07 16:10:21.226,deny,"The album cover features a zine-inspired collage with layered black-and-white photocopied images, bold green wave shapes at top and bottom, and ""inoutin"" text in the upper right corner; color palette includes black, cream, and green.",1,,,"Mixed-media collage with layered black-and-white photocopied images, and bold green and cream-colored waves at top and bottom.",1,,
523,f2cc1c40-4a61-40de-8362-10b0a7df7e29,2026-07-07 16:11:07.157,deny,Abstract album cover featuring vertical textured streaks in muted gray and soft green tones; minimalist design with no visible text or figures.,1,,,Abstract art with vertical textured streaks in muted gray and soft green tones; minimalist design with no visible text or figures.,1,,
532,1bea0b02-9f3a-4394-8e17-55c155e7da61,2026-07-07 16:22:36.057,deny,"Album cover with purple background featuring a large white star outline containing a black-and-white portrait; bold capital text reads ""LIMBIKANI"" at top and ""TEDDY CHISI"" at bottom.",1,,,Purple background with a large white star outline containing a black-and-white man's photo; bold text of the album artist name,1,,
537,cff79d23-a9fc-4099-8fee-fb3e3efe5d11,2026-07-07 16:30:30.07,deny,"A man stands on a stone fortress overlooking water under a cloudy sky, with a seagull flying nearby; top text reads ""HILARIO DURÁN AND HIS LATIN JAZZ BIG BAND CRY ME A RIVER"" in dark and light brown lettering.",1,,,"A man stands on a stone fortress overlooking water under a cloudy sky, with a grass land and seagull flying nearby.",1,,
542,e69851fd-d814-448c-ac8d-b6040c2b14d4,2026-07-07 16:35:50.169,deny,"Album cover featuring large 3D white and purple text spelling ""EON"" with a guitar shape integrated into the letter O, set against a wavy blue-orange-purple gradient background in modern digital art style.",1,,,"3D white and purple text spelling ""EON"" with text disappearing into a pipe; wavy blue-orange-purple gradient background",1,,
724,956eb7e0-fc14-4d3b-b70d-e70321b35735,2026-07-12 14:45:39.247,deny,"A blurred office interior shows two figures: one in blue (motion blur) holding a desk edge, another with short blonde hair using a phone. Top-right inset features a cartoon character with large red ears and white striped torso on black background.",1,,,Office with one figure in blue (motion blur) in front and another with blonde hair using a phone. Cartoon character in top right.,1,,
545,37a82152-236a-4cb7-b7de-0cb092064b15,2026-07-07 16:37:55.009,deny,"A red-tinted hand-drawn illustration depicts a lone person walking down a snow-covered path between buildings and bare trees under a pale sky; blue text on the right reads ""CHARLIE PARR"" above ""Boombox"".",1,,,"Red-tinted drawn illustration of a person walking down a snow-covered path between buildings and bare trees; text reads ""Boombox""",1,,
554,69bc3c6d-c4e3-4603-96e0-23258c9b7fd7,2026-07-07 16:58:27.968,deny,"Two individuals stand on a nighttime rooftop terrace with string lights, city skyscrapers in the background, and an illuminated pool to the left; tables and chairs are visible in the foreground.",1,,,"Two individuals stand on a nighttime rooftop terrace with string lights, city skyscrapers in the background.",1,,
558,da985699-5073-4482-b8a0-5f0fbae35888,2026-07-07 17:16:01.181,deny,"Gray border frames a white central field containing three black squares positioned at top-left, top-right, and bottom-left. A small black circle sits in the center, with a diamond-shaped black form at bottom-right. Text ""A PRODUCE"" appears above; ""THE CLEARING"" below.",1,,,Gray border frames a white central field containing three black squares and a rhombus in a square formation with a centered circle,1,,
559,2fd1d917-7b5a-49e5-9a37-a2f8a7377590,2026-07-07 17:17:26.439,deny,"Bright yellow album cover with bold black text reading ""NEVER MIND THE BOLLOCKS HERE'S THE,"" a pink diagonal banner featuring green ""Sex Pistols"" lettering, and an orange sticker with Japanese print.",1,,,"Bright yellow with black text ""NEVER MIND THE BOLLOCKS HERE'S THE,"" a pink diagonal banner featuring green ""Sex Pistols"" lettering",1,,
560,7363a445-9840-4c35-b4e4-06a1b2e76b65,2026-07-07 17:17:59.552,deny,A young woman in a white dress sits beside a small black table holding a lamp against wood-paneled walls. A framed portrait hangs above her; warm sepia-toned lighting creates a vintage aesthetic.,1,,,Young woman in a white dress sits beside a small black table holding a lamp against wood-paneled walls.,1,,
563,96f632d0-33d1-438d-ac8e-a7c899e2d654,2026-07-07 18:04:02.012,deny,"A monochrome photograph shows a diverse crowd gathered outdoors under clouds; white script text ""eccentric"" appears at the top and ""Modern Soul"" at the bottom.",1,,,"Monochrome photograph shows a crowd gathered outdoors. White ""eccentric"" appears at the top and ""Modern Soul"" at the bottom.",1,,
564,61ec2d20-c567-45b4-8545-7fd484054c73,2026-07-07 18:05:10.262,deny,"Black-and-white photograph of a woman with short curly hair viewed from behind; her bare back displays the phrase ""nothing’s gonna stand in my way again"" in bold text.",1,,,"Photograph of a woman with short curly hair viewed from behind. Her bare back displays ""nothing’s gonna stand in my way again""",1,,
726,e90cd860-1f9d-4aa0-8329-ab35c79bb40e,2026-07-12 14:49:32.452,deny,Dark vehicle with open trunk centered amidst dense green foliage; small orange taillights visible. Partially illegible yellow vertical text on right edge.,0,"The image resolution is low, causing blurriness in details like the vehicle's texture and the specific content of the vertical yellow text. This reduces confidence in accurately describing visual elements beyond broad compositional features (e.g., color, placement) without guessing at unclear details.","[""bad image quality"", ""cannot read text confidently""]",Dark vehicle with open trunk centered amidst dense green foliage; small orange taillights visible; partially illegible yellow text,0,Image text is unclear due to blurred grainy quality of image.,"[""bad image quality"", ""cannot read text confidently""]"
566,8f65e1f8-9234-442c-b9ca-547b49402b8c,2026-07-07 18:16:37.305,deny,"A monochrome square album cover features a profile shot of a person with clouds/smoke surrounding them against a dark background; the artwork has soft textures and subtle graininess. A black vinyl record is partially pulled out, revealing text including ""Romantic Piano"" on its center label.",1,,,Photograph of a vinyl sleeve of a person with clouds surrounding them. Black vinyl record is partially pulled out.,1,,
571,315e4ff7-d3ae-4179-807b-fe5b8b6f3fe5,2026-07-08 09:27:38.706,deny,"A person with braided hair adorned with beads leans forward in the foreground of a nighttime scene at a brightly lit gas station, featuring illuminated pumps and canopy against dark surroundings.",1,,,Person with braided hair adorned with beads leans forward in front of a brightly lit gas station.,1,,
572,861fae0f-caf5-4fb3-ae44-0b2eb9b7d878,2026-07-08 09:36:55.477,deny,"A hand rises from dark ground toward a glowing red/orange mountain peak. Top features ""TOPS"" in stylized white script; bottom shows bold white ""BURY THE KEY"". Psychedelic color scheme on black background.",1,,,A hand rises from dark ground toward a glowing red/orange mountain peak.,1,,
573,4ca04a8d-5282-41ec-8f9b-35a00efe3cd5,2026-07-08 09:53:53.711,deny,A close-up photo of a person with long dark hair against an orange-yellow to blue gradient background; small 'N 085' text and circular icon visible on the lower-left side.,1,,,"A close-up photo of a woman with long dark hair against an orange-yellow to blue gradient background. Text ""N 085"" on the left.",1,,
604,8b5aca95-df18-47e8-859e-9a7eec3ac30c,2026-07-08 10:34:47.243,deny,"Blurred figure in light shirt reaching upward toward a soccer ball against blue sky with clouds; top corners display ""ROGÊ"" left and ""CURYMAN II"" right in white sans-serif typography.",1,,,Blurred figure in light shirt reaching upward toward a soccer ball against blue sky with clouds.,1,,
576,cbf3bc23-4242-4103-9302-0be9bf5f6a43,2026-07-08 10:02:36.684,deny,"Album cover with light yellow background features vertical black text ""Magic Tuber Stringband - Wind Machines"" and ""GFT016"" on left, alongside a hand-drawn music-themed illustration. Central black-and-white photograph shows industrial wind machines against sky, with repeating artist/album title at bottom.",1,,,A photograph shows industrial wind machines against sky. Light yellow background with vertical black text around the photograph.,1,,
577,a3d0716e-ab93-4cc5-9190-4a40b844eca5,2026-07-08 10:02:40.461,deny,"A person in profile points rightward with their arm extended; visible text reads ""KASAI ALLSTARS"" in bold brown uppercase letters above smaller green text stating the album title ""black ants always fly together, one bangle makes no sound."" The background shows a cloudy sky and blurred buildings.",1,,,Person pointing upward with blurred sky and buildings in back; big golden text of artist name and small green text of album title.,1,,
579,caf25344-dc5c-4aee-a463-fefaf50c1ebc,2026-07-08 10:06:59.74,deny,"A black album cover with bold white typography: ""Death Jokes"" centered at the top, separated by a thin horizontal line from ""Amen Dunes"" positioned below. The design is minimalist with high-contrast monochrome colors.",1,,,"Bold white left aligned texts ""Death Jokes"" top separated by a thin horizontal line from ""Amen Dunes"" bottom on black background.",1,,
580,31ddcc7a-15d4-4f16-b2c8-90bd372457d8,2026-07-08 10:07:49.811,deny,"Dark horizontal bands at top and bottom contain white text boxes; ""SHELLAC THE END OF RADIO"" appears in sans-serif type on the top band, while ""14 JULY 1994 PEEL SESSION"" is centered below. The central area features a large textured grey field with subtle dot pattern, creating a minimalist monochrome aesthetic.",1,,,Central area features a large grey field with subtle dot pattern. Dark horizontal bands at top and bottom contain white text boxes,1,,
582,41c57cc0-4cbc-4c09-9f6f-8d7e5d628613,2026-07-08 10:10:01.492,deny,"A dark photograph of an automobile interior showing dashboard controls and seats, with a vibrant bouquet of orange, yellow, and white flowers resting on the center console.",1,,,"Dark automobile interior showing dashboard controls and seats, with a vibrant bouquet of orange, yellow, and white flowers.",1,,
584,e0c6e49c-e5d2-4b56-bd2b-3ca6bad5f2d8,2026-07-08 10:12:20.579,deny,"The album cover displays bold blue text ""IN ELECTRIC TIME"" at the top, framed by overlapping geometric circles. Below, a monochrome blue photograph shows a person from behind operating audio mixing equipment in a studio.",1,,,Monochrome blue photo of a person from behind using mixing equipment in a studio; light cyan background frame.,1,,
586,64bcf3d4-7b32-4529-b79f-a17cf285c61d,2026-07-08 10:19:14.986,deny,"A person plays a blue drum kit with cymbals under dim lighting, wearing an orange-and-white long-sleeve top and dark pants. A shield-shaped emblem appears in the top-left corner.",1,,,"A girl plays a blue drum with cymbals, wear an orange white long-sleeve top and dark pants. A shield shape emblem on the top left.",1,,
727,0204a518-a45f-4958-b57f-93deef1a87cb,2026-07-12 14:51:21.254,deny,"Abstract smoky artwork with dark, indistinct textures and scattered pink/red accents. Text at bottom center reads ""Endless Pursuit"" in white script above ""TEMPLE OF ANGELS"" in sans-serif font.",0,"Low resolution prevents confident identification of specific elements (e.g., whether red shapes are flowers or abstract marks), requiring use of generalized terms like ""accents."" Composition is visually ambiguous beyond text and color palette description.","[""bad image quality"", ""ambiguous main visual element""]","Dark, indistinct textures and scattered pink/red/white accents. Text at bottom center reads ""ENDLESS PURSUIT"" and artist name.",0,"Low resolution prevents confident identification of specific elements (e.g., whether red shapes are flowers or abstract marks), requiring use of generalized terms like ""accents."" Composition is visually ambiguous beyond text and color palette description.","[""ambiguous main visual element"", ""bad image quality""]"
587,dddd4534-403a-472c-bf2b-67783cfa0617,2026-07-08 10:19:16.302,deny,"A minimalist white vinyl sleeve features a central circular record hole. Handwritten text reads ""SP 1442"", ""Shannon Lay"", and ""'Geist'"" above the circle, with the ""OPTIMAL MEDIA"" logo in the top-left corner. The bottom contains faint German text. The design uses black typography on plain white background.",1,,,White vinyl sleeve features a central circular record hole. Handwritten text above the circle.,1,,
595,b89ce643-e547-49f3-b422-2e4763bc183f,2026-07-08 10:28:59.297,deny,"A sunlit park scene with a single dark bench on green grass, surrounded by dense palm and oak trees with hanging moss; top corners display ""50 Foot Wave"" (left) and ""Black Pearl"" (right).",1,,,"A sunlit park scene with a single dark bench on green grass, surrounded by dense palm and oak trees with hanging moss.",1,,
596,0d6895e3-7b65-4a57-a5c8-cd6cf0dc5c44,2026-07-08 10:29:46.078,deny,"Two metallic plaques mounted on textured white background: upper plaque displays ""512"" in bold black numerals; lower plaque reads ""WILLIAM EGGLESTON"" in uppercase letters with a small Rosa Parks postage stamp below it.",1,,,Two metallic gold plaques with black text mounted on white background and a small Rosa Parks postage stamp below it.,1,,
597,cfcccdd7-fa45-41c6-81e0-133c1891c0d5,2026-07-08 10:29:49.958,deny,"Colorful abstract shape with concentric green, orange, and yellow rings surrounding a central blue circle, topped by white cloud-like forms; vertical text ""THOLLEM"" and ""OBSTACLE ILLUSION"" on the left with red ""ASTRAL SPIRITS"" label.",1,,,"Abstract shape with concentric green, orange, and yellow rings surrounding a central blue circle, topped by white cloud-like forms",1,,
614,e124ad49-1152-4964-bfde-f3eed920b56c,2026-07-08 10:41:15.807,deny,"Album cover for ""INNER WORLD PEACE"" text; hand-drawn illustration features glass with Earth model inside water, melting yellow wax over cup, plus scissors, pencil, paintbrush, and eye-flower on green surface.",1,,,"Illustration of glass with Earth model inside water, melting yellow wax over a cup, and stationary inside a jar.",1,,
601,aeb62ea4-807b-430f-b159-8dd996cedee9,2026-07-08 10:31:57.857,deny,"Hand-drawn album cover illustration featuring two daisy-like flowers (muted gray-and-white behind vibrant red with yellow center), bold black text reading ""COME AND GET ME,"" and dark brushstroke text ""Ryli.""",1,,,"Hand-drawn illustration featuring two daisy-like flowers. Bold brushstroke text of ""Ryli"" and ""COME AND GET ME"" overlapping.",1,,
602,1f222a93-3c49-45d4-b077-b1e502a41db7,2026-07-08 10:32:48.762,deny,"Black-and-white album cover featuring Leo Nocentelli with an afro playing electric guitar on stage, facing a large crowd of people under a cloudy sky; ""LEO NOCENTELLI"" in gold lettering at top and ""ANOTHER SIDE"" below it.",1,,,Monochrome image of a man with an afro playing guitar to a large crowd on a green background and text above.,1,,
603,a574756c-4f0b-430d-ba57-408cc4405310,2026-07-08 10:33:48.969,deny,"A vibrant collage album cover featuring diverse figures in colorful masks and traditional clothing holding two banners: ""FRENTE CUMBIERO"" (red text on blue) at top and ""CERA PERDIDA"" below.",1,,,"Diverse figures, some in colorful masks, all in traditional clothing, holding two banners: ""FRENTE CUMBIERO"" and ""CERA PERDIDA"".",1,,
605,df74e80d-bfd2-4297-9911-7a3618816c70,2026-07-08 10:35:18.781,deny,"A monochrome album cover features a motorcycle lying on its side next to a slender humanoid figure with a smooth helmet-like head, set against a solid black background.",1,,,Monochrome album cover features a motorcycle next to a human with a helmet. Solid black background.,1,,
606,bf8304ac-75c5-43d5-a121-0b49852787cc,2026-07-08 10:36:04.561,deny,"The album cover features traditional Japanese calligraphy on textured reddish-brown paper. Black ink characters include large kanji on the right, smaller scattered hiragana/kanji elsewhere, with printed text at top reading ""THE CLIENTELE I AM NOT THERE ANYMORE"" and ""MERCY"".",1,,,Textured reddish-brown paper with traditional Japanese calligraphy of black ink large kanji and smaller scattered hiragana/kanji.,1,,
608,9bfa4b19-109e-4ceb-86c9-a4820dc2c87e,2026-07-08 10:36:49.035,deny,"A close-up photo shows a hand holding a red cherry above crumpled brown paper bags filled with cherries on a blue quilted background; top-right white text box displays ""NATION OF LANGUAGE"" and ""DANCE CALLED MEMORY"" in red lettering.",1,,,Close-up photo shows a hand holding a red cherry above crumpled brown paper bags filled with cherries on a blue quilted background,1,,
611,ff46f62c-9439-4207-8fb6-c4eedb559073,2026-07-08 10:38:54.799,deny,"A hand-painted album cover shows a yellow pickup truck carrying a large red spiky object in its bed, set against a desert landscape with Joshua trees and a blue-orange sky; text at the top reads 'SPEEDY ORTIZ RABBIT RABBIT'.",1,,,Yellow pickup truck carrying a large red spiky object in its bed; desert landscape background with Joshua trees; blue-orange sky,1,,
612,e3dfcd0d-13d1-4292-b9e0-a8f593cb0e73,2026-07-08 10:39:18.606,deny,A stylized humanoid figure with glowing cyan patterns on a blue-toned body and a bright yellow flame-like headpiece stands between two green platforms. The background features bold black geometric shapes and vibrant magenta-purple color gradients.,1,,,Figure with glowing cyan patterns on a blue-toned body and a flame-like headpiece stands between two green platforms.,1,,
620,29695e82-86e4-4520-a9ff-06d9073c526d,2026-07-08 10:47:56.276,deny,"Textured red background features a painted portrait of a person with long dark hair and a beard in dark clothing; the word ""Drift"" appears in white script across their chest.",1,,,"Painting of a distorted person face with long dark hair, beard and dark clothing in a red background with ""Drift"" on their chest.",1,,
621,90d141e2-b17c-41d7-a5c2-1c87ed0e7b6f,2026-07-08 10:47:58.727,deny,"Sepia-toned photo of a person wearing headphones and a cap overlaid with large semi-transparent ""JAZZ IS DEAD"" text; top-left displays ""ADRIAN YOUNGE"" in brown lettering, while top-right shows ""18 TONY ALLEN"".",1,,,"Sepia-toned photo of a drummer with large transparent ""JAZZ IS DEAD"" text overlaid. White border with text above.",1,,
132,27edc832-32eb-40ab-97d7-73684f19c96d,2026-07-06 15:02:26.758,deny,Blurry photograph of a person with long brown hair against a twilight blue sky background; indistinct lights and blurred shapes are visible in the distance.,0,"Image quality is extremely low (significant blur, lack of detail) making it impossible to confidently identify visual elements beyond a general human figure with long hair; key details like facial features or specific background objects cannot be reliably discerned due to blurriness.","[""bad image quality"", ""possible person misidentification""]",Blurry photo of a long-haired woman on a street against a twilight blue sky with distant lights.,0,"Image quality is extremely low (significant blur, lack of detail) making it impossible to confidently identify visual elements beyond a general human figure with long hair; key details like facial features or specific background objects cannot be reliably discerned due to blurriness.","[""bad image quality"", ""possible person misidentification""]"
624,a706cdd4-9142-4f2c-811d-8950015f6c17,2026-07-08 10:53:15.806,deny,"A young child sits on a light pink quilted bed, wrapped in a white towel with a pink towel around their head; soft green walls form the background.",1,,,"A child sits on a light pink quilted bed, half wrapped in a white towel with a pink towel around their head; green walls in back",1,,
628,2af12c67-c043-4872-b3fc-fce4d1c1fc47,2026-07-08 10:59:31.595,deny,"Three overlapping figures in vibrant rainbow-colored athletic wear stand against a bright background with neon light streaks. A red rectangle on left displays ""andy bell pinball wanderer"" text.",1,,,Three overlapping figures in vibrant rainbow-colored athletic wear stand against a bright background with neon light streaks.,1,,
629,9b87d0c0-cafe-4dec-a87d-a586dd94b8c4,2026-07-08 11:00:40.385,deny,"A painted artwork shows an adult man, a child, and a ghostly white figure walking through tall yellow sunflowers in a field with green foliage under warm light.",1,,,"Painted artwork shows an adult man, a child, and a ghostly white figure walking through tall yellow sunflowers.",1,,
632,57245e1a-8715-4b96-9f7d-8270490d1cbb,2026-07-08 11:08:09.618,deny,"Album cover featuring the text ""David Nance & Mowed Sound"" in a stylized font at the top, above a wooden plank displaying folded fabrics (blue/grey), a textured tire, a cactus-shaped object with pink accents, and scattered straw against a muted gray background.",1,,,"Wooden plank with folded fabrics (blue/grey), stuffed animal, scraps of clothes, and scattered straw; muted gray background",1,,
636,7705af9a-bcbf-45b3-be6a-5edad879bc66,2026-07-08 11:58:55.925,deny,"Album cover features ""HOW TO MOONWALK"" and ""EMILY ROBB"" in white block text at top on a textured beige border, with an illustrated owl walking against a pale yellow background.",1,,,Illustrated owl with extended legs walking against a pale yellow background; artist and album name against textured beige borders,1,,
143,1177f9f8-6ede-4f4e-8554-cf42a09e67f1,2026-07-06 15:19:39.869,deny,A circular arrangement of dark blue-black feathers with white shafts surrounds a golden ornate monogram on a plain white background.,1,,,Dark blue-black feathers with white shafts surrounds a golden ornate monogram on a plain white background.,1,,
175,966d2293-4234-43b9-b4db-880c9f1a45ec,2026-07-06 16:49:17.738,deny,"Album cover with white uppercase text 'DESCENSION YELLOW SWANS' at top; below, a dark, grainy photographic image of indistinct light and dark forms over a textured lower section.",0,"Image quality is too low to confidently identify specific visual elements beyond the visible text and general grayscale tonal patterns. The main subject's composition (e.g., whether it represents sky, water, or abstract shapes) cannot be determined reliably due to severe graininess and lack of discernible details.","[""bad image quality"", ""ambiguous main visual element"", ""highly abstract artwork""]","A dark, grainy photographic image of indistinct light and dark forms over a textured lower section.",0,"Image quality is too low to confidently identify specific visual elements beyond the visible text and general grayscale tonal patterns. The main subject's composition (e.g., whether it represents sky, water, or abstract shapes) cannot be determined reliably due to severe graininess and lack of discernible details.","[""bad image quality"", ""highly abstract artwork"", ""ambiguous main visual element""]"
177,ceabc3a4-ddfc-4218-ab7d-2175c934eb65,2026-07-06 16:59:55.895,confirm,"Abstract artwork featuring grainy blue and gray tones with dark irregular shapes forming a misty, surreal composition.",0,"The image quality is too low for confident identification of specific elements; details are obscured by blurriness and noise, making primary visual features ambiguous.","[""bad image quality"", ""ambiguous main visual element""]","Abstract artwork featuring grainy blue and gray tones with dark irregular shapes forming a misty, surreal composition.",0,"The image quality is too low for confident identification of specific elements; details are obscured by blurriness and noise, making primary visual features ambiguous.","[""bad image quality"", ""ambiguous main visual element""]"
722,dc05b652-2bee-4a63-96b3-a8a600922360,2026-07-12 14:41:48.96,deny,"Abstract album cover with a dark gradient transitioning from murky yellow-brown tones into black; stylized white ""FLOODING"" text and small star positioned in the upper right corner.",0,"Low image resolution makes precise description of background textures, exact color transitions, and any additional visual elements uncertain. While ""FLOODING"" text is legible, fine details (e.g., specific texture patterns or secondary shapes) are obscured by blur.","[""bad image quality""]","Abstract dark gradient from murky yellow-brown tones into dark brown; white ""FLOODING"" text and small star on the right side.",1,,
527,ec98f0b2-ba80-46b9-a2d3-6bede707a5ef,2026-07-07 16:15:00.576,deny,Abstract light blue background with subtle darker curves; fragmented white text elements are too blurred for confident reading.,0,"The image quality is very poor, making it impossible to confidently identify visual details like shapes, line definitions, or text content beyond general blurriness. The text cannot be read reliably, and the composition lacks clarity needed for a precise description.","[""bad image quality"", ""cannot read text confidently""]",Abstract light blue background with subtle darker curves and small fragmented white text of artist album name and more.,0,"The image quality is very poor, making it impossible to confidently identify visual details like shapes, line definitions, or text content beyond general blurriness. The text cannot be read reliably, and the composition lacks clarity needed for a precise description.","[""bad image quality"", ""cannot read text confidently""]"
543,9c8c78ab-060d-4a08-baf8-47425daeec1b,2026-07-07 16:36:36.872,deny,"Dense collage of polaroid-style photographs showing a person holding red telephone receivers in various positions, arranged closely together.",1,,,"Dense collage of polaroid-style photographs showing a person holding red telephone receivers, arranged closely together.",1,,
574,07247e9f-638b-425a-9694-ec89de65b431,2026-07-08 09:55:56.903,deny,"A monochrome photograph depicting textured rocky formations with dark cave-like openings above churning, wave-tossed water at the base.",0,The high-grain texture and low resolution of the image make it difficult to confidently identify specific details beyond a general coastal scene; fine visual distinctions are obscured.,"[""bad image quality""]","Abstract art resembling a textured rocky formations with dark cave-like openings above churning, wave-tossed water at the base.",0,The high-grain texture and low resolution of the image make it difficult to confidently identify specific details beyond a general coastal scene; fine visual distinctions are obscured.,"[""bad image quality"", ""highly abstract artwork"", ""unclear visual focus""]"
729,e727e59b-64fc-4e48-ae76-e25bd6cf13cf,2026-07-12 14:54:10.012,deny,Black-and-white photograph showing a heavily blurred figure with dark hair partially obscured by white smoke or vapor in the foreground.,0,"The image quality is very low (significant motion blur, poor resolution), making it impossible to confidently identify specific details like facial features or exact composition. The description relies on observable characteristics due to lack of visual clarity.","[""bad image quality"", ""possible person misidentification""]",Black-and-white close-up photo of a face partially obscured by a blurred hand; figure is surrounded by nature-like features.,0,"The image quality is very low (significant motion blur, poor resolution), making it impossible to confidently identify specific details like what surrounds the face. The description relies on observable characteristics due to lack of visual clarity.","[""bad image quality""]"
630,3ab33997-5c9e-4d0d-990a-70883b5c97f9,2026-07-08 11:00:44.47,deny,"Four individuals pose in front of a cityscape with tall buildings and water; ""The Tubs"" appears top left while ""Dead Meat"" is at bottom right in stylized lettering.",1,,,Four people around an old canon with a cityscape with tall buildings and water in back. Old styled letters of album artist names.,0,"The four band members are clearly visible, but the distant cityscape skyline is too hazy to confidently identify specific buildings or landmarks.","[""ambiguous main visual element"", ""bad image quality"", ""unclear visual focus""]"
723,c7608eac-2b77-410c-9195-c38c2d2c83ef,2026-07-12 14:43:08.033,deny,A view of Earth in space with a cross-shaped structure emitting blue and orange light trails positioned to the right of the planet against a dark background.,0,"Low image resolution prevents confident identification of fine details (e.g., exact nature of the cross-shaped object, specific planetary features), making visual analysis uncertain.","[""bad image quality"", ""ambiguous main visual element""]",A view of Earth in space with a cross-shaped structure emitting blue and orange light trails positioned to the right of the planet,0,"Low image resolution prevents confident identification of fine details (e.g., exact nature of the cross-shaped object, specific planetary features), making visual analysis uncertain.","[""ambiguous main visual element"", ""bad image quality""]"
725,75b8201c-96e0-4e48-a23d-89854c1d6135,2026-07-12 14:48:19.7,deny,"Abstract monochrome artwork featuring scattered bright circular light spots against a dark textured background, with varying sizes of luminous orbs distributed across the composition.",0,"The image quality is too low-resolution to confidently distinguish specific visual details or patterns. The abstract nature and blurred light elements prevent accurate identification of shapes, textures, or compositional hierarchy. Key aspects like the relationship between elements cannot be reliably described without risking inaccuracy.","[""bad image quality"", ""highly abstract artwork"", ""ambiguous main visual element""]","Monochrome close-up of the ocean, sparkling. Sparkles are luminous orbs distributed across the composition.",0,"The image quality is too low-resolution to confidently distinguish specific visual details or patterns. The abstract nature and blurred light elements prevent accurate identification of shapes, textures, or compositional hierarchy. Key aspects like the relationship between elements cannot be reliably described without risking inaccuracy.","[""ambiguous main visual element"", ""bad image quality"", ""highly abstract artwork""]"
253,950ef522-437f-4fc9-941f-ae6055b80454,2026-07-07 10:49:07.277,deny,"Minimalist abstract album cover with interlocking white and light gray polygonal shapes forming a fragmented, tactile pattern resembling folded paper.",1,,,Interlocking white and light gray polygonal shapes in front of a white background.,0,"The image shows a folded, origami-like white paper form against a white background, rendered almost entirely in tone-on-tone shading; the precise three-dimensional structure and number of facets cannot be confidently determined due to the minimal color contrast.","[""ambiguous main visual element"", ""highly abstract artwork""]"
728,4e70fd51-cb40-4ad9-b855-7be339411f51,2026-07-12 14:52:10.507,deny,"Close-up photograph of an open mouth interior showing a tongue with scattered reddish spots, surrounded by teeth with visible discoloration; shallow depth of field and natural lighting suggest candid photographic style.",0,"Image resolution is low and grainy, making details like the exact nature of red markings on the tongue ambiguous (e.g., artistic design vs. medical condition). Key visual elements are unclear due to poor image quality, violating confidence criteria for accurate description.","[""bad image quality"", ""ambiguous main visual element""]","Close-up photo of an open mouth interior showing a tongue with scattered red spots, surrounded by teeth with visible discoloration",1,,
721,641b3950-0349-4a64-9dd1-7b09b546ec12,2026-07-12 14:39:48.136,deny,"Stacked cyan, magenta, yellow, and gray squares form layered layers behind a solid black square; white sans-serif text ""farben"" above ""textstar+"" is positioned on the bottom-right of the black section.",0,"The description incorrectly states that the grayscale (gray) square is one of the CMYK colors. While cyan, magenta, and yellow are core CMYK components, gray is not a standard CMYK color—it’s typically used for midtones or as an additional component in some workflows but does not represent ""CMYK"" itself. The visual shows multiple layers (gray, cyan, magenta, yellow) beneath black, so the term ""CMYK color blocks"" is misleading and inaccurate to the actual colors present.","[""ambiguous main visual element""]","Stacked cyan, magenta, yellow, and gray squares form layered layers behind a solid black square; album name and artist white text.",1,,
72,96e1e802-d561-4e4d-8191-c76fdc8fe1de,2026-07-06 09:46:13.869,deny,Abstract album cover with blurred swirling orange and yellow gradients surrounding a dark central form against a white background.,1,,,Abstract album cover with blurred swirling orange and yellow gradients surrounding a dark central form against a white background.,0,"The composition is a heavily blurred, abstract swirl of color with no identifiable concrete subject; the exact shape and any symbolic meaning of the dark central form cannot be confidently determined.","[""ambiguous main visual element"", ""highly abstract artwork""]"
115,b2b8f748-c6c6-4674-9b8b-dc60ef6bcf4f,2026-07-06 12:03:42.561,deny,"Vertical slice of rainbow-layered cake with pink-and-white striped candle; ""Oren Ambarchi"" in small white text and ""Shebang"" in large gold text in upper right against dark background.",1,,,"Slice of rainbow-layered cake with striped candle; ""Oren Ambarchi"" and ""Shebang"" in gold in upper right against black.",0,"While the general subject (a slice of rainbow-layered cake with a candle) is clear, the exact number and color order of the internal layers, and whether the candle is lit or unlit, cannot be confirmed with full confidence.","[""ambiguous main visual element""]"
117,1a66ac13-3d88-49ee-a9b3-ee0ebe12a807,2026-07-06 14:15:43.014,deny,"A monochrome blue-toned photograph depicts three musicians performing on stage; Japanese text appears at the top, while ""THE OZ TAPES"" in bold white typography with a stylized circular 'O' is displayed at the bottom; grainy texture suggests a vintage aesthetic.",1,,,"Photograph with brown background and two musicians performing. Japanese text at the top and ""THE OZ TAPES"" in white at the bottom.",0,"The photograph is heavily grained and low-contrast, making it difficult to confidently determine the exact number of performers, their instruments, or actions; the small Japanese text at the top is too stylized and low-resolution to transcribe with confidence.","[""bad image quality"", ""cannot read text confidently"", ""unclear visual focus""]"
133,e9d6b140-6bda-4fc4-bd69-aa0c8596575e,2026-07-06 15:05:51.253,deny,"A person in a flowing purple outfit lies on their back against a textured blue background with subtle wave-like patterns, viewed from above with eyes closed and limbs positioned naturally.",1,,,A person viewed from above in a flowing purple outfit lying on a wave-like textured blue background.,0,"While the central figure is clearly a person lying on a textured background, whether the pose depicts floating, drowning, sleeping, or a dream-like state is ambiguous and cannot be resolved from the visual content alone.","[""possible symbolic interpretation""]"
153,3431466d-1a35-4e12-acbd-2efeae90a16e,2026-07-06 15:43:22.603,deny,"Bright yellow album cover features a large black circle (white center) at top right with small ""GS"" above; ornate black ""G"" below. Vertical text on left includes ""2024"", ""rap hip north"", and ""Palace GS"". Minimalist geometric style.",1,,,"Large black letters: minimalist ""O"" above ornate ""h"". Then small black text ""haruspex palace"", credits, ""2024"", yellow background.",0,"The large 'O' and ornate blackletter 'h' are clear, but the small credit text beneath is too fine and low-contrast to transcribe with full confidence, and it is unclear whether 'O' and 'h' are meant to be read together or as independent decorative glyphs.","[""ambiguous main visual element"", ""cannot read text confidently""]"
156,e94d7f37-1ab2-43a8-a119-8d9615b9378d,2026-07-06 15:49:36.093,deny,"Four individuals lie on their backs against a dark background, surrounded by scattered white specks resembling stars.",1,,,Four individuals lie on their backs against a dark background floating in water.,0,"The extremely low-light, high-contrast photograph makes it difficult to confidently identify facial features or confirm that all four figures are distinct individuals, and whether the setting is water or a starry void is not fully certain.","[""bad image quality"", ""possible person misidentification"", ""unclear visual focus""]"
157,267babc2-6249-40cc-87c8-1a9e711c9dde,2026-07-06 15:55:38.179,deny,"A dark blue dustpan filled with crumpled white paper and small debris against a light background, rendered in a minimalist monochrome blue color palette.",1,,,A dark blue dustpan on a light background filled two broken light bulbs debris.,0,"The illustration's heavy halftone/duotone texture obscures fine detail, making it difficult to confidently confirm that the debris inside the dustpan consists solely of broken light bulbs rather than other objects.","[""ambiguous main visual element"", ""bad image quality""]"
161,8a62aba4-6ba0-4287-9d2f-05f4a95565c4,2026-07-06 16:03:21.093,deny,"An orange-toned photograph depicts a forest path covered in fallen leaves with three indistinct walking figures. The text ""TACOMA PARK"" appears overlaid in white letters across the center.",1,,,"Layered, orange-tinted photographs of forests. ""TACOMA PARK"" appears in white sans-serif text, horizontally across the center.",0,"The image is composed of multiple overlapping, orange-toned forest photographs, making it difficult to confidently distinguish where one layer ends and another begins or to describe the exact composition and depth of the scene.","[""ambiguous main visual element"", ""complex image with mixed media""]"
162,98d1e2cf-d925-4558-a4ef-4e8ef6de2444,2026-07-06 16:05:23.82,deny,"Minimalist album cover featuring a stylized white thumbprint on solid black background, with a rectangular indentation near the top and two short horizontal lines below it.",1,,,"White thumbprint on solid black background, with a rectangular indentation for the nail and two short horizontal lines below it.",0,"The stark, minimalist line illustration clearly shows a thumb-like shape, but there is no visible fingerprint ridge texture, so labeling it specifically as a 'thumbprint' rather than a plain outline is uncertain, and the meaning of the two horizontal lines beneath the nail area cannot be confidently determined.","[""ambiguous main visual element"", ""possible symbolic interpretation""]"
165,a6c695d0-e9bb-4e7e-abaa-8a1640781ede,2026-07-06 16:07:31.992,deny,"Abstract surreal album cover illustration featuring a central yellow figure with teeth on its torso, flanked by two green reptilian creatures over black-and-white piano keys; large golden feet in red high heels frame the sides.",1,,,"Surreal painting of a headless, yellow body with arms and legs spread, flanked by snakes. Framed by pairs of large, spread legs.",0,"The composition is dense and symbolic, combining numerous overlapping figures, patterned borders, piano keys, and repeated tooth and hand motifs whose individual meanings and relationships to one another cannot be confidently interpreted or fully enumerated.","[""ambiguous main visual element"", ""complex image with mixed media"", ""cultural or historical reference needed"", ""highly abstract artwork"", ""possible symbolic interpretation""]"
169,379efb3d-c7ff-46eb-b8f9-b8666900c39f,2026-07-06 16:14:35.582,deny,"Collage album cover with layered cut-out elements including a person's face, scattered stone-like objects, and geometric shapes in orange, blue, and beige tones; distant mountains under a partly cloudy sky.",1,,,"Collage of a face, stone-like objects, and shapes in orange, blue, and beige with distant mountains, orange lake and clouds.",0,"The composition layers a cutout portrait, stone-like objects, and desert/sky photography into a surreal collage; the exact relationships between these disparate elements and what some of the abstractly shaped panels represent cannot be confidently determined.","[""ambiguous main visual element"", ""complex image with mixed media""]"
172,e96bfc4c-3fe9-49dd-8340-76c4daa47db4,2026-07-06 16:24:28.513,deny,"A black-and-white photograph depicts a person in a dark suit standing in a concrete underpass, bordered by vertical red strips; the left strip features pixelated black shapes, and the right displays ""ROUGH DIMENSION"" in white text.",1,,,A Black-and-white photo of person in dark suit by concrete walls framed by red borders; “ROUGH DIMENSION” on the right.,0,"The high-contrast black-and-white photograph shows a figure standing in a dark corner formed by concrete walls, but the person's pose, identity, and exact facial features are obscured by shadow, making confident description of the subject difficult.","[""ambiguous main visual element"", ""possible person misidentification""]"
176,1be239b9-99fd-471e-a196-75f998b25311,2026-07-06 16:59:23.769,deny,"Surreal digital illustration featuring a pink-skinned figure with large purple eyes and two buns at a checkered table holding tea cup and heart; background includes cherry blossoms, tree branch, octopus tentacle; 'The Fall' in blue cursive text.",1,,,Pink doll with big purple eyes & hair at a checkered table with tea and organic heart; blossoms and tentacles in the background.,0,"The illustration depicts a stylized, alien-like doll figure seated at a table with a teacup and an ambiguous organic object on a plate, surrounded by blossoms and a winged creature; the exact nature of the tabletop object and the significance of the surrounding fantastical elements cannot be confidently determined.","[""ambiguous main visual element"", ""possible symbolic interpretation""]"
181,d7deb3dc-0b99-47f0-b07b-24e13c97ea21,2026-07-06 17:09:45.215,deny,"Album cover with abstract swirling lines and shapes in pink, blue, orange, green, and yellow against a dark background; top left features ""WEVAL REMEMBER"" text on yellow/white/orange sections with ""LIMITED EXCLUSIVE WHITE VINYL"" below and a barcode.",1,,,"Abstract swirling lines like branches with leaves in pink, blue, orange, green, and yellow on a dark background;",0,"The artwork is a dense, abstract tangle of colorful swirling lines resembling branches or foliage, with no clear representational subject or focal point that can be confidently described beyond color and general form.","[""ambiguous main visual element"", ""highly abstract artwork"", ""unclear visual focus""]"
182,a87a5437-7478-4fe9-b632-2150849f33a7,2026-07-06 17:13:15.577,deny,Abstract artwork featuring a blurred human figure in light blue against blended red and turquoise background hues.,1,,,Abstract art of a blurred human figure in water in light blue against blended red and turquoise background hues.,0,"The heavily blurred and color-blended image shows what appears to be a human figure in water, but the pose, orientation, and specific details of the body cannot be confidently identified due to the abstraction and blending of colors.","[""ambiguous main visual element"", ""bad image quality"", ""highly abstract artwork""]"
187,10906b01-03c1-464f-8746-d4ebceacb018,2026-07-06 17:30:01.359,deny,"The cover features a hand-drawn mixed-media artwork with three whimsical cartoon figures—a patterned creature, smiling face, and guitar shape—flying over a seascape under cloudy sky; bright blue, green, white, and red colors dominate, with ""Sundae Painters"" text visible in the top border.",1,,,"3 cartoon figures with weird smiling face, two like drums with wing and one like a guitar, flying over a seascape and cloudy sky.",0,"The naive, folk-art style illustration depicts three winged, cartoonish figures with distorted smiling faces flying over a coastal landscape; the exact nature of each figure (e.g., whether they represent birds, people, or objects like a drum and guitar) is ambiguous and cannot be confidently identified.","[""ambiguous main visual element"", ""complex image with mixed media"", ""highly abstract artwork""]"
196,b8dd6c17-7795-4638-8b0b-53b0ffe82a1b,2026-07-07 09:39:09.578,deny,"Large dark blue ""OFF!"" text with white star patterns on left; right side shows four silhouetted figures gazing upward at a colorful radial burst (blue, pink, orange) against a light background.",1,,,Five people gaze at a colorful blueish sky with a flying UFO; large dark blue “OFF!” text with white stars on the left.,0,"While the five silhouetted figures looking skyward are clear, the exact nature of the blue radiating shape above them (e.g., a UFO, explosion, or abstract burst) is ambiguous, and the small handwritten-style text beside it is too fine to transcribe with confidence.","[""ambiguous main visual element"", ""cannot read text confidently""]"
198,b43d57d6-8dce-4d0b-941a-82039db01a79,2026-07-07 09:55:32.255,deny,"Album cover with an orange-red rock formation against a blue sky, featuring an upward-pointing hand holding a small object, a yellow curved shape with a clock face, and an inverted human face. Right side displays ""COMPULSIONS"" vertically in red above ""J.R. BOHANNON"" in silver lettering.",1,,,"Red desert scene with a giant rock with a hand holding an object, a paper with a clock, and a cutout human face on the ground.",0,"The surreal desert-toned collage combines a rock formation, a disembodied hand holding an ambiguous object, a floating paper-like shape with a clock face, and a separate human face lying on the ground; the relationships between these elements and the exact identity of the held object cannot be confidently determined.","[""ambiguous main visual element"", ""complex image with mixed media"", ""unclear visual focus""]"
255,2116aff0-325a-4c98-b060-50681c1391dd,2026-07-07 10:51:05.477,deny,"Abstract digital artwork featuring vibrant blended hues of purple, pink, blue, green, and yellow in cloud-like forms against a dark gray and black background, with vertical pixelation textures suggesting a glitch art style.",1,,,"Cloud-like forms in blended hues of purple, pink, blue, green, and yellow with vertical pixelation.",0,"The image is a heavily abstract blend of cloud-like color gradients overlaid with a vertical pixelation or glitch texture, with no identifiable concrete subject beyond color and atmospheric form.","[""bad image quality"", ""highly abstract artwork""]"
200,56fdcc65-2e22-48c9-994f-53637504c65f,2026-07-07 09:59:49.295,deny,"Abstract mixed-media album cover with intersecting red and blue diagonal stripes over a pale background, scattered yellow and black splatters, featuring a small black-and-white bird illustration in the lower left.",1,,,"Abstract art with red and blue diagonal stripes, yellow and black splatters, and a small black crow on a pale background.",0,"The composition combines abstract diagonal stripes and paint splatters with a small, distinctly rendered crow silhouette; while the crow itself is identifiable, its relationship to the surrounding abstract elements and their intended meaning cannot be confidently described.","[""highly abstract artwork"", ""possible symbolic interpretation""]"
209,36f915bb-70c7-483a-8410-b6f24b66b475,2026-07-07 10:17:20.746,deny,"Abstract psychedelic artwork of a stylized geometric figure in purple and blue with green eyes, set against teal background and red textured base; bold black text “ACID MOTHERS REYNOLS” at top, “VOL 3” at bottom right.",1,,,Abstract psychedelic art of a stylized purple-blue geometric figure with tongue out and small green paper looking thing on it.,0,"The illustration presents a highly stylized, geometric humanoid or creature-like form with an extended tongue and an ambiguous small green object nearby; the exact subject matter, anatomy, and meaning of the depicted form cannot be confidently determined.","[""ambiguous main visual element"", ""complex image with mixed media"", ""highly abstract artwork"", ""unclear visual focus""]"
211,08fee064-26f6-43d5-b9c0-48685fb9d5f1,2026-07-07 10:20:17.491,deny,"Green album cover featuring handwritten-style black text reading ""Wintery Love"" at the top. Below, a minimalist line drawing of an animal head with large ears, big eyes, and a bright orange-red nose against the solid green background.",1,,,"A hand drawn animal head with large ears, big eyes, two small horns and a bright orange-red nose on a deep green background.",0,"The loosely hand-drawn line illustration depicts an animal head with large ears, small horns, and an orange nose, but the specific animal species being represented (e.g., rabbit, deer, or reindeer) cannot be confidently identified from the sketch-like rendering.","[""ambiguous main visual element"", ""unclear visual focus""]"
223,1021e6fb-71e8-49e0-b046-498bd2162d37,2026-07-07 10:28:56.866,deny,"The album cover displays large, overlapping letters spelling ""FUSE"" in alternating green and dark purple striped patterns against a solid magenta background.",1,,,"Purple background with large letters spelling ""EBTG"" overlapped by large letters spelling ""FUSE"".",0,"The overlapping striped lettering spelling 'EBTG' and 'FUSE' is heavily interwoven, making it difficult to confidently trace and confirm each individual letterform.","[""ambiguous main visual element"", ""cannot read text confidently""]"
233,52321a1b-f21b-45c4-a8db-a1052e2b6356,2026-07-07 10:34:09.771,deny,"Teal background with overlapping red concentric circles forming an abstract geometric pattern; white sans-serif text listing artist names appears at top left above gold ""EARSCTRATCHER"" title.",1,,,"Green background with overlapping red concentric circles forming an abstract geometric pattern. Gold ""EARSCRATCHER"" at top left.",0,"The cover is a purely geometric pattern of overlapping red circular arcs on a green background with no representational subject, so beyond describing the shapes and colors, no further confident interpretation is possible.","[""highly abstract artwork""]"
236,e1a0b4b2-9f13-4947-96e3-14e58273d109,2026-07-07 10:36:43.613,deny,"Three black office chairs against a weathered white wall with peeling paint and vines. Purple text displays ""Keiji Haino,"" ""Jim O'Rourke,"" and ""Oren Ambarchi"" above smaller English/Japanese text. Rusty metal frame and purple/blue fringes in foreground, urban decay collage style.",1,,,Three black chairs against a peeling white wall with vines. Metal ladders and purple/blue fringes in the foreground.,0,"The photograph clearly shows three chairs against a weathered wall, but the exact identity of the rusty metal framework leaning in front of them (e.g., a ladder or scaffolding) is unclear, and the dense bilingual English/Japanese text overlaid on the image is too small to transcribe with full confidence.","[""ambiguous main visual element"", ""cannot read text confidently"", ""highly abstract artwork""]"
241,8541f5d7-862f-4eea-bf86-e2a4036f333a,2026-07-07 10:42:22.018,deny,"Abstract geometric pattern of overlapping red triangular shapes interspersed with dark blue-green textured sections. Dominant color palette features bold red against iridescent, layered blue-green hues.",1,,,Overlapping dark blue-green triangular shapes interspersed with red triangular shapes.,0,"The triangular segments contain feather- or wing-like textures, but it is unclear whether the underlying image is an abstract pattern or a fragmented photograph of a real subject broken into geometric tiles.","[""ambiguous main visual element"", ""highly abstract artwork""]"
244,bd0e3754-5740-4eb3-9f13-1f6dd120b01f,2026-07-07 10:43:32.151,deny,"A vibrant mixed-media collage album cover with bold pink, green, orange, and black brushstrokes; overlapping abstract shapes, a large light blue circle on the left, and fragmented colorful forms across a diagonal red line.",1,,,"Mixed-media collage with bold pink, green, orange, and black brushstrokes, overlapping shapes, and a large light blue circle left.",0,"The painting combines loose, gestural brushstrokes in multiple colors with a stark geometric red diagonal and a solid light blue circle; the specific subjects the brushstrokes may be suggesting (e.g., foliage or figures) cannot be confidently identified.","[""ambiguous main visual element"", ""complex image with mixed media"", ""highly abstract artwork""]"
246,5e056cdd-95b6-4983-9838-37721a387757,2026-07-07 10:45:00.134,deny,"A nighttime urban street scene shows pedestrians crossing a busy intersection, with steam rising from the right. Text displays 'EMILIANA TORRINI THE COLORIST ORCHESTRA' in white and 'Racing The Storm' in bold yellow script.",1,,,"A urban street at night with retro suit dressed pedestrians crossing a busy intersection, with steam rising from the right.",0,"The nighttime street photograph shows several pedestrians mid-stride crossing an intersection, but low lighting and motion blur make it difficult to confidently count the exact number of people or identify their individual features.","[""bad image quality"", ""possible person misidentification"", ""unclear visual focus""]"
249,daad2334-f9fa-4ee5-9974-150f5a12a4e4,2026-07-07 10:47:04.949,deny,"Vibrant mixed-media album cover featuring a stylized boat structure with a large pink-and-white striped spherical object; abstract patterns and shell motifs in blue, orange, and pink hues.",1,,,"Collage with a stylized boat and a pink, white, and orange beach ball. Abstract blue, orange, and pink patterns surround.",0,"The scene is rendered in a dense, textured pointillist or embroidery-like style that obscures fine detail, making it difficult to confidently distinguish the boundaries of the boat shape from the surrounding abstract patterned background.","[""ambiguous main visual element"", ""complex image with mixed media"", ""highly abstract artwork""]"
256,dc599294-863c-4d50-be6a-18f81fa2494d,2026-07-07 10:51:37.371,deny,"Album cover features ""Javelin"" in large pink dripping text at top, above a dense collage of people holding colorful flags and banners. The artist name ""SUFJAN STEVENS"" appears in bold white block letters below against a textured beige background.",1,,,Dense collage of people on a beige background with large pink dripping “Javelin” and white block “SUFJAN STEVENS” at the bottom.,0,"The collage layers dozens of small overlapping photographs of different people, making it impossible to confidently count or individually identify each person depicted.","[""ambiguous main visual element"", ""bad image quality"", ""complex image with mixed media"", ""possible person misidentification"", ""unclear visual focus""]"
258,73171014-3bab-4afb-b0b7-2ba18f324234,2026-07-07 10:53:33.651,deny,"Portrait of a person with long dark hair styled in an elaborate braided updo, wearing a silver-blue dress with circular patterns against a solid blue background. Red vertical strips on left and right display ""IBIBIO SOUND MACHINE"" and ""PULL THE ROPE"" in bold black text.",1,,,"Portrait of a person with long dark hair, a braided updo, and a silver dress against a blue background. Red strips on the sides.",0,"The person's elaborate hairstyle incorporates structural, sculptural elements that are difficult to confidently distinguish as hair versus a headpiece or accessory, and the fine texture of the metallic dress cannot be fully resolved.","[""ambiguous main visual element""]"
266,0e57c005-c65c-45ed-bf32-883466287d76,2026-07-07 11:03:08.039,deny,"Abstract digital artwork with swirling teal, pink, and red organic shapes; ""ARCHERS OF LOAF REASON IN DECLINE"" text in white sans-serif font top-right.",1,,,"Photograph of stone humans grabbing each other. Pink, teal, and red lighting.",0,"The heavily color-toned photograph shows a pile of intertwined, stone-textured human figures, but the exact number of individuals and how their limbs connect to one another cannot be confidently distinguished.","[""ambiguous main visual element"", ""possible person misidentification""]"
267,a9908181-491a-41fa-8f27-aedb34600ae5,2026-07-07 11:09:29.381,deny,"Circular collage of hands reaching toward diverse food items (salads, vegetables) within a frame bordered by pink and black triangles; vertical ""TACOMA PARK"" text left edge, ""Singles: 2020-2022"" at bottom.",1,,,Collage of hands reaching towards food. Bordered by pink and black triangles.,0,"The collage layers numerous overlapping photographs of hands reaching toward various food items, making it difficult to confidently count the hands or identify every individual food item depicted.","[""ambiguous main visual element"", ""complex image with mixed media"", ""highly abstract artwork""]"
268,949c5eae-c4b8-4f0f-891c-d6ec888565a0,2026-07-07 11:14:41.495,deny,"A group of hooded figures in red and blue-toned clothing approach a dark building entrance beneath a glowing rainbow arch; ""LEGENDARY PINK DOTS"" appears in bold red letters above ""THE MUSEUM OF HUMAN HAPPINESS"" displayed on the facade.",1,,,"Group of hooded figures approaches a dark building entrance beneath a glowing rainbow arch with ""LEGENDARY PINK DOTS"" below.",0,"The group of hooded, robed figures is rendered with obscured faces in low light, making it difficult to confidently determine their number, identity, or individual poses within the ornate archway scene.","[""ambiguous main visual element"", ""bad image quality"", ""possible person misidentification""]"
270,ff17b6b8-7275-4e18-b146-900024b88677,2026-07-07 11:16:37.92,deny,"Abstract cover art with bold red-orange rock formations against a teal sky; yellow text reads 'CHARLIE RUMBACK' at top left, white 'SEVEN BRIDGES' below on blue background. Psychedelic style using vibrant magenta, teal, and orange hues.",1,,,"Abstract art of 3 red rocks, with one resembling a horse, on a red desert with a teal sky having psychedelic shapes.",0,"The stylized desert landscape features three rock formations, one resembling a horse's head, alongside psychedelic circular shapes in the sky; whether these circles represent celestial bodies or purely decorative elements cannot be confidently determined.","[""ambiguous main visual element"", ""highly abstract artwork"", ""possible symbolic interpretation"", ""unclear visual focus""]"
281,1d66be56-cac5-46fc-a799-f69fc1ab9543,2026-07-07 11:20:51.324,deny,"Abstract mixed-media album cover featuring bold, layered brushstrokes in vibrant pink, yellow, blue, and green hues, with a figure wearing a fur-lined garment visible through a dark central opening.",1,,,"Abstract painting with layered brushstrokes in vibrant pink, yellow, blue, and green hues. Stone figure visible through opening.",0,"The composition is dominated by abstract, layered brushstrokes in vibrant colors, with what appears to be a stone figure or sculpture visible through a gap; the identity and full form of this partially obscured figure cannot be confidently described.","[""ambiguous main visual element"", ""highly abstract artwork""]"
283,e7aad152-c40e-4c03-9352-b7fb52ca23be,2026-07-07 11:24:22.581,deny,"A grainy black-and-white textured background features a central black circle with white horizontal stripes. Hand-drawn purple and black text arcs around it, partially legible as ""DAYS ON EARTH"" in stylized typography.",1,,,"Central black circle with white stripes and a grainy monochrome background. ""DAYS ON EARTH"" in purple surrounds the circle.",0,"The title text is arranged in a circular, partially mirrored or rotated pattern around the central striped disc, making it difficult to confidently read the words in a single pass, and the grainy static-like background obscures fine detail.","[""ambiguous main visual element"", ""bad image quality"", ""cannot read text confidently""]"
286,e7b317bd-c750-48d7-8c59-4976a0b3c1df,2026-07-07 11:26:05.495,deny,"Dark album cover featuring ""MAGIC TUBER STRINGBAND"" in uppercase text at top and ""NEEDLEFALL"" at bottom. Central composition shows rows of slender tree silhouettes with glowing golden bases on a reddish-brown ground strip, set against a deep black background.",1,,,Rows of slender trees with glowing golden trunks on a red-brown ground strip set against a deep dark night background with clouds.,0,"The rows of tree trunks glow with an ambiguous golden light source, and it is unclear whether the reddish-brown strip beneath them represents ground, water reflection, or an abstract color field.","[""ambiguous main visual element"", ""unclear visual focus""]"
289,f5000ced-1ec3-43e1-9998-18837eae65c6,2026-07-07 11:27:15.935,deny,"A surrealist painting shows a dark, elongated horse-like creature holding a large textured purple sphere adorned with small red circles, set against an earthy background of brown, yellow, and green textures with a stylized eye in the upper right.",1,,,"Painting with a horse-like creature holding a tambourine in front of a brown, yellow, and green background.",0,"The painting depicts a dark, horse- or donkey-like creature alongside a partially visible companion figure and a large tambourine held by a human hand; the exact species and relationship of the creatures to the hand cannot be confidently determined.","[""ambiguous main visual element"", ""highly abstract artwork""]"
293,c571a919-182e-43c2-857b-4222a05d4b06,2026-07-07 11:30:08.746,deny,"A stone relief sculpture depicts a child seated in an architectural niche, reading a large open book with legs tucked and one hand resting near his face; carved from textured stone.",1,,,Stone sculpture of a child seated in a narrow architectural niche reading a large open book with legs tucked and hands on the book,0,"The weathered stone relief carving clearly shows a seated figure reading a book, but erosion and surface wear make it difficult to confidently confirm finer details such as the figure's exact age, expression, or clothing.","[""ambiguous main visual element"", ""bad image quality""]"
296,83138a26-96d3-4cb9-a079-2ff163803398,2026-07-07 11:31:26.505,deny,"Abstract textured composition of swirling blue and teal patterns with dark geometric shapes; white text ""III at ease"" top-right, light blue text ""preoccs"" bottom-left.",1,,,"Swirling blue and teal patterns with dark geometric shapes. White text ""Ill at ease"" top-right, ""preoccs"" bottom-left.",0,The background pattern combines swirling teal tones with a sharp black diagonal geometric shape whose form and meaning cannot be confidently interpreted beyond its silhouette.,"[""ambiguous main visual element"", ""highly abstract artwork""]"
298,f6d9f8d9-eb63-4d8f-86cb-bb9ad7c73b32,2026-07-07 11:32:49.45,deny,"Blue-toned sculpted face with wide-open mouth and textured surface; left side features vertical purple border with reversed pink text reading ""humdrum"".",1,,,"Blue-toned sculpted face with wide-open mouth.Left side features pink ""humdrum"" text with purple fill.",0,"The heavily blue-duotone halftone print shows a sculpted, gargoyle-like face with an open mouth, but the coarse print texture obscures whether the subject is a stone statue, a mask, or another material.","[""ambiguous main visual element"", ""bad image quality""]"
301,45dbbbbd-7e62-4031-9453-f3971875285f,2026-07-07 11:35:19.47,deny,"Abstract album cover with bright yellow background featuring layered pink-to-orange mountain silhouettes mirrored above a horizon line; four colored circles (red, orange, pink) top left, black circle, and ""SPINY NORMEN"" text top right.",1,,,Abstract art of four pink-orange paths to matching pyramids and a black path to a black pyramid on a bright yellow background.,0,"The composition shows four colored paths leading to matching pyramid shapes and one black path to a black pyramid, along with a cluster of circles and a solid dot; the intended meaning or narrative relationship between these elements cannot be confidently determined.","[""ambiguous main visual element"", ""highly abstract artwork"", ""possible symbolic interpretation"", ""unclear visual focus""]"
303,478b996a-6037-4d1b-ad3f-502b2ed56c97,2026-07-07 11:36:48.799,deny,"Album cover features a large dark brown and purple textured collage (resembling fragmented fabric) extending from the top into a light blue background area, with a hand reaching downward. Text at bottom displays ""MARY HALVORSON"" in gold uppercase and ""CLOUDWARD"" in white lowercase.",1,,,Large dark brown and purple textured collage extending from the top into a light blue background area.,0,"The dark textured mass at the top of the image resembles a dense cluster of birds, feathers, or foliage, but its exact composition cannot be confidently identified, and a pale hand-like or branch-like form extends from within it.","[""ambiguous main visual element"", ""highly abstract artwork""]"
304,a4297370-f2e4-4f08-8345-877df35466e2,2026-07-07 11:37:18.763,deny,"Grainy photograph of a person in red shirt performing live under microphones; white text reads 'DREDD FOOLE & THE DIN', 'SEE GOD', and '1985 1986' against graffiti-covered backdrop with drums.",1,,,"Grainy photograph of a person in red shirt performing live under microphones with drums, a guitar, and a graffiti wall at the back",0,"The grainy, low-contrast concert photograph makes it difficult to confidently identify the performer's specific actions or facial expression, and the background graffiti and equipment are too indistinct to describe in detail.","[""bad image quality"", ""unclear visual focus""]"
309,a5f1c19d-259e-40b1-81a8-5fbc82574679,2026-07-07 11:39:12.523,deny,"Album cover featuring a vintage photograph of a man in white athletic wear performing a discus throw on an outdoor track, with a group of casually dressed onlookers behind him under a clear blue sky.",1,,,"Man in white athletic wear performing a discus throw, with a group of onlookers behind him under a clear blue sky.",0,"The vintage photograph shows a man in mid-athletic motion with his arm raised, but no throwing implement (e.g., discus or javelin) is clearly visible in his hand, making the exact action being performed uncertain.","[""ambiguous main visual element""]"
313,8d3006c8-7ef5-499b-bd50-d2d7087f898d,2026-07-07 11:44:18.917,deny,"Dark background displays 'CHRIS FORSYTH' in large gold lettering at top left and 'EVOLUTION HERE WE COME' in bright pink text to the right; below is a nighttime photograph showing an illuminated courtyard with scattered structures and three glowing lights (purple, orange, red) over the ground.",1,,,Nighttime photo of a courtyard illuminated by three glowing balloon lights with scattered car and building structures.,0,"The nighttime photograph is dominated by three glowing spherical lights, but the surrounding dark courtyard, structures, and equipment are too dim and low-contrast to confidently identify in detail.","[""bad image quality"", ""unclear visual focus""]"
321,27e4793e-4199-4dc2-8419-3e56ada08bba,2026-07-07 11:49:10.11,deny,"Album cover featuring a vibrant collage art style with a rainbow arch behind a central clock held by a figure. Diverse figures, hands, and objects populate the scene; visible text reads ""soda water sea"" above ""THE FREEDOM RING"".",1,,,"Collage of diverse figures, hands, and objects. Rainbow arch with a clock behind everything.",0,"The dense collage combines numerous overlapping photographs of people, animals, objects, and a rainbow arch with a central clock; the sheer number of overlapping elements makes it difficult to confidently identify or count every individual figure and object.","[""ambiguous main visual element"", ""complex image with mixed media"", ""highly abstract artwork""]"
323,2876b6e6-96de-434a-a498-d015806bd2a4,2026-07-07 11:50:15.54,deny,"Psychedelic album cover showing a person holding an acoustic guitar against vibrant blue and yellow patterns with red accents; top text displays ""ISOBEL CAMPBELL"" left and ""BOW TO LOVE"" right.",1,,,Person holding an acoustic guitar against vibrant blue and yellow patterns with red accents.,0,"The image applies a heavy motion-blur or echo effect that duplicates and overlaps the figure and guitar multiple times, making it difficult to confidently discern the person's exact pose, features, or the guitar's precise position.","[""ambiguous main visual element"", ""bad image quality""]"
379,c712dd14-cfd9-4071-8c0c-8378623de210,2026-07-07 13:50:13.832,deny,A minimalist album cover featuring four columns of hand-drawn abstract human figures in light gray lines on a white background. Each figure has unique poses with subtle blue and purple accents on select illustrations.,1,,,4x4 grid of hand-drawn abstract human figures in light gray lines on a white background. Each with unique poses.,0,"The grid contains sixteen minimalist line-drawn human figures, each in a distinct pose; the specific action or context of each individual figure (e.g., what they are doing or holding) cannot be confidently determined from the sparse linework.","[""ambiguous main visual element"", ""highly abstract artwork""]"
327,2f8c7ddf-f515-4328-b342-b02f21e17ae2,2026-07-07 11:53:27.498,deny,"Surreal album cover illustration featuring a central black oval surrounded by colorful figures and landscapes. Dark red background with vertical white stylized ""ALEXALONEWORLD"" text on left edge above dense smaller textual elements; psychedelic color palette of greens, oranges, purples.",1,,,Illustration featuring a central black oval surrounded by colorful figures and landscapes. Dark background with text on left edge.,0,"The illustration is densely packed with small figures, a maze-like colorful landscape, and a central black void, along with dense vertical text along the left edge that is too small to transcribe with confidence; the meaning of the black oval and its relationship to the surrounding scene cannot be confidently determined.","[""cannot read text confidently"", ""complex image with mixed media"", ""highly abstract artwork"", ""possible symbolic interpretation""]"
337,f0dfc76b-f16f-41b1-98b6-d235f3dc8241,2026-07-07 11:58:35.877,deny,"A person in a colorful horned mask and patchwork costume walks down a narrow street; the image is mostly black-and-white except for their vibrant attire. Vertical text on the right reads ""THE GASLAMP KILLER / THE HELIOCENTRICS"".",1,,,A person in a colorful horned mask and patchwork costume walks down a street behind which a crowd throws objects at them.,0,"The person's face is fully concealed by an ornate horned mask, making their identity and expression impossible to confidently determine, and the crowd of onlookers in the background is too distant and blurred to describe individually.","[""bad image quality"", ""possible person misidentification"", ""unclear visual focus""]"
343,09d7a770-45d2-4b7a-9dbe-504238086e47,2026-07-07 12:01:26.924,deny,"A grainy black-and-white photograph of a figure with digitally distorted facial features, showing pixelated blocks and artifacts across the face and neck. Visible text includes ""PANCHIKO"" in large white sans-serif letters on the right side, with ""FAILED AT MATH(S)"" in smaller text below it.",1,,,"Monochrome figure with digitally distorted facial features, showing pixelated blocks and artifacts across the face and neck.",0,"The line-drawn portrait's face and neck are overlaid with blocky, glitch-like digital distortion, obscuring the figure's actual facial features and expression.","[""ambiguous main visual element"", ""bad image quality""]"
345,8af0452c-7c53-47d1-85b1-39759bf21d3b,2026-07-07 12:02:27.566,deny,"Album cover features a vibrant abstract composition with dense swirling shapes in red, yellow, green, blue, and orange. Text above reads ""...and then there's this""; below lists artists as ""Artifacts: Tomeka Reid, Nicole Mitchell, Mike Reed"".",1,,,"Composition of dense swirling shapes in red, yellow, green, blue, and orange on a white background.",0,"The painting is composed of densely packed, swirling abstract shapes in many colors with no discernible representational subject beyond the interlocking forms themselves.","[""highly abstract artwork"", ""unclear visual focus""]"
348,4604ed56-2652-4699-9101-1ccbdcf04fd8,2026-07-07 12:06:09.827,deny,Close-up of wet leaves or moss with reflective green and brown textures; scattered glossy circular spots suggest water droplets on organic surfaces.,1,,,Close-up of reflective green and brown textures with scattered glossy cicrcular spots.,0,"The extreme close-up shows a reflective, textured surface with scattered glossy circular spots, but whether the subject is water droplets, moss, foliage, or another material cannot be confidently determined.","[""ambiguous main visual element"", ""highly abstract artwork""]"
357,dd46cab7-b5a7-4d5e-8b2a-b4ed74f81216,2026-07-07 13:29:15.64,deny,"Two stylized white-faced figures with dark green hair wear green tops while holding bright pink cyclamen flowers against a textured blue background; top text reads ""JAMES ELKINGTON & NATHAN SALSburg ALL GIST"" in light sans-serif font.",1,,,Two white-faced figures with green hair and green tops with pink flowers between them on a blue backdrop and green surrounding it.,0,"The two figures are illustrated with flat, minimally detailed white faces, making it difficult to confidently determine their individual expressions, gender presentation, or specific identifying features beyond hair and clothing color.","[""ambiguous main visual element"", ""possible person misidentification""]"
365,6e3c1dcf-efab-4d0f-9f4d-1c2bde3ddb8f,2026-07-07 13:38:46.012,deny,"Abstract collage with bold orange, green, and yellow organic shapes on a dark background; thin white lines connect forms. Top-right displays ""Under the Sun"" in light text above ""Maya Shenfeld"".",1,,,Abstract collage with lines forming a women silhouette and colorful organic shapes  on a dark background.,0,"The linework forming a possible female silhouette is interwoven with colorful abstract organic shapes, making it difficult to confidently separate the figure's outline from the surrounding decorative forms.","[""ambiguous main visual element"", ""complex image with mixed media"", ""highly abstract artwork"", ""possible person misidentification"", ""unclear visual focus""]"
368,a9a10318-3b2e-41d8-8850-c3d7f276c13d,2026-07-07 13:41:21.452,deny,"A person lies on a dark floor with large white wings disintegrating into feathers and pixelated fragments; surreal room features teal walls, orange grid patterns, and a neon red pyramid. Text: ""Full of Hell"" top left and ""Coagulated Bliss"" below.",1,,,Figure lies on a dark floor with wings disintegrating into feathers and pixelated fragments. Room has teal walls and orange grids.,0,"The winged figure's form is dissolving into scattered feathers and pixelated fragments, making it difficult to confidently determine the figure's exact pose, species (human or bird-like), or completeness.","[""ambiguous main visual element"", ""highly abstract artwork""]"
369,7986935c-cee2-437e-ac4d-bbea5057250d,2026-07-07 13:42:32.311,deny,Surreal digital cover art featuring a fragmented white geometric shape suspended above a textured reddish-brown landscape under a gradient purple-red sky with a small purple sphere in the top left.,1,,,Surreal art with a white boat-like shape on reddish-brown water under a purple-red sky with a small purple circle in the top left.,0,"The pale angular form resembling a boat or rock formation sits on a rough reddish surface that could represent water, sand, or an abstract ground plane; its exact material and the nature of the surrounding terrain cannot be confidently determined.","[""ambiguous main visual element"", ""complex image with mixed media"", ""highly abstract artwork"", ""unclear visual focus""]"
376,a664ffdb-fd6e-45e9-865e-692ff5d27152,2026-07-07 13:47:28.555,deny,"Abstract ink-and-color line drawing with swirling red, blue, green, and orange strokes on off-white background; printed text reads ""STEVE LEHMAN ORCHESTRE NATIONAL DE JAZZ EX MACHINA"" in black sans-serif font at bottom right.",1,,,"Ink-and-color line drawing with swirling red, blue, green, and orange strokes on off-white background.",0,"The sketch-like ink drawing consists of loosely connected swirling lines and small colored marks with no clear representational subject, so only the general gestural forms and colors can be confidently described.","[""highly abstract artwork"", ""unclear visual focus""]"
382,110786f9-1822-4fa1-945e-9021fb2cea29,2026-07-07 13:51:43.401,deny,"A blue-toned abstract digital artwork featuring a layered, wavy organic shape against a solid black background.",1,,,"A blue-toned abstract digital artwork featuring a layered, wavy organic shape against a solid black background.",0,"The image shows a luminous blue wave-like or mountain-like form rendered against solid black, resembling either a digital waveform, terrain, or abstract sculpture; its exact source or subject cannot be confidently identified.","[""ambiguous main visual element"", ""highly abstract artwork""]"
395,81739153-046f-4e6c-84ae-a039b39d2712,2026-07-07 14:09:02.283,deny,"A person with pale skin and long blonde hair wears a gray suit, white shirt, and striped tie. Yellow-green eyeshadow frames their eyes against a plain light gray background. Curved red gothic text reading ""Radical Romantics"" arcs around them.",1,,,A surreal bald pale skinned person with blonde side hair and yellow-green eyes wears a gray suit on a gray background.,0,"The ornate red blackletter text overlays the person's face and hair, obscuring parts of their features and making it difficult to confidently separate the text from the portrait beneath it.","[""cannot read text confidently"", ""unclear visual focus""]"
428,12e8d04f-fd95-45bf-ae15-3f7900a06fe4,2026-07-07 14:47:57.364,deny,An album cover depicting a dark theater interior with rows of empty red-brown seats; a large blue screen displays a small white rectangular emblem at center.,1,,,A dark theater interior with rows of empty red-brown seats and one person sitting with a large blue screen.,0,"The theater is almost entirely dark and low-contrast, making it difficult to confidently identify the seated person's features or the small illustration displayed on the screen.","[""ambiguous main visual element"", ""bad image quality"", ""possible person misidentification"", ""unclear visual focus""]"
442,2cff666e-0abe-4ea8-8ac3-140fa8bafdac,2026-07-07 15:03:22.206,deny,"The album cover displays bold white block letters spelling ""SAVAGE REPUBLIC"" across a black background, with a gray star and crescent moon graphic layered behind the text.",1,,,"Big block text ""SAVAGE REPUBLIC"" a black background overlaying two gray crossing pirates swords and a gray star.",0,"The crossed blade shapes behind the text are rendered in a flat gray tone that blends with the black background, making it difficult to confidently identify them as swords versus another crossed object.","[""ambiguous main visual element""]"
464,2c6c8888-20ff-4d5b-8c3a-7b149717da3d,2026-07-07 15:13:36.558,deny,"A minimalist illustration shows a bathroom-like interior with peach walls, blue columns, and beige surfaces. Text above reads ""CURIOUS MUSIC,"" below is ""GROSSMAN / MORRIS-SMITH"" in white sans-serif font on dark background.",1,,,"An abstract art on a dark background with peach walls, blue columns, beige ground, and long light yellow object on the",0,"The painting's flat geometric planes suggest an architectural interior, but the elongated pale yellow object resting on the ground plane cannot be confidently identified as any specific real-world object.","[""ambiguous main visual element"", ""complex image with mixed media"", ""highly abstract artwork""]"
465,ba4c9d26-1f41-4478-9da6-8dd33ac3f610,2026-07-07 15:14:40.612,deny,"Album cover features ""Ava Mendoza New Spells"" in bold red text on a yellow top section; central stylized illustration shows a guitarist (red silhouette) playing an electric guitar against a teal crowd background, bordered by solid red side panels.",1,,,"Illustration shows a guitarist (red silhouette) against a teal plant background, bordered by red side panels.",0,"The high-contrast silhouette-style illustration clearly shows a person playing an electric guitar, but the flat color rendering removes any facial or textural detail, making finer identification (e.g., exact guitar model or expression) impossible to confirm confidently.","[""ambiguous main visual element"", ""highly abstract artwork""]"
484,c3a91959-1732-4123-93a3-4f3c5297156d,2026-07-07 15:26:09.467,deny,"Collage-style album cover shows a man in teal shirt and hat playing acoustic guitar against starry purple sky; bold red ""DOM FLEMONS"" and white ""TRAVELING WILDFIRE"" text appear on dark banner amid vibrant flowers, landscape, and pink moon.",1,,,"Man in teal shirt and hat playing acoustic guitar against starry purple sky. Around are vibrant flowers, landscape, and pink moon.",0,"The collage combines a photograph of a guitarist with painted flowers, mountains, and a stylized moon; the pattern visible on the moon's surface and its symbolic significance cannot be confidently determined.","[""complex image with mixed media"", ""highly abstract artwork"", ""possible symbolic interpretation""]"
487,202dc96b-3faf-420d-a6a5-66405e55a950,2026-07-07 15:29:47.378,deny,"Album cover displays a vintage map background with flowing pastel-colored lines in pink, blue, and green. Large teal text reads “WINDS BELLS FALLS”; smaller black text below lists artists “ROBBIE LEE & LEA BERTUCCI”.",1,,,"Vintage map background with flowing pastel-colored lines in pink, blue, and green with large text ""WINDS BELLS FALLS”",0,The pastel-colored flowing lines overlaid on the vintage map are difficult to confidently distinguish as a specific river system versus a purely decorative abstract pattern.,"[""ambiguous main visual element""]"
488,45a68c83-7d35-4e1a-89f1-10a247ab7cbf,2026-07-07 15:31:07.253,deny,"Surreal painting featuring a radiant orange-yellow sun-like center with radiating light streaks, surrounded by black-and-yellow bees flying over a textured beige base.",1,,,Painting featuring a radiant orange-yellow center with radiating light streaks and bees flying over a textured beige base.,0,"The radiant central form is surrounded by flying bees and streaks of light against a hazy beige base; whether the bright central shape represents a sun, a hive, or an abstract burst of light cannot be confidently determined.","[""ambiguous main visual element"", ""highly abstract artwork"", ""possible symbolic interpretation""]"
492,c671e299-4adf-45da-94f8-4846823f9866,2026-07-07 15:40:09.988,deny,"Black album cover with ""Shana Cleveland"" in white text above large yellow block letters reading ""MANZANITA""; central photo shows a person holding an orange-red acoustic guitar amid green plants and white flowers.",1,,,Photo of a woman holding an orange-red acoustic guitar in a forest with flowers on a black cover with artist and album text.,0,"The forest photograph is dimly lit and shadowed, making it difficult to confidently identify the small object partially visible in the bottom-left corner or the woman's precise facial expression.","[""bad image quality"", ""unclear visual focus""]"
497,1f18e47d-fc69-4cbc-9260-2197b206feae,2026-07-07 15:44:53.328,deny,"Minimalist album cover with a plain white background featuring a central circular cutout; handwritten text reading ""yo yo bey+"" and ""18/25"" in the bottom-right corner.",1,,,"Minimalist image with a plain white background, a central circular cutout and handwritten text ""ya ya bey x"" with ""18/25"".",0,"The handwritten cursive signature is stylized and looped, making it difficult to confidently transcribe with full certainty beyond a general reading.","[""cannot read text confidently""]"
501,def8fbc8-30f0-4537-9932-e47a4030a934,2026-07-07 15:47:10.408,deny,"A person walks a snowy urban sidewalk wearing a green hooded jacket and carrying shopping bags; snowfall continues over the street, buildings, and bare trees in background.",1,,,A person walks a snowy urban sidewalk wearing a green hooded jacket and carrying shopping bags with a car and houses behind.,0,"The falling snow partially obscures the scene, and the small poster attached to the lamppost in the background is too distant and low-resolution to confidently read or describe.","[""bad image quality"", ""cannot read text confidently"", ""unclear visual focus""]"
518,b3d672c4-51eb-4c3c-b9b3-bc83d426c452,2026-07-07 16:06:32.139,deny,A black-and-white photograph depicts two figures on an ornately draped bed; one figure in white pajamas kneels over another lying down under canopy curtains.,1,,,Black-and-white photo of two people on a bed; one in white pajamas kneels over another lying down under canopy curtains.,0,"The heavy dark drapery and shadow obscure the reclining figure almost entirely, making it impossible to confidently determine their pose, clothing, or whether they are conscious or asleep.","[""bad image quality"", ""possible person misidentification"", ""sensitive or indecent content""]"
528,b7caf877-8fd0-4db9-977d-9f385692fde5,2026-07-07 16:17:52.717,deny,The album cover features a black-and-white photograph of a person wearing a dark textured jacket and a wide-brimmed hat adorned with delicate feathery trim against a plain light gray background.,1,,,Black-and-white photo of a woman wearing a dark cloth and hat adorned with feathery trim; against a plain light gray background.,0,"While the woman's pose and hat are visible, the precise material and structure of the feathery trim decoration on the hat cannot be confidently identified from the image.","[""ambiguous main visual element"", ""unclear visual focus""]"
534,dab31fd0-f0cd-44b9-8dea-541107039b10,2026-07-07 16:24:44.681,deny,"A hand-drawn illustration of a riverside landscape featuring lush green trees, rocky shores, two seated figures near a log by flowing blue water, with additional foliage and distant hills.",1,,,"A colorful drawing of a riverside with green trees, rocky shores, two seated figures on a wood log by flowing blue water",0,"The two seated figures by the log are rendered in a small, sketchy style with minimal detail, making it difficult to confidently describe their appearance, clothing, or activity.","[""ambiguous main visual element"", ""complex image with mixed media"", ""unclear visual focus""]"
536,aced1218-4f97-4450-aaf7-142d62e38866,2026-07-07 16:29:11.332,deny,"Stylized mixed-media portrait of a person with dark hair and cross necklace at center; circular figure against vibrant mosaic background. Curved text banners read ""JAMES BRANDON LEWIS RED LILY QUINTET"" (left) and ""FOR MAHALIA, WITH LOVE"" (top right).",1,,,Mosaic portrait of a woman with dark hair wearing a yellow dress and cross necklace with face on green background and rest purple,0,"The photographic portrait is heavily overlaid with a dense floral mosaic pattern and color filtering, obscuring fine facial detail and making it difficult to confidently describe the woman's expression or exact clothing.","[""bad image quality"", ""complex image with mixed media"", ""unclear visual focus""]"
539,a23375de-4af4-4b5f-a1ac-e0b989e09c19,2026-07-07 16:32:22.816,deny,"A monochrome collage album cover with textured light background and dark abstract organic forms; reversed block letters reading ""PAINT WORK"" are positioned at the top.",1,,,"Black and white cover with textured light background and dark abstract organic forms; block letters reading ""PAINT WORK"" on top.",0,"The heavily textured, weathered surface contains a dark organic shape resembling a wilted flower or plant, but water damage and scratches across the image make it difficult to confidently confirm the shape's exact identity.","[""ambiguous main visual element"", ""bad image quality"", ""cannot read text confidently""]"
541,e858e0b4-99cc-4455-94b9-cfd3bbcab8e1,2026-07-07 16:35:16.794,deny,"Surreal abstract album cover featuring layered distorted human and animal figures in vibrant pink, purple, blue, yellow, and green hues; bold white text at top reads ""BAD TRIPS"", bottom displays ""NOTHING BUT TROUBLE"".",1,,,"Surreal abstract painting of distorted human and animal figures in pink, purple, blue, yellow, and green hues; with text around.",0,"The painting crowds numerous distorted, dreamlike figures with animal and human traits into a dense composition, making it difficult to confidently count or individually identify each creature.","[""ambiguous main visual element"", ""complex image with mixed media"", ""highly abstract artwork"", ""possible person misidentification""]"
544,4c02d50d-a225-4889-9afb-8fa7f61dbbeb,2026-07-07 16:37:28.79,deny,"A vibrant abstract psychedelic artwork featuring swirling lines and splatters of bright yellow, orange, blue, green, and pink hues. The artist name ""!MOFAYA!"" appears in bold black text at the bottom right corner.",1,,,"Abstract psychedelic with swirling lines and splatters of bright yellow, orange, blue, green, and pink hues overlaying objects.",0,"Dense swirling lines and paint splatters overlay what may be underlying photographic or illustrated objects, but these underlying forms cannot be confidently identified beneath the abstract linework.","[""ambiguous main visual element"", ""highly abstract artwork""]"
548,bb280c06-37fe-4211-8cf2-f36db3bb236c,2026-07-07 16:42:48.991,deny,"Black-and-white illustration of a central hourglass flanked by large wing-like forms above stylized clouds; visible text reads ""Jons Reinhardt"" at top and ""A Ragged Ghost"" at bottom.",1,,,Black-and-white art of central hourglass and hands to the right and left holding a skull and butterfly with clouds underneath,0,"The symmetrical illustration combines an hourglass, disembodied hands holding a skull and a butterfly, and clouds; the overall symbolic narrative connecting these elements cannot be confidently interpreted.","[""ambiguous main visual element"", ""complex image with mixed media"", ""highly abstract artwork"", ""possible symbolic interpretation"", ""unclear visual focus""]"
556,2f341a32-e336-4271-97d3-376ce3448b04,2026-07-07 17:00:57.112,deny,"Dark background album cover featuring ""THE CONNELLS"" in multicolored block letters at top and ""SET THE STAGE"" below. Central hand-drawn illustration shows musical instruments (guitars, drums, amplifier) arranged on a stage platform.",1,,,Central are musical instruments arranged on a stage platform. Dark background album and multicolored text at the top and bottom.,0,"The illustrated stage setup includes several instruments and amplifiers, but overlapping outlines make it difficult to confidently count the exact number of guitars and confirm each instrument type.","[""ambiguous main visual element""]"
557,820c9eb2-cf93-403a-b57b-fa8ff545d05d,2026-07-07 17:08:20.391,deny,"A dense black-and-white collage illustration filled with intricate hand-drawn elements including trees, musical instruments, and abstract shapes. The band name 'ELF POWER' appears in bold uppercase text at the top center, while 'Artificial Countrysides' is displayed below in stylized lettering.",1,,,"Dense monochrome collage with trees, instruments, and shapes. ""ELF POWER"" and ""Artificial Countrysides"" text also appears.",0,"The illustration is densely packed with dozens of small figures, trees, and shapes rendered in fine monochrome linework, making it impossible to confidently identify or enumerate each individual element.","[""ambiguous main visual element"", ""complex image with mixed media"", ""highly abstract artwork""]"
562,c98a1b10-5d5c-498b-a0b0-7c565938b0dc,2026-07-07 18:01:47.625,deny,"Album cover displays large white brushstroke text spelling ""Soul Food"" over a teal and yellow halftone background pattern. Smaller yellow text below reads ""CHRISTOPHER PARKER & THE BAND OF GUARDIAN ANGELS"".",1,,,"Large white brushstroke text spelling ""Soul Food"" over a teal and yellow halftone background pattern.",0,"The large brushstroke text partially overlaps a faint city skyline silhouette in the background, making it difficult to confidently identify specific buildings or landmarks depicted.","[""ambiguous main visual element"", ""highly abstract artwork""]"
567,6f5e571a-b9d6-4c61-b2a6-aa26931ff33d,2026-07-07 18:18:23.771,deny,"A square red maze with a central red human figure standing amidst its paths, bordered by red diamond patterns against a light beige background.",1,,,"A square red maze with a central red figure standing, bordered by red diamond patterns against a light beige background.",0,"A small silhouetted figure stands at the center of an intricate maze pattern; the figure's pose, clothing, and identity cannot be confidently determined due to its small scale and flat rendering.","[""ambiguous main visual element"", ""highly abstract artwork"", ""possible person misidentification""]"
568,8ffb51dc-b18b-4455-9c3e-b44d65078fe3,2026-07-07 23:00:08.604,deny,"The album cover features a close-up photograph of cave stalactites and stalagmites in earthy brown, green, and white tones with varied textures; top-right text displays ""MOTTE"" above ""COLD + LIQUID"".",1,,,"Close-up photograph of cave stalactites and stalagmites in earthy brown, green, and white tones.",0,"While the icicle-like or mineral formations are visually striking, it is unclear from the close-up framing whether they are ice, stalactites, wax, or another translucent material.","[""ambiguous main visual element""]"
569,e15c76f5-dc48-4225-b200-69ef8f23e94e,2026-07-08 09:23:29.185,deny,"Pastel sunset sky with bright central sun illuminating pink-lavender clouds; dark textured foliage on left side. Handwritten-style text displays ""Emma Geiger"" top-right and ""REVERSE BLOOM"" vertically along right edge.",1,,,Sunset sky with bright central sun illuminating pink-lavender clouds; dark textured foliage on left side.,0,"While the sky and clouds are clear, it is uncertain whether the bright central light source depicts the sun or the moon, and the dark foliage in the foreground is too underexposed to identify the specific plant species.","[""ambiguous main visual element"", ""bad image quality"", ""unclear visual focus""]"
570,a087455b-5e82-4f6e-8448-738f365b2152,2026-07-08 09:27:04.408,deny,Abstract psychedelic collage featuring blurred musical figures with an electric guitar; dominant yellow and dark gray color palette; white rectangular text box in upper right contains illegible small print.,1,,,Blurred musical figures with an electric guitar; dominant yellow and dark gray color palette. white text box in upper right.,0,"The performers are rendered in heavy motion blur and double-exposure, making it impossible to confidently count the number of musicians or identify their individual actions, and the small text in the white box is too fine to transcribe with confidence.","[""ambiguous main visual element"", ""bad image quality"", ""cannot read text confidently"", ""unclear visual focus""]"
578,7b5cc499-bddd-4d6f-80f4-0c7bde4bd757,2026-07-08 10:06:57.921,deny,"Red background with white text ""Kevn Kinney"" at top and ""Think About It"" at bottom. Central sketchy illustration of a car outline with figures, abstract shapes (pink/black), and a small yellow object.",1,,,"An illustration of a car outline with people, pink/black shapes, and a small yellow object. Red background with white text around.",0,"The illustration's various figures and objects are rendered in a loose, minimal outline style, making it difficult to confidently identify the small yellow object or the exact actions of the people depicted near the car.","[""ambiguous main visual element"", ""complex image with mixed media""]"
581,dca4efeb-52ed-4b52-9281-351fdb261359,2026-07-08 10:09:04.864,deny,A silhouetted figure in dark clothing wears an elaborate blue-and-white animal skull mask against a sunset sky of pink and blue hues reflecting on water below.,1,,,Silhouetted figure wears an elaborate animal skull mask against a sunset sky of pink and blue hues.,0,"The figure's silhouette and elaborate horned skull mask are clear in outline, but the specific animal species the skull belongs to and the material of the mask cannot be confidently identified against the bright, backlit sunset sky.","[""ambiguous main visual element"", ""bad image quality""]"
588,89fca6b9-647f-40d8-86e9-1561903e8946,2026-07-08 10:21:53.583,deny,"Album cover featuring abstract line art of thin green, red, and blue lines clustered and scattered across a white background; printed text ""Ryuichi Sakamoto"" and ""12"" appears in the top right corner.",1,,,"Line art of thin green, red, and blue lines clustered and scattered across a white background.",0,"The sparse scribbled line clusters have no representational form, so beyond describing their color, density, and general arrangement, no further confident interpretation of subject matter is possible.","[""highly abstract artwork""]"
590,16a57e15-9ba2-4c98-ba6d-d6645c708c3e,2026-07-08 10:23:59.349,deny,"The album cover shows a modernist white and black geometric building surrounded by dense green foliage, with pink-hued trees in the background; the text ""SWANSEA SOUND TWENTIETH CENTURY"" appears at the top in gold lettering.",1,,,A modernist gray cubic building with dense green foliage in front and pink-hued plants image in the background.,0,"The gray modernist building's precise architectural details are partially obscured by the dense green foliage in the foreground, and the pink-toned plant texture in the background cannot be confidently identified as a specific species.","[""ambiguous main visual element"", ""bad image quality"", ""highly abstract artwork"", ""unclear visual focus""]"
591,27f8dd61-9fea-4702-b29f-c72128ec0c89,2026-07-08 10:24:04.863,deny,"Black-and-white collage of figures surrounding a large textured circular emblem; bold red ""SICKRECY"" lettering overlays the top, while ""Salvation Through Tyranny"" is printed in grey text repeating on all sides and top/bottom.",1,,,Black-and-white collage of figures surrounding a large textured circular image of teeth. Red lettering above this.,0,"The small photographic figures surrounding the central image are heavily halftoned and low-resolution, making it difficult to confidently identify their clothing, actions, or whether they represent religious or ritual figures.","[""bad image quality"", ""complex image with mixed media"", ""possible person misidentification""]"
592,f9669b72-0fe3-4a5e-aab9-67e602fd3cb2,2026-07-08 10:25:53.954,deny,"An illustrated scene of five people gathered in an ornate interior room featuring a large mirror with hanging flowers, red-candled mantel, and period-style furnishings.",1,,,Illustrated scene of five people gathered in an ornate interior room. The image is on grass with a dark background.,0,"The photograph shows five people in an ornate interior-style room staged outdoors on grass, but the dim lighting and reflective surfaces make it difficult to confidently identify each person's specific pose, expression, or the exact objects on the surrounding tables.","[""ambiguous main visual element"", ""bad image quality"", ""possible person misidentification""]"
594,9f73ac3e-43c6-4095-92ae-6af5a26112eb,2026-07-08 10:28:29.982,deny,"The album cover features a monochrome collage composed of grid-like square sections, each containing fragmented textures or partial imagery in high-contrast black and white.",1,,,"Monochrome collage composed of grid-like square sections, each containing fragmented imagery.",0,"The image is fragmented into a grid of small black-and-white squares, each containing a disconnected piece of a larger photograph; the fragments cannot be confidently reassembled into a single identifiable subject.","[""ambiguous main visual element"", ""complex image with mixed media"", ""highly abstract artwork""]"
598,66efd503-d9f5-490e-ae87-35c187bf4021,2026-07-08 10:30:13.305,deny,"A minimalist album cover featuring a circular arrangement of illegible, dark gray stylized letterforms on a light gray grid background. The typography forms an incomplete ring with flowing, distorted characters against a plain, subtly textured surface.",1,,,"Gray grid background with circular, distorted “social engineering” text split with its bottom half offset, making it hard to read.",0,"The title text is arranged in a circular ring with the bottom half rotated upside-down relative to the top, making it necessary to read it in two separate mirrored passes rather than confidently as a single line.","[""cannot read text confidently"", ""complex image with mixed media"", ""highly abstract artwork""]"
600,312c926b-3273-4d31-8bd5-fb1170f15181,2026-07-08 10:31:49.162,deny,"Abstract mixed-media collage featuring interwoven black, white, beige, and brown textures forming chaotic organic patterns.",1,,,"Abstract mixed-media collage featuring interwoven black, white, beige, and brown textures forming chaotic organic patterns.",0,"The composition's interwoven organic textures resemble natural materials such as bark, fabric, or foliage, but the exact material and any underlying representational subject cannot be confidently identified.","[""ambiguous main visual element"", ""complex image with mixed media"", ""highly abstract artwork""]"
649,93cf02a2-3396-4015-afcc-41073855ea25,2026-07-11 17:48:14.236,deny,Nighttime photograph showing a basketball court enclosed by chain-link fencing; warm-toned streetlights illuminate a silhouetted figure mid-throw beside a bench under misty conditions.,1,,,Nighttime photo of a fenced basketball court with a figure doing a full court shot under streetlights in mist weather.,0,"The misty, low-light conditions make it difficult to confidently identify the distant figure's specific pose, clothing, or facial features on the basketball court.","[""ambiguous main visual element"", ""bad image quality"", ""possible person misidentification"", ""unclear visual focus""]"
610,04b1ad03-017b-4b2d-a741-f9b19bde934f,2026-07-08 10:38:10.71,deny,"A mixed-media collage of torn black-and-white photographic fragments showing close-ups of human eyes overlaid on a fragmented blue and red background; the text ""MATANA ROBERTS COIN COIN CHAPTER FIVE: IN THE GARDEN"" appears in bold uppercase at the top.",1,,,Collage of torn black-and-white photographs of human eyes overlaid on a fragmented blue and red background.,0,"The torn photographic fragments depict several human eyes at different scales and angles, but it cannot be confidently determined whether they belong to the same person or multiple different individuals.","[""ambiguous main visual element"", ""complex image with mixed media"", ""possible person misidentification""]"
615,803410b9-2dfc-40e8-97b7-45132f0042e5,2026-07-08 10:41:22.711,deny,Abstract cover features a glowing white wireframe deer figure amid dark tree silhouettes against a deep purple and blue gradient background with hints of green.,1,,,Abstract art of a glowing white wireframe humanoid deer amid dark trees on a purple-blue gradient background with hints of green.,0,"The glowing wireframe figure combines humanoid and deer-like features (including antlers), but whether it represents a person, an animal, or a hybrid mythological being cannot be confidently determined.","[""ambiguous main visual element"", ""highly abstract artwork"", ""possible person misidentification"", ""possible symbolic interpretation"", ""unclear visual focus""]"
619,75fc7929-4ed1-4c90-aaf2-f40231e1d55e,2026-07-08 10:44:15.672,deny,"The album cover features 'Stella Kola' in large, ornate calligraphic lettering above stylized text; decorative elements include colorful floral motifs, birds, and houses on a white background with a patterned border.",1,,,"""Stella Kola"" in large, ornate calligraphic lettering; surrounding are colorful flowers, birds, and houses on a white background.",0,"The ornate calligraphic title and the smaller decorative text beneath it are rendered in a dense, flourish-heavy script that is difficult to confidently transcribe in full.","[""ambiguous main visual element"", ""cannot read text confidently"", ""highly abstract artwork""]"
623,5af7b33e-34a5-4bc4-98f3-aff48f4fb634,2026-07-08 10:51:32.442,deny,"Album cover featuring five wine glasses and a bottle arranged in teal-toned collaged composition against an orange background, styled as grainy vintage photocopy. Text reads 'V' at top center, with upside-down ""FIVE OF CUPS"" below the reflections and mirrored ""HOLY WAVE"" text beneath.",1,,,Five drink glasses arranged in an orange and teal toned compostion. Bordered with orange.,0,"The five glassware items are arranged with overlapping reflections and shadows in a duotone color treatment, making it difficult to confidently distinguish the exact shape and type of each individual glass.","[""ambiguous main visual element"", ""bad image quality""]"
627,7a324fac-a896-4297-a108-dcb23565a6ce,2026-07-08 10:56:14.455,deny,Stylized golden sunburst rays encircle a central red phoenix set within concentric green and red circular patterns; above the phoenix is an all-seeing eye in a triangle against a black background.,1,,,Red phoenix set within green and red circular patterns with golden rays extending out. Above is an eye in a triangle.,0,"The composition combines a phoenix-like bird, radiating golden rays, and an eye-within-a-triangle symbol; the specific mythological or symbolic tradition these elements reference cannot be confidently identified.","[""cultural or historical reference needed"", ""highly abstract artwork"", ""possible symbolic interpretation""]"
640,f0218845-6993-493b-9ed2-e885dac8b77b,2026-07-08 12:04:49.827,deny,"Monochrome photographic collage featuring two overlapping human profile faces in black and white, with layered composition and textured skin tones.",1,,,"Black-and-white photo of two overlapping faces; the top one is a side profile from nose to mouth, the bottom shows eyes to mouth.",0,"Two faces are tightly overlapped and cropped so closely that only partial features (noses, mouths, an eye) are visible, making it impossible to confidently determine each person's full expression or identity.","[""possible person misidentification"", ""unclear visual focus""]"
667,6a674cb5-3c4e-438b-83cc-6aeef06697fd,2026-07-11 21:06:03.041,deny,"Silhouettes of two people and a dog walk along a sandy beach toward calm water under a pale sky in a minimalist photograph. Text at top reads ""Six Organs of Admittance"" left and ""Time is Glass"" right in handwritten script.",1,,,Silhouettes of two people and a dog walk on a sandy beach along calm water under a pale sky in a minimalist photograph.,0,"The figures are reduced to small, distant silhouettes against the pale sky and sand, making it impossible to confidently determine their individual features, clothing, or exact number beyond two people and a dog.","[""bad image quality"", ""possible person misidentification""]"
641,b4494237-c435-4b12-992c-27ca42867636,2026-07-08 12:15:08.628,deny,"The album cover features two individuals at a desk surrounded by circuit boards and abstract tech elements, with a rocket launch in the background; displays ""ITS Integrated Tech Solutions"" logo (top), ""Aesop Rock"" text (bottom), and employs a surreal digital collage style.",1,,,"Abstract collage of two people look at an old computer, lab flasks, circuit boards, space shuttle, a person meditating in space.",0,"The dense retro-futuristic collage combines numerous unrelated technological and scientific imagery; the specific narrative or thematic connection between the computer scene, the space shuttle, and the meditating figure cannot be confidently determined.","[""ambiguous main visual element"", ""complex image with mixed media"", ""highly abstract artwork"", ""possible symbolic interpretation"", ""unclear visual focus""]"
645,c42239b9-cbc5-4e38-8cd4-71fc899496ac,2026-07-11 17:30:40.261,deny,"Monochrome illustration of a gas-masked figure with long curly hair holding a skeletal infant against a radiating sunburst background; below, stylized ""SUCKLING"" text appears with smaller ""AUSTIN TEXAS"" lettering beneath it.",1,,,Black and white image of a gas-masked figure breastfeeding a skeletal infant against a radiating sunburst background.,0,"The illustration depicts a partially nude, gas-masked figure breastfeeding a skeletal infant, with human skulls positioned at the sides; the surreal and unsettling nature of this imagery requires careful human review rather than automated description.","[""possible symbolic interpretation"", ""sensitive or indecent content""]"
647,ba791237-cf55-4308-bf39-319a386d9104,2026-07-11 17:37:51.989,deny,"An abstract collage illustration featuring vibrant, fragmented geometric and organic shapes in yellow, blue, purple, red, green, and brown, forming a vase-like structure with foliage against a pale background.",1,,,Abstract collage of colorful geometric and organic shapes forming a vase-like / face mask like with foliage on a pale background.,0,"The colorful geometric shapes combine to suggest either a vase, a mask, or a face-like form with foliage, but which interpretation is correct cannot be confidently determined.","[""ambiguous main visual element"", ""complex image with mixed media"", ""highly abstract artwork"", ""possible symbolic interpretation""]"
655,ae1d5c8f-7989-4170-8c93-77e940bb34b6,2026-07-11 18:11:56.947,deny,"A large, abstract hand-shaped collage against a solid blue background, featuring vibrant red, yellow, and green patterns with scattered black and white elements in a mixed-media style.",1,,,"Abstract hand-shaped collage with red, yellow, and green patterns resembling human, birds figures, lines; on a blue background.",0,"The hand-shaped silhouette is filled with numerous small overlapping figures and patterns resembling people, birds, and abstract lines, none of which can be confidently identified individually given their small scale and dense overlap.","[""ambiguous main visual element"", ""complex image with mixed media"", ""highly abstract artwork"", ""possible person misidentification"", ""unclear visual focus""]"
656,b86a131d-5490-41f9-9655-20f67096bc80,2026-07-11 18:18:34.62,deny,"A surreal illustration depicts a winged figure emitting golden light into a red rocky cliff beneath a blood-red sun; dominated by deep reds, textured rock surfaces, top-left diamond logo (skull + 'SP'), and text ""Of the Sign..."" at bottom right.",1,,,Surreal abstract image of a red winged figure on a red ground receiving a golden substance from a figure in a red rocky cliff.,0,"The golden beam connecting the winged figure to the face within the cliff face could represent light, energy, or a substance being transferred; its exact nature and symbolic meaning cannot be confidently determined.","[""ambiguous main visual element"", ""highly abstract artwork"", ""possible symbolic interpretation"", ""unclear visual focus""]"
658,b1e70c80-9c4d-4714-ae3e-49109dd06715,2026-07-11 20:38:47.58,deny,"A large soap bubble reflects colorful stained-glass windowpanes with birds against a dark background. Handwritten text reads ""Jana Horn"" at top left and ""the window is the dream"" at bottom.",1,,,"A large soap bubble reflects colorful stained-glass windowpanes with birds and a nature background, against a dark background.",0,"The reflections within the bubble's curved surface are distorted and fragmented, making it difficult to confidently determine the exact scene or number of windows being reflected.","[""ambiguous main visual element"", ""bad image quality""]"
659,91cb9d0f-d252-4b92-8d3d-530da14e4324,2026-07-11 20:43:07.879,deny,"A figure with long purple hair holds a magnifying glass showing a ladybug; pink banner reads ""IN CONSTANT SPECTACLE"" amid flowers and birds in pastel-colored illustrative collage style.",1,,,"A long purple haired figure holds  a magnifying glass as O in text ""LOVE"" showing a ladybug amid flowers and birds.",0,"The magnifying glass held by the figure doubles as the letter 'O' in the title text, and it is unclear whether additional small details are visible through the lens beyond the ladybug, given the low image resolution in that area.","[""complex image with mixed media"", ""highly abstract artwork"", ""unclear visual focus""]"
662,6de23cb0-2d7e-41ed-a75e-80131e33b770,2026-07-11 20:52:04.78,deny,"Stylized white ""UNLEASH"" text in pixelated lettering at top; below, two surreal creatures (pink with horns and claws, blue with elongated limbs) clash dynamically against solid black background.",1,,,"Two surreal Pokémon-like creatures, pink biting a blue one’s neck, on a black background with white “UNLEASH” text at the top.",0,"The two intertwined creature designs resemble stylized dragons, but their exact species, whether the interaction depicted is aggressive or playful, and anatomical details cannot be confidently determined from the flat illustration style.","[""ambiguous main visual element"", ""highly abstract artwork""]"
665,2fcd2213-b7ba-4017-9722-052a70ac083d,2026-07-11 21:00:54.363,deny,"A black-and-white album cover features a square-framed hand-drawn tree illustration with eye-shaped branches on striped lines. Vertical text reads ""AD383"" and ""SCHMIDT-SWARTZ / SAXSQUATCH"", alongside an ""ALREADY DEAD TAPES"" logo.",1,,,A square frame on white background with minimalist hand-drawn tree with eye-shaped leaves on striped lines. Text around the frame.,0,"The tree's leaves are drawn as individual stylized eyes, and the small text encircling the square frame is handwritten and cursive, making it difficult to confidently transcribe in full.","[""cannot read text confidently"", ""highly abstract artwork"", ""possible symbolic interpretation""]"
666,9a6d055e-e7fb-473a-8133-9a70dae4ec40,2026-07-11 21:03:32.612,deny,"Vibrant album cover with ""SEASONS OF THE ROAD"" in green stylized letters at top, red roses scattered on pink background; middle displays ""ALSARAH AND THE NUBA TONES"" text over orange floral patterns and Arabic script below.",1,,,"Vibrant colorful image; roses scattered on pink orange background with ""SEASONS OF THE ROAD"" up and Arabic text down on green.",0,"The Arabic text at the bottom is rendered in a glowing, stylized script that is difficult to confidently transcribe, and the dense scattering of roses makes it hard to confidently count the individual flowers.","[""cannot read text confidently"", ""complex image with mixed media"", ""highly abstract artwork""]"
668,2c3c7ef4-6702-4ce8-8578-cd475466af6e,2026-07-11 21:10:14.631,deny,"Stylized illustration of two profile figures against a vibrant red background with green leaf patterns; one figure has black-and-white coloring (hair and clothing), the other wears a yellow dress with light brown hair.",1,,,"Abstract stylized illustration of two profile figures on a red background with green leaves, one wears black, the other yellow.",0,"The two profile figures are rendered in flat, high-contrast color blocks with minimal facial detail, making it difficult to confidently determine their individual expressions or specific features beyond outline and color.","[""ambiguous main visual element"", ""highly abstract artwork"", ""possible person misidentification""]"
672,5be8ff29-ac41-441f-8471-a63c973d99e3,2026-07-11 21:19:43.608,deny,"A monochrome album cover features stylized text reading ""DEMONIZED"" at the top above layered square frames; within them, a hooded figure leans over a distorted face with tooth-like shapes.",1,,,Black and white image with square frame in which a hooded abstract figure leans over a distorted face with tooth-like shapes.,0,"The hooded figure leans over a lower shape with jagged, tooth-like protrusions whose exact identity (e.g., a mouth, a cave, or an abstract form) cannot be confidently determined.","[""ambiguous main visual element"", ""highly abstract artwork"", ""possible person misidentification""]"
679,b632c6bd-f340-4c26-80cf-44e2a981f661,2026-07-11 21:41:12.11,deny,"Dark purple background features a central pink circular design with black line and dot patterns. Red text reads ""CHAD TAYLOR TRIO"" at top, light purple ""featuring Brian Settles & Neil Podgurski"", and red ""THE REEL"" at bottom.",1,,,Dark purple background; abstract central pink circular design with black line and dot patterns. Album artist names up and down.,0,"The circular design combines fine dot-work and linework in a mandala-like pattern with no representational subject, so only its general shape, symmetry, and color can be confidently described.","[""highly abstract artwork"", ""possible symbolic interpretation""]"
683,80e388bd-c5a1-431c-9a83-9b33278ecd3e,2026-07-11 21:48:37.851,deny,"Orange background with large, zebra-striped red floral shapes outlined in white dots. A purple circular badge in top-left contains ""FIND YOUR FLAME"" and ""NUBIYAN TWIST"" in white sans-serif text.",1,,,"Orange background; abstract large, zebra-striped red floral shapes outlined in white dots. Top left circle has album artist name.",0,"The large floral shapes are patterned with fine zebra-like striping, but whether they depict a specific flower species or a purely decorative abstract motif cannot be confidently determined.","[""ambiguous main visual element"", ""highly abstract artwork""]"
686,c5c282a7-0172-4ebc-9942-b955ed90d975,2026-07-11 21:56:38.218,deny,"Album cover features a dense collage of layered posters and stickers in blue, white, and brown tones. Top text reads ""MAZZARELLA / HÅKER FLATEN / RA"" in white; bottom states ""WHAT YOU SEEK IS SEEKING YOU"" in blue uppercase letters.",1,,,"Dense collage frame of layered posters and stickers in blue, white, and brown tones, on black background with text around.",0,"The heavily layered and torn posters obscure most individual text fragments and images beneath newer layers, making it impossible to confidently identify any single poster's original content.","[""bad image quality"", ""complex image with mixed media""]"
688,f3d76437-693c-484c-8b19-11a8f0d8e0ac,2026-07-11 22:02:55.94,deny,"Monochrome hand-drawn collage featuring dense abstract lines, geometric shapes, scattered handwritten text, and a stylized eye illustration; prominently displays ""asher gamedze"" and ""turbulence and pulse"" in casual script.",1,,,"Black and white hand-drawn collage like a map, with dense abstract lines, geometric shapes, scattered handwritten text.",0,The map-like drawing contains scattered handwritten text fragments throughout the composition that are too small and stylized to confidently transcribe.,"[""cannot read text confidently"", ""complex image with mixed media"", ""highly abstract artwork"", ""unclear visual focus""]"
691,d7b148fa-6922-40d7-92da-6ca4dfb60485,2026-07-11 22:10:37.395,deny,"Album cover features a dense black-and-white photo collage of people in musical poses (playing instruments, singing into microphones). Bold red ""BUSH TETRAS"" text appears top-left; central pink bands display white title text: ""RHYTHM AND PARANOIA: THE BEST OF BUSH TETRAS"".",1,,,"Black-and-white dense collage lots of people's photo in musical poses (playing instruments, singing into microphones etc).",0,"The collage layers dozens of small, overlapping photographs of people performing, making it impossible to confidently count or individually identify each person depicted.","[""complex image with mixed media"", ""possible person misidentification"", ""unclear visual focus""]"
695,2801aa48-89be-45fb-9892-6cc87c58ae68,2026-07-11 22:22:59.333,deny,"Bold ""SCIVIC RIVERS"" in yellow-gold lettering appears at the top against a vivid red sky; below are dark tree silhouettes and angular building structures with faint streetlights visible beneath.",1,,,"Vivid red sky, below which is a angular blur on a road with car headlights on, streetlights, and big trees.",0,"The dark angular shapes overlaid across the lower portion of the image could represent architectural silhouettes, roadway markings, or an abstract graphic overlay; their exact nature cannot be confidently determined.","[""ambiguous main visual element"", ""bad image quality"", ""unclear visual focus""]"
697,6663ef01-8d1a-4eba-a1e9-a1c973808c51,2026-07-11 22:29:19.744,deny,"Collage-style album cover with pink background featuring blue coastal rock formations surrounding a headless classical statue topped with coral branches; white text ""QUIVERS"" top right, ""Oyster Cuts"" below.",1,,,"Pink background with collage of a headless classical statue topped with coral branches, 3 other parts with textured shapes.",0,"The headless classical statue is topped with coral-like branches in place of its head, and the three surrounding fragments show abstract textured surfaces whose exact material or origin cannot be confidently identified.","[""ambiguous main visual element"", ""bad image quality"", ""complex image with mixed media"", ""highly abstract artwork""]"
703,6c382b7a-a792-482c-9bd7-3f4e4482770e,2026-07-11 22:53:03.358,deny,"Black-and-white album cover with a central Polaroid-style photo of a person in dark clothing. Handwritten text below reads ""JAY JAY JOHANSON FETISH,"" surrounded by roses and stacked papers.",1,,,"Black-and-white with a central Polaroid-style photo of an old man in dark clothing, roses and stacked papers around photo.",0,"While the central Polaroid photo of the man is clear, the small clustered paperclips and stacked papers surrounding it are too indistinct to confidently identify their exact content or purpose.","[""ambiguous main visual element"", ""unclear visual focus""]"
708,14855431-44bf-4fbe-818b-2671ebac1092,2026-07-11 23:19:45.511,deny,"Abstract album cover featuring bold geometric shapes and flowing lines in bright red, blue, green, orange, and white against a dark background; ""ALIEN NOSEJOB"" arched top text and ""PAINT IT CLEAR"" below in matching style.",1,,,"Abstract image with bold geometric shapes and flowing lines in bright red, blue, green, orange, and white on a dark background.",0,"The composition consists purely of abstract geometric shapes and flowing lines with no representational subject, so beyond describing the shapes and vivid color palette, no further confident interpretation is possible.","[""highly abstract artwork""]"
710,07c36e4b-1866-401c-b74f-dd0d6ce0c9f5,2026-07-11 23:23:42.079,deny,"Collage album cover featuring large stylized purple eye, cutout figures of people, and block-letter text: ""ORGANOS,"" ""SECOND SIGHT,"" ""NO ONE MIND,"" and ""WATCHING THE WORLD (FALL OUT OF LOVE)"" on a beige background.",1,,,"Abstract collage on beige background with 2 large stylized purple eye, cutout figures of people, and block-letter text.",0,"The collage overlays two large stylized eye graphics onto cutout photographs of two people, making it difficult to confidently determine the relationship between the eyes and the human figures or whether the eyes belong to either person.","[""ambiguous main visual element"", ""complex image with mixed media"", ""highly abstract artwork"", ""possible person misidentification""]"
711,d1c8f239-9292-4a82-aeaa-ce3c56f88589,2026-07-11 23:26:26.39,deny,"Surreal digital artwork featuring a bubble-shaped circle with iridescent purple and green gradients. A tall pink draped figure stands beside a dark blue sphere; ""EXECUTIONERS MASK"" appears in white stylized text at the top.",1,,,Abstract art with a bubble-shaped circle with purple green gradients; a tall pink draped figure stands beside a dark blue sphere.,0,"The tall pink draped figure's face and form are fully concealed by fabric, making it impossible to confidently determine whether it depicts a person, a statue, or another entity.","[""ambiguous main visual element"", ""highly abstract artwork"", ""possible person misidentification""]"
712,793916da-1316-4950-8fc7-0f739d157c19,2026-07-11 23:34:46.76,deny,"A tattooed person in a cap holds a large firearm while seated cross-legged on wood in a monochrome photo with dark, smoky background.",1,,,"A woman with a tattoo-like shirt, holds a handgun, seats cross-legged on wood in a monochrome photo with dark smoky background.",0,"The smoky, low-contrast lighting obscures fine detail on the woman's tattoo-like clothing and the object she is holding, though it appears to resemble a handgun, which may warrant additional human review.","[""ambiguous main visual element"", ""bad image quality"", ""sensitive or indecent content"", ""unclear visual focus""]"
715,631c4408-15e4-4cc0-b523-52139ee9a511,2026-07-11 23:43:25.964,deny,"Abstract painted artwork with a pink background overlaid by dense dark green scribbled strokes; two birds (a yellow bird and an orange/black bird) perched amid vibrant red, white, and yellow floral shapes and loose brushstrokes.",1,,,"Abstract art with pink back overlaid by dense dark green scribbled strokes and two birds, bellow colorful flowers.",0,The dense green scribbled strokes contain small embedded red text fragments scattered throughout that are too overlapped and stylized to confidently transcribe.,"[""cannot read text confidently"", ""highly abstract artwork"", ""unclear visual focus""]"
